<?xml version="1.0" encoding="UTF-8"?><!-- University Archives, Indiana University, EAD template, 2003-02-25  -->
<ead xmlns="urn:isbn:1-931666-22-9" xmlns:xlink="http://www.w3.org/1999/xlink"
   xmlns:xsi="http://www.w3.org/2001/XMLSchema-instance"
   xsi:schemaLocation="urn:isbn:1-931666-22-9 http://www.loc.gov/ead/ead.xsd">
   <eadheader repositoryencoding="iso15511" langencoding="iso639-2b" audience="external"
      countryencoding="iso3166-1" dateencoding="iso8601" scriptencoding="iso15924"
      relatedencoding="dublincore" findaidstatus="edited-full-draft">
      <eadid countrycode="US" encodinganalog="identifier" mainagencycode="InU-Ar"
         identifier="InU-Ar-VAA1229">InU-Ar-VAA1229</eadid>
      <filedesc>
         <!-- This is a description of the electronic finding aid, not the original finding aid or the collection -->
         <!-- Make title "John Doe papers, 1919-1965" rather than "Papers of John Doe, 1919-1965" to eliminate potential confusion about the meaning of the dates -->
         <titlestmt>
            <titleproper encodinganalog="title"> Spectator records,<date normal="1966/1970" era="ce"
                  calendar="gregorian">1966-1970</date>
            </titleproper>
            <subtitle>A Guide to the Records at the Indiana University Archives</subtitle>
            <!--Author of finding aid; may differ from processor-->
            <author encodinganalog="creator">
               <lb/>Electronic finding aid encoded by Amanda Harlan</author>
         </titlestmt>
         <publicationstmt>
            <publisher encodinganalog="publisher">Indiana University Digital Library
               Program</publisher>
            <date encodinganalog="date" normal="2004" era="ce" type="publication"
               calendar="gregorian">© 2004</date>
         </publicationstmt>
      </filedesc>
      <profiledesc>
         <creation>
            <!--description of how the finding aid was created, for example: XML finding aid derived from
[paper by means of scanning and OCR] [OCR file edited for typographical errors before encoding]
[typescript by rekeying] [word processing program and version number]
[<extref href=""   title="" actuate="onrequest" show="new">HTML collection description</extref>]. -->
            <lb/>date of source: <date normal="2004-10-01" era="ce" type="source"
               calendar="gregorian">Oct. 1, 2004</date>
            <lb/>Finding aid encoded by Amanda Harlan, Indiana University Archives, <date
               normal="2004-10-01" era="ce" type="source" calendar="gregorian">Oct. 1, 2004</date>
         </creation>
         <!-- iso three-digit 639-2 value for @langcode can be found at http://www.loc.gov/standards/iso639-2/langcodes.html -->
         <langusage>Description is in <language scriptcode="Latn" encodinganalog="language"
               langcode="eng">English.</language>
         </langusage>
      </profiledesc>
      <!-- revisiondesc is required -->
      <!-- record when the finding aid is initiated in first 'change' element, with subsequent changes listed below the first, and the final 'change' element indicating date finding aid completed -->
      <revisiondesc>
         <change>
            <date normal="2004-10-01" era="ce" calendar="gregorian">October 1, 2004</date>
            <item>Encoded finding aid begun.</item>
         </change>
         <change>
            <date normal="2004-10-01" era="ce" calendar="gregorian">October 7, 2004</date>
            <item>Encoded finding aid completed.</item>
         </change>
         <change>
            <date normal="2004-10-25" era="ce" calendar="gregorian">October 25, 2004</date>
            <item>Revisions of encoded finding aid completed.</item>
         </change>
         <change>
            <date normal="2016-03-09">March 9, 2016</date>
            <item>Added link to digitized issues. Elizabeth Peters.</item>
         </change>
      </revisiondesc>
   </eadheader>
   <!-- the 'frontmatter' element is a wrapper that bundles prefatory text found before the start of the archival description <archdesc>. It focuses on the creation, publication, or use of the finding aid rather than information
about the materials being described. Examples include a title page, preface, dedication, and instructions for
using a finding aid. -->

   <archdesc audience="external" level="collection" type="inventory" relatedencoding="marc">
      <!-- @type value may alternatively be 'bulk' -->
      <!-- use the label attribute for these elements to determine what label is displayed -->
      <did>
         <head>Summary Information</head>
         <repository id="archives" encodinganalog="850" label="Repository">
            <corpname source="lcnaf"
               normal="Indiana University, Bloomington. Office of University Archives and Records Management"
               >Indiana University Office of University Archives and Records Management</corpname>
            <address>
                   <addressline>1320 East Tenth Street</addressline>
                   <addressline>Herman B Wells Library E460</addressline>
               <addressline>Bloomington, IN 47405-7000</addressline>
               <addressline>Phone: 812-855-1127</addressline>
               
               <addressline>Email: archives@indiana.edu</addressline>
                </address>
            <lb/>
            <extref xlink:href="http://www.libraries.iub.edu/archives"
               >http://www.libraries.iub.edu/archives</extref>
         </repository>
         <origination encodinganalog="130" label="Creator">
            <!-- may be <persname> with @encodinganalog value 100 or <corpname> with @encodinganalog value 110 -->
            <title encodinganalog="130">Spectator (Bloomington, Ind.)</title>
         </origination>
         <unittitle encodinganalog="245$a" label="Title">Spectator records,</unittitle>
         <unitdate encodinganalog="245$f" normal="1966/1970" era="ce" type="inclusive"
            calendar="gregorian">1966-1970, </unitdate>
         <unitdate encodinganalog="245$g" normal="1966/1968" era="ce" type="bulk"
            calendar="gregorian">bulk 1966-1968</unitdate>
         <unitid repositorycode="US-InU-Ar" countrycode="US" encodinganalog="099"
            label="Collection No.">C67</unitid>
         <physdesc encodinganalog="300$a$f" label="Extent">
            <extent>1.8 cubic feet</extent>
            <!-- if both linear feet and number of items included, separate by lb tag -->
         </physdesc>
         <langmaterial encodinganalog="546" label="Language">Materials are in <language
               encodinganalog="008/35-37" langcode="eng">English.</language>
         </langmaterial>
         <abstract encodinganalog="520 3" label="Abstract">The Spectator began its existence as a
            weekly student newspaper in January 1966, when it was recognized as a registered Indiana
            University organization by the I.U. Board of Student Publications. This charter was
            revoked by the university administation in 1968, but the paper remained in publication
            as an independent paper in Bloomington, Indiana until 1970. The collection consists of
            records of the Spectator organized in five series: operational, financial,
            correspondence, submissions, and newspaper issues.</abstract>
      </did>
      <accessrestrict encodinganalog="506$a">
         <head>Access Restrictions</head>
         <p>This collection is open for research.</p>
         <p>Advance notice is required.</p>
      </accessrestrict>

      <bioghist encodinganalog="545">
         <head>Administrative History</head>
         <p>The Spectator began its existence as a weekly student newspaper in January, 1966, when
            it was recognized as a registered Indiana University organization by the IU Board of
            Student Publications.</p>
         <p>The first issue was distributed on Saturday, February 5, 1966 under Robb Baker, the
            first editor. In the era of national protest over the war in Viet Nam, the Spectator
            espoused anti-war/anti-establishment positions. It also took an active interest in
            covering the arts, publishing poetry, graphic arts and published many book, film, music
            and theater reviews. During its life as an IU student publication, the newspaper was
            produced in consultation with IU faculty advisor Philip Wikelund and operated under the
            direction of two editors, both graduate students: Robb Baker, who served from January to
            May, 1966; and James Retherford, who served from September, 1966 through the spring
            semester of 1968, continuing after the paper lost its student publication status. Mike
            King served as editor of the independent publication from the fall of 1968 until at
            least 1969. From sometime in 1969 until the paper ceased publication in 1970, the
            Spectator ceased listing its staff by position, although Mike King continued to be
            listed as part of the staff.</p>
         <p>On September 20, 1967, the Spectator’s student organization status was revoked under the
            new “Non-Registration Policy”. This policy seems to have been instituted, in part, to
            prevent arbitrary discrimination against certain organizations. But the Spectator and
            more than fifty other organizations’ right to use university facilities and services
            were revoked under the terms of the “Non-Registration Policy” as having no
            “fiscal-legal” relationship to the University. Publication continued throughout the Fall
            Semester as a non registered student publication as Retherford contended with the IU
            administration over office space. Under duress, the newspaper finally vacated its IU
            facilities on December 20, 1967 and the newspaper was forced off the Indiana University
            Bloomington campus. Beginning in September 1967, Retherford and the Spectator coped with
            the repeated loss of printing services and alleged that the Indiana University
            administration pressured printers to refuse to print the newspaper.</p>
         <p>James Retherford continued as editor after the move and the Spectator resumed
            publication on February 5, 1968. Later that spring the newspaper established itself as
            an independent underground publication. With the criminal prosecution of Retherford for
            alleged Selective Service violations (later overturned on appeal), he left Bloomington
            in the summer of 1968, eventually arriving in NYC to participate in the development of
            his appeals defense over the convictions. Mike King became editor in the fall of 1968
            and the Spectator continued publication until December, 1970, when it ceased to
            exist.</p>
      </bioghist>
      <!-- element organization deprecated in DTD version 2002; @encodinganalog may be used to differentiate between 351 subfield a (organization) and subfield b (arrangement). -->
      <arrangement encodinganalog="351$x">
         <head>Arrangement</head>
         <p>Organized into five series: Operational, Financial, Correspondence, Submissions, and
            Newspaper issues.</p>
      </arrangement>

      <!-- required for collection level; optional for lower levels -->
      <scopecontent encodinganalog="520 2">
         <head>Scope and Content Note</head>
         <p>This collection consists of files documenting the editorial and operational aspects of
            the Spectator newspaper from 1966-1967, its first two years of operation when the
            Spectator was a registered Indiana University organization. Also included is a reference
            copy of most Spectator newspaper issues printed from February 5, 1966, to December 14,
            1970. (No editorial and operational documentation exists for 1968 to 1970, the period
            the Spectator operated off-campus as an independent publication.) The Operational series
            includes distribution records, layouts, and original art proofs. The Financial series
            includes budgets, balance reports, expense records, invoices, and donor lists (primarily
            for 1966) and distribution ledger pages. The Correspondence series includes
            miscellaneous letters of commendation, complaint, and some about policy and issue
            matters. They are organized alphabetically by author’s name within the specified
            folders. Some are marked up for typeset. The Submissions series contains article and
            essay submissions as well as related letters and notes sent and received. The documents
            are organized alphabetically by author’s name. Most are marked up for typeset. The
            Newspaper Issues series contains copies of all but five issues published from Feb. 5,
            1966, to December 24, 1970.</p>
      </scopecontent>
      <!-- recommended; this information would be included for marc amc record -->
      <!-- should include all personal and corporate names, and subject headings -->
      <controlaccess>
         <head>Indexing Terms</head>
         <p>The following terms have been used to index the description of this collection in
               <extref xlink:href="http://www.iucat.iu.edu">IUCAT</extref>, the IU Libraries' online
            catalog. Materials about related topics, persons or places can be found by searching the
            catalog using these terms. </p>
         <controlaccess>
            <head>Names</head>
            <list>
               <item>
                  <extref
                     xlink:href="http://purl.dlib.indiana.edu/iudl/iucat/Indiana+University+Students{su}">
                     <corpname encodinganalog="610" source="lcnaf" role="subject">Indiana University
                        --Students --Archives.</corpname>
                  </extref>
               </item>
               <item>
                  <extref
                     xlink:href="http://purl.dlib.indiana.edu/iudl/iucat/Indiana+University+Students+Periodicals{su}">
                     <corpname encodinganalog="610" source="lcnaf" role="subject">Indiana University
                        --Students --Periodicals.</corpname>
                  </extref>
               </item>
               <item>
                  <extref xlink:href="http://purl.dlib.indiana.edu/iudl/iucat/Retherford+James{su}">
                     <persname encodinganalog="600" source="lcnaf" role="subject">Retherford,
                        James.</persname>
                  </extref>
               </item>
               <item>
                  <extref xlink:href="http://purl.dlib.indiana.edu/iudl/iucat/Baker+Rob{su}">
                     <persname encodinganalog="600" source="lcnaf" role="subject">Baker,
                        Rob.</persname>
                  </extref>
               </item>
               <item>
                  <extref xlink:href="http://purl.dlib.indiana.edu/iudl/iucat/King+Michael+John{su}">
                     <persname encodinganalog="600" source="lcnaf" role="subject">King, Michael
                        John.</persname>
                  </extref>
               </item>
            </list>
         </controlaccess>
         <controlaccess>
            <head>Topics</head>
            <list>
               <item>
                  <extref
                     xlink:href="http://purl.dlib.indiana.edu/iudl/iucat/College+students+Indiana{su}">
                     <subject encodinganalog="650" source="lcsh">College students --Indiana
                        --Bloomington --Archives. </subject>
                  </extref>
               </item>
               <item>
                  <extref
                     xlink:href="http://purl.dlib.indiana.edu/iudl/iucat/College+students+writings+American+Indiana{su}">
                     <subject encodinganalog="650" source="lcsh">College students' writings,
                        American --Indiana --Bloomington.</subject>
                  </extref>
               </item>
               <item>
                  <extref
                     xlink:href="http://purl.dlib.indiana.edu/iudl/iucat/College+publications+Indiana{su}">
                     <subject encodinganalog="650" source="lcsh">College publications --Indiana
                        --Bloomington --History --20th century --Sources.</subject>
                  </extref>
               </item>
               <item>
                  <extref
                     xlink:href="http://purl.dlib.indiana.edu/iudl/iucat/Student+newspapers+and+periodicals+Indiana{su}">
                     <subject encodinganalog="650" source="lcsh">Student newspapers and periodicals
                        --Indiana --Bloomington --History --20th century --Sources.</subject>
                  </extref>
               </item>
               <item>
                  <extref
                     xlink:href="http://purl.dlib.indiana.edu/iudl/iucat/Student+publications+Indiana{su}">
                     <subject encodinganalog="650" source="lcsh">Student publications --Indiana
                        --Bloomington --History --20th century --Sources.</subject>
                  </extref>
               </item>
               <item>
                  <extref
                     xlink:href="http://purl.dlib.indiana.edu/iudl/iucat/Underground+press+Indiana{su}">
                     <subject encodinganalog="650" source="lcsh">Underground press --Indiana
                        --Bloomington --History --20th century --Sources.</subject>
                  </extref>
               </item>
               <item>
                  <extref
                     xlink:href="http://purl.dlib.indiana.edu/iudl/iucat/Underground+press+publications+Indiana{su}">
                     <subject encodinganalog="650" source="lcsh">Underground press publications
                        --Indiana --Bloomington --History --20th century --Sources.</subject>
                  </extref>
               </item>
            </list>
         </controlaccess>
         <controlaccess>
            <head>Titles</head>
            <list>
               <item>
                  <extref
                     xlink:href="http://purl.dlib.indiana.edu/iudl/iucat/Spectator+Bloomington+Ind{su}">
                     <title encodinganalog="630">Spectator (Bloomington, Ind.) --History
                        --Sources.</title>
                  </extref>
               </item>
            </list>
         </controlaccess>
      </controlaccess>
      <!-- required, if appropriate -->
      <!-- optional, if applicable -->
      <relatedmaterial encodinganalog="544 1">
         <head>Related Material</head>
         <p>Related materials concerning the IU Non-Registration Policy can be found in the folder,
            “Non-Registration Policy for Student Organizations, 1967-1968” in Collection 11, Vice
            President and Dean's records 1958-1971, Series: Student Affairs Files, 1958-1970, Box
            11.</p>
         <p>Related materials concerning James Retherford’s request that the Spectator be allowed to
            use IU campus facilities to show Andy Warhol’s controversial film are found in “Bike
            Boy” folder, in Collection 11, Vice President and Dean's records 1958-1971, Series:
            Student Affairs Files, 1958-1970, Box 11.</p>
         
      </relatedmaterial>
      <!-- required; 'descgrp' element replaces admininfo element in 2002 DTD -->
      <descgrp>
         <head>Administrative Information</head>
         <acqinfo encodinganalog="541">
            <head>Acquisition Information</head>
            <p>Accession 1312</p>
         </acqinfo>
         <userestrict encodinganalog="540">
            <head>Usage Restrictions</head>
            <p>Digital reproductions of archival materials from the Indiana University Archives are
               made available for noncommercial educational and research purposes only. The Indiana
               University Archives respects the intellectual property rights of others and does not
               claim any copyright interest for non-university records or materials for which we do
               not hold a Deed of Gift.</p>
            <p>It is the researcher’s responsibility to seek permission from the copyright owner and
               any other rights holders for any reuse of these images that extends beyond fair use
               or other statutory exemptions. Furthermore, responsibility for the determination of
               the copyright status and securing permission rests with those persons wishing to
               reuse the materials. </p>
            <p>If you are the copyright holder for any of the digitized materials and have questions
               about its inclusion on our site, please contact the Indiana University Archivist.</p>
         </userestrict>
         <prefercite encodinganalog="524$a">
            <head>Preferred Citation</head>
            <p>[Item], Spectator records, Collection C67, Office of University Archives and Records
               Management, Indiana University, Bloomington.</p>
         </prefercite>
         <processinfo encodinganalog="583">
            <head>Processing Information</head>
            <p>Processed by Richard Lytle.</p>
            <p>Re-processed by Verlon Stone</p>
            <p>Completed in <date normal="2003" era="ce" calendar="gregorian">2003</date>
            </p>
         </processinfo>
      </descgrp>
      <altformavail>
         <head>Alternate Forms</head>
         <p>Microfilm of the Spectator can be located in the Indiana University Main Library's
            Government Information, Microfilms, and Statistical Services (GIMSS) Department. The
            holdings include: v.5, no.2; v.5, no.5; v.6, no.5-v.6, no.7; v.6, no.9; v.6, no.11; v.7,
            no.2-v.8, no.15; v.9, no.1-v.11, no.5 1967-1970 and also no. 1-4 for Summer 1969.</p>
         <p>Digitized issues may be found at <extref xlink:href="http://ow.ly/ZfQUR">Independent Voices</extref>. The holdings include 40 issues published <date normal="1967-09-25/1970-05-20">25 September 1967 - 20 May 1970</date>.</p>
      </altformavail>
      <dsc type="combined">
         <!-- unittitle is the only required element within component -->
         <!-- possible values for @level include: class, collection, file, fonds, item, otherlevel, recordgrp, series, subfonds, subgrp, subseries -->
         <c01 id="VAA1229-00001" level="series">
            <did>
               <unittitle>Operational, <unitdate normal="1966/1967" era="ce" type="inclusive"
                     calendar="gregorian">1966-1967</unitdate>
               </unittitle>
            </did>
            <c02 id="VAA1229-00002" level="file">
               <did>
                  <container label="Box" type="box">1</container>
                  <unittitle> Art proofs, <unitdate normal="1966/1970" era="ce" type="inclusive"
                        calendar="gregorian">undated</unitdate>
                  </unittitle>
               </did>
            </c02>
            <c02 id="VAA1229-00003" level="file">
               <did>
                  <unittitle>Distribution Records, <unitdate normal="1966/1967" era="ce"
                        type="inclusive" calendar="gregorian">1966-1967</unitdate>
                  </unittitle>
               </did>
            </c02>
            <c02 id="VAA1229-00004" level="file">
               <did>
                  <unittitle>Miscellaneous Records, <unitdate normal="1966/1967" era="ce"
                        type="inclusive" calendar="gregorian">1966-1967</unitdate>
                  </unittitle>
               </did>
            </c02>
            <c02 id="VAA1229-00005" level="file">
               <did>
                  <unittitle>Newspaper Clippings, <unitdate normal="1966/1967" era="ce"
                        type="inclusive" calendar="gregorian">1966-1967</unitdate>
                  </unittitle>
               </did>
            </c02>
            <c02 id="VAA1229-00006" level="file">
               <did>
                  <unittitle>Typeset layouts, <unitdate normal="1967" era="ce" calendar="gregorian"
                        >1967</unitdate>
                  </unittitle>
               </did>
            </c02>
         </c01>
         <c01 id="VAA1229-00007" level="series">
            <did>
               <unittitle>Financial, <unitdate normal="1966/1967" era="ce" type="inclusive"
                     calendar="gregorian">1966-1967</unitdate>
               </unittitle>
            </did>
            <c02 id="VAA1229-00008" level="file">
               <did>
                  <container label="Box" type="box">1</container>
                  <unittitle>Balance Reports and Misc. Expense Receipts, <unitdate normal="1966"
                        era="ce" calendar="gregorian">1966</unitdate>
                  </unittitle>
               </did>
            </c02>
            <c02 id="VAA1229-00009" level="file">
               <did>
                  <unittitle>Department/Vender Balance Sheets, <unitdate normal="1966" era="ce"
                        calendar="gregorian">1966</unitdate>
                  </unittitle>
               </did>
            </c02>
            <c02 id="VAA1229-00010" level="file">
               <did>
                  <unittitle>Distribution Vendor Payment, <unitdate normal="1966" era="ce"
                        calendar="gregorian">1966</unitdate>
                  </unittitle>
               </did>
            </c02>
            <c02 id="VAA1229-00011" level="file">
               <did>
                  <unittitle>Invoices, Budget Outlines, Subscription and Donor lists, <unitdate
                        normal="1966/1967" era="ce" type="inclusive" calendar="gregorian"
                        >1966-1967</unitdate>
                  </unittitle>
               </did>
            </c02>
            <c02 id="VAA1229-00012" level="file">
               <did>
                  <unittitle>Receipts (Payable and Receivable), <unitdate normal="1966" era="ce"
                        calendar="gregorian">1966</unitdate>
                  </unittitle>
               </did>
            </c02>
         </c01>
         <c01 id="VAA1229-00013" level="series">
            <did>
               <unittitle>Correspondence, <unitdate normal="1966/1967" era="ce" type="inclusive"
                     calendar="gregorian">1966-1967</unitdate>
               </unittitle>
            </did>
            <c02 id="VAA1229-00014" level="file">
               <did>
                  <container label="Box" type="box">1</container>
                  <unittitle>Letters Received, <unitdate normal="1966/1967" era="ce"
                        type="inclusive" calendar="gregorian">1966-1967</unitdate>
                  </unittitle>
               </did>
            </c02>
            <c02 id="VAA1229-00015" level="file">
               <did>
                  <unittitle>Letters Sent and Misc. Notes, <unitdate normal="1966/1967" era="ce"
                        type="inclusive" calendar="gregorian">1966-1967</unitdate>
                  </unittitle>
               </did>
            </c02>
         </c01>
         <c01 id="VAA1229-00016" level="series">
            <did>
               <unittitle>Submissions, <unitdate normal="1966/1969" era="ce" type="inclusive"
                     calendar="gregorian">1966-1969</unitdate>
               </unittitle>
            </did>
            <c02 id="VAA1229-00017" level="file">
               <did>
                  <container label="Box" type="box">1</container>
                  <unittitle>Article and essay submissions, <unitdate normal="1966/1967" era="ce"
                        type="inclusive" calendar="gregorian">1966-1967</unitdate>
                  </unittitle>
               </did>
            </c02>
            <c02 id="VAA1229-00018" level="file">
               <did>
                  <unittitle>Letters to the Editor, <unitdate normal="1967" era="ce"
                        calendar="gregorian">1967</unitdate>
                  </unittitle>
               </did>
               <dao xlink:href="http://purl.dlib.indiana.edu/iudl/archives/mets/VAA1229-00018"/>
            </c02>
            <c02 id="VAA1229-00019" level="file">
               <did>
                  <unittitle>Poetry Submissions, <unitdate normal="1966/1967" era="ce"
                        type="inclusive" calendar="gregorian">1966-1967</unitdate>
                  </unittitle>
               </did>
            </c02>
            <c02 id="VAA1229-00020" level="file">
               <did>
                  <unittitle>Misc. Manuscripts, <unitdate normal="1967/1969" era="ce"
                        type="inclusive" calendar="gregorian">1967-1969</unitdate>
                  </unittitle>
               </did>
            </c02>
            <c02 id="VAA1229-00021" level="file">
               <did>
                  <unittitle>Manuscripts 'A-Bov', <unitdate normal="1967/1969" era="ce"
                        type="inclusive" calendar="gregorian">1967-1969</unitdate>
                  </unittitle>
               </did>
            </c02>
            <c02 id="VAA1229-00022" level="file">
               <did>
                  <unittitle>Manuscripts 'Bov-Bz', <unitdate normal="1967/1969" era="ce"
                        type="inclusive" calendar="gregorian">1967-1969</unitdate>
                  </unittitle>
               </did>
            </c02>
            <c02 id="VAA1229-00023" level="file">
               <did>
                  <unittitle>Manuscripts 'C-D', <unitdate normal="1967/1969" era="ce"
                        type="inclusive" calendar="gregorian">1967-1969</unitdate>
                  </unittitle>
               </did>
            </c02>
            <c02 id="VAA1229-00024" level="file">
               <did>
                  <unittitle>Manuscripts 'E-G', <unitdate normal="1967/1969" era="ce"
                        type="inclusive" calendar="gregorian">1967-1969</unitdate>
                  </unittitle>
               </did>
            </c02>
            <c02 id="VAA1229-00025" level="file">
               <did>
                  <unittitle>Manuscripts 'H-J', <unitdate normal="1967/1969" era="ce"
                        type="inclusive" calendar="gregorian">1967-1969</unitdate>
                  </unittitle>
               </did>
            </c02>
            <c02 id="VAA1229-00026" level="file">
               <did>
                  <unittitle>Manuscripts 'K', <unitdate normal="1967/1969" era="ce" type="inclusive"
                        calendar="gregorian">1967-1969</unitdate>
                  </unittitle>
               </did>
            </c02>
            <c02 id="VAA1229-00027" level="file">
               <did>
                  <unittitle>Manuscripts 'L-Q', <unitdate normal="1967/1969" era="ce"
                        type="inclusive" calendar="gregorian">1967-1969</unitdate>
                  </unittitle>
               </did>
            </c02>
            <c02 id="VAA1229-00028" level="file">
               <did>
                  <unittitle>Manuscripts 'R', <unitdate normal="1967/1969" era="ce" type="inclusive"
                        calendar="gregorian">1967-1969</unitdate>
                  </unittitle>
               </did>
            </c02>
            <c02 id="VAA1229-00029" level="file">
               <did>
                  <unittitle>Manuscripts 'S', <unitdate normal="1967/1969" era="ce" type="inclusive"
                        calendar="gregorian">1967-1969</unitdate>
                  </unittitle>
               </did>
            </c02>
            <c02 id="VAA1229-00030" level="file">
               <did>
                  <unittitle>Manuscripts 'T-Z', <unitdate normal="1967/1969" era="ce"
                        type="inclusive" calendar="gregorian">1967-1969</unitdate>
                  </unittitle>
               </did>
            </c02>
         </c01>
         <c01 id="VAA1229-00031" level="series">
            <did>
               <unittitle>Newspaper Issues, <unitdate normal="1966/1970" era="ce" type="inclusive"
                     calendar="gregorian">1966-1970</unitdate>
               </unittitle>
            </did>
            <c02 id="VAA1229-00032" level="otherlevel">
               <did>
                  <container label="Box" type="box">2</container>
                  <unittitle>v.1, no.1-v.6, no.9<unitdate normal="1966-02-05/1968-04-15" era="ce"
                        type="inclusive" calendar="gregorian">5 Feb. 1966-15 Apr. 1968</unitdate>
                  </unittitle>
               </did>
            </c02>
            <c02 id="VAA1229-00033" level="otherlevel">
               <did>
                  <container label="Box" type="box">3</container>
                  <unittitle>v.7, no.1-v.11, no.5<unitdate normal="1968-10-01/1970-12-14" era="ce"
                        type="inclusive" calendar="gregorian">1 Oct. 1968-14 Dec. 1970</unitdate>
                  </unittitle>
               </did>
            </c02>
         </c01>
      </dsc>
   </archdesc>
</ead>
