<?xml version="1.0" encoding="UTF-8"?>
<!-- Indiana University EAD template draft: 2003-Jan-2, 
   revised 2004-09-15 JLR; 
   revised fall 2006 and spring/summer 2007 JLR w/ EAD Working Group  --><ead xmlns="urn:isbn:1-931666-22-9" xmlns:xlink="http://www.w3.org/1999/xlink"
     xmlns:xsi="http://www.w3.org/2001/XMLSchema-instance"
     xsi:schemaLocation="urn:isbn:1-931666-22-9 http://www.loc.gov/ead/ead.xsd">
   <eadheader repositoryencoding="iso15511" langencoding="iso639-2b" audience="external"
              countryencoding="iso3166-1"
              dateencoding="iso8601"
              scriptencoding="iso15924"
              relatedencoding="dublincore"
              findaidstatus="edited-full-draft">
      <eadid countrycode="US" encodinganalog="identifier" mainagencycode="InU-Ar"
             identifier="InU-Ar-VAA1272">InU-Ar-VAA1272</eadid>
      <filedesc><!-- This is a description of the electronic finding aid, not the original finding aid or the collection --><!-- Make title "John Doe papers, 1919-1965" rather than "Papers of John Doe, 1919-1965" to eliminate potential confusion about the meaning of the dates --><titlestmt>
            <titleproper encodinganalog="title">Indiana University Adelphian Society minutes and
               by-laws, <date normal="1858/1859" era="ce" calendar="gregorian">1858-1859</date>
            </titleproper>
            <subtitle>A Guide to the Records at the Indiana University Archives</subtitle>
            <!--Author of finding aid; may differ from processor--><author encodinganalog="creator">
               <lb/>Electronic finding aid encoded by Elia Van Lith</author>
         </titlestmt>
         <publicationstmt>
            <publisher encodinganalog="publisher">Indiana University Digital Library
               Program</publisher>
            <date encodinganalog="date" normal="2004" era="ce" type="publication"
                  calendar="gregorian">© 2004</date>
         </publicationstmt>
      </filedesc>
      <profiledesc>
         <creation> XML finding aid derived from copying and pasting from MS Word.<!--description of how the finding aid was created, for example: XML finding aid derived from
[paper by means of scanning and OCR] [OCR file edited for typographical errors before encoding]
[typescript by rekeying] [word processing program and version number]
[<extref href="" linktype="simple" title="" actuate="onrequest" show="new">HTML collection description</extref>]. --><lb/>date of source: <date normal="2004-09-24" era="ce" type="source" calendar="gregorian">09, 24, 2004</date>
            <lb/>Finding aid encoded by Elia Van Lith, Indiana University Archives, <date normal="2004-09-24" era="ce" calendar="gregorian">09, 24, 2004</date>
         </creation>
         <!-- iso three-digit 639-2 value for @langcode can be found at http://www.loc.gov/standards/iso639-2/langcodes.html --><langusage>Description is in <language scriptcode="Latn" encodinganalog="language" langcode="eng">English.</language>
         </langusage>
      </profiledesc>
      <!-- revisiondesc is required --><!-- record when the finding aid is initiated in first 'change' element, with subsequent changes listed below the first, and the final 'change' element indicating date finding aid completed --><revisiondesc>
         <change>
            <date normal="2011-09-19">September 19, 2011</date>
            <item>Updated in preparation for digitization. Changed title from "Records" to conform
               to DACS.</item>
         </change>
         <change>
            <date normal="2004-09-24" era="ce" type="source" calendar="gregorian">September 24,
               2004</date>
            <item>Encoded finding aid begun</item>
         </change>
         <change>
            <date normal="2004-09-24" era="ce" type="source" calendar="gregorian">September 24,
               2004</date>
            <item>Encoded finding aid completed</item>
         </change>
      </revisiondesc>
   </eadheader>
   <!-- the 'frontmatter' element is a wrapper that bundles prefatory text found before the start of the archival description <archdesc>. It focuses on the creation, publication, or use of the finding aid rather than information
about the materials being described. Examples include a title page, preface, dedication, and instructions for
using a finding aid. --><archdesc audience="external" level="collection" type="inventory" relatedencoding="marc"><!-- @type value may alternatively be 'bulk' --><!-- use the label attribute for these elements to determine what label is displayed --><did>
         <head>Summary Information</head>
         <repository id="archives" encodinganalog="850" label="Repository">
            <corpname source="lcnaf"
                      normal="Indiana University, Bloomington. Office of University Archives and Records Management">Indiana University Office of University Archives and Records Management</corpname>
            <address>
               <addressline>1320 East Tenth Street</addressline>
               <addressline>Herman B Wells Library E460</addressline>
               <addressline>Bloomington, IN 47405-7000</addressline>
               <addressline>Phone: 812-855-1127</addressline>
               
               <addressline>Email: archives@indiana.edu</addressline>
            </address>
            <lb/>
            <extref xlink:href="http://www.libraries.iub.edu/archives">http://www.libraries.iub.edu/archives</extref>
         </repository>
         <origination label="Creator"><!-- may be <persname> with @encodinganalog value 100 or <corpname> with @encodinganalog value 110 --><corpname encodinganalog="110" source="lcnaf">Adelphian Society (Indiana
               University)</corpname>
         </origination>
         <unittitle encodinganalog="245$a" label="Title">Indiana University Adelphian Society
            minutes and by-laws, </unittitle>
         <unitdate encodinganalog="245$f" normal="1858/1859" era="ce" type="inclusive"
                   calendar="gregorian">1858-1859</unitdate>
         <unitid repositorycode="US-InU-Ar" countrycode="US" encodinganalog="099"
                 label="Collection No.">C260</unitid>
         <physdesc encodinganalog="300$a$f" label="Extent">
            <extent>.2 cubic feet</extent>
            <!-- if both linear feet and number of items included, separate by lb tag --></physdesc>
         <langmaterial encodinganalog="546" label="Language">Materials are in <language encodinganalog="008/35-37" langcode="eng">English.</language>
         </langmaterial>
         <abstract encodinganalog="520 3" label="Abstract">The Adelphian Society was established at
            Indiana University on November 13, 1858, under the name the Erolathian Society. The goal
            of the literary society was to be a society of religious inquiry at the university, and
            in their first minutes the organization outlines plans of delivering original orations,
            essays, and debates on subjects related to Biblical literature. In 1859 the group
            changed its name to the Adelphian Society. Collection consists of by-laws and meeting
            minutes.</abstract>
      </did>
      <accessrestrict encodinganalog="506$a">
         <head>Access Restrictions</head>
         <p>This collection is open for research.</p>
         <p>Advance notice is required.</p>
      </accessrestrict>
      <bioghist encodinganalog="545">
         <head>Administrative History</head>
         <p>The Erolathian Society was organized on the Bloomington campus on November 13, 1858,
            with the goal of being a society of religious inquiry at the University. Indiana
            University President William M. Daily served as Chairman of that first meeting and was
            named an honorary member of the society the next month. In their minutes, the society
            outlines plans of delivering original orations, essays, and debates on subjects related
            to Biblical literature. </p>
         <p>Meetings were held in Erolathian Hall, although the location of the Hall is never
            discussed in the records. During the meeting of January 15, 1859, the Society’s name was
            changed to Adelphian and the Society motto, “friendship and truth” was chosen. After the
            name change, meetings are cited as occurring in Adelphian Hall, but once again no
            mention is made as to the Hall’s location. </p>
         <p>No mention is made in the minutes or University records as to when the Society
            disbanded, and the last records the Archives holds of the organization date to 1859.
         </p>
      </bioghist>
      <!--optional --><!-- element organization deprecated in DTD version 2002; @encodinganalog may be used to differentiate between 351 subfield a (organization) and subfield b (arrangement). --><arrangement encodinganalog="351$x">
         <head>Arrangement</head>
         <p>Minutes and by-laws arranged chronologically.</p>
      </arrangement>
      <!-- required for collection level; optional for lower levels --><scopecontent encodinganalog="520 2">
         <head>Scope and Content Note</head>
         <p>The two folder collection consists solely of by-laws and meeting minutes of the
            Adelphian Society (previously the Erolathian Society). Typewritten transcripts of the
            by-laws and meeting minutes are included in the collection. </p>
         <p>The By-Laws date from the society’s first meeting on November 13, 1858, and consists of
            two double-sided legal-sized handwritten sheets. The meeting minutes span from November
            13, 1858 to May 5, 1859. </p>
      </scopecontent>
      <!-- recommended; this information would be included for marc amc record --><!-- should include all personal and corporate names, and subject headings --><controlaccess>
         <head>Indexing Terms</head>
         <p>The following terms have been used to index the description of this collection in
               <extref xlink:href="http://www.iucat.iu.edu">IUCAT</extref>, the IU Libraries' online
            catalog. Materials about related topics, persons or places can be found by searching the
            catalog using these terms. </p>
         <controlaccess>
            <head>Names</head>
            <list>
               <item>
                  <extref xlink:href="http://purl.dlib.indiana.edu/iudl/iucat/Adelphian+Society+Indiana+University{su}">
                     <corpname encodinganalog="610" source="lcnaf" role="subject">Adelphian Society
                        (Indiana University) --History --Sources.</corpname>
                  </extref>
               </item>
               <item>
                  <extref xlink:href="http://purl.dlib.indiana.edu/iudl/iucat/Adelphian+Society+Indiana+University+by+laws{su}">
                     <corpname encodinganalog="610" source="lcnaf" role="subject">Adelphian Society
                        (Indiana University) --By-laws.</corpname>
                  </extref>
               </item>
               <item>
                  <extref xlink:href="http://purl.dlib.indiana.edu/iudl/iucat/Adelphian+Society+Indiana+University{su}">
                     <corpname encodinganalog="610" source="lcnaf" role="subject">Adelphian Society
                        (Indiana University) --Records and correspondence.</corpname>
                  </extref>
               </item>
               <item>
                  <extref xlink:href="http://purl.dlib.indiana.edu/iudl/iucat/Adelphian+Society+Indiana+University{su}">
                     <corpname encodinganalog="610" source="lcnaf" role="subject">Adelphian Society
                        (Indiana University) --Archives.</corpname>
                  </extref>
               </item>
               <item>
                  <extref xlink:href="http://purl.dlib.indiana.edu/iudl/iucat/Erolathian+Society+Indiana+University{su}">
                     <corpname encodinganalog="610" source="lcnaf" role="subject">Erolathian Society
                        (Indiana University) --History --Sources.</corpname>
                  </extref>
               </item>
               <item>
                  <extref xlink:href="http://purl.dlib.indiana.edu/iudl/iucat/Erolathian+Society+Indiana+University{su}">
                     <corpname encodinganalog="610" source="lcnaf" role="subject">Erolathian Society
                        (Indiana University) --Records and correspondence.</corpname>
                  </extref>
               </item>
               <item>
                  <extref xlink:href="http://purl.dlib.indiana.edu/iudl/iucat/Erolathian+Society+Indiana+University+by+laws{su}">
                     <corpname encodinganalog="610" source="lcnaf" role="subject">Erolathian Society
                        (Indiana University) --By-laws.</corpname>
                  </extref>
               </item>
               <item>
                  <extref xlink:href="http://purl.dlib.indiana.edu/iudl/iucat/Erolathian+Society+Indiana+University{su}">
                     <corpname encodinganalog="610" source="lcnaf" role="subject">Erolathian Society
                        (Indiana University) --Archives.</corpname>
                  </extref>
               </item>
               <item>
                  <extref xlink:href="http://purl.dlib.indiana.edu/iudl/iucat/Indiana+University+Students+Intellectual+Life{su}">
                     <corpname encodinganalog="610" source="lcnaf" role="subject">Indiana University
                        --Students --Intellectual life.</corpname>
                  </extref>
               </item>
               <item>
                  <extref xlink:href="http://purl.dlib.indiana.edu/iudl/iucat/Indiana+University+Students+Social+life+and+customs{su}">
                     <corpname encodinganalog="610" source="lcnaf" role="subject">Indiana University
                        --Students --Social life and customs.</corpname>
                  </extref>
               </item>
               <item>
                  <extref xlink:href="http://purl.dlib.indiana.edu/iudl/iucat/Erolathian+Society+Indiana+University{su}">
                     <corpname encodinganalog="710" source="lcnaf">Erolathian Society (Indiana
                        University).</corpname>
                  </extref>
               </item>
            </list>
         </controlaccess>
         <controlaccess>
            <head>Topics</head>
            <list>
               <item>
                  <extref xlink:href="http://purl.dlib.indiana.edu/iudl/iucat/Debates+and+debating+Indiana{su}">
                     <subject encodinganalog="650" source="lcsh">Debates and debating --Indiana
                        --Bloomington --Societies, etc. --History --19th century
                        --Sources.</subject>
                  </extref>
               </item>
               <item>
                  <extref xlink:href="http://purl.dlib.indiana.edu/iudl/iucat/Religious+disputations+Indiana{su}">
                     <subject encodinganalog="650" source="lcsh">Religious disputations --Indiana
                        --Bloomington --History --19th century --Sources.</subject>
                  </extref>
               </item>
            </list>
         </controlaccess>
      </controlaccess>
      <!-- required; 'descgrp' element replaces admininfo element in 2002 DTD --><descgrp>
         <head>Administrative Information</head>
         <acqinfo encodinganalog="541">
            <head>Acquisition Information</head>
            <p>Accession 1126</p>
         </acqinfo>
         <userestrict encodinganalog="540">
            <head>Usage Restrictions</head>
            <p>Copyright interests for this collection have been transferred to the Trustees of
               Indiana University. For more information, contact the Indiana University
               Archivist.</p>
         </userestrict>
         <prefercite encodinganalog="524$a">
            <head>Preferred Citation</head>
            <p>[Item], Indiana University Adelphian Society minutes and by-laws, Collection C260, Office of
               University Archives and Records Management, Indiana University, Bloomington.</p>
         </prefercite>
         <processinfo encodinganalog="583">
            <head>Processing Information</head>
            <p>Processed by Elia Van Lith.</p>
            <p>Completed in <date normal="2004" era="ce" calendar="gregorian">2004</date>.</p>
            <p>Updated by Dina M. Kellams in 2011 in preparation for digitization.</p>
         </processinfo>
      </descgrp>
      <!-- required, if appropriate --><!-- optional, if applicable --><dsc type="combined"><!-- unittitle is the only required element within component --><!-- possible values for @level include: class, collection, file, fonds, item, otherlevel, recordgrp, series, subfonds, subgrp, subseries --><c01 id="VAA1272-00001" level="series">
            <did><!-- optional --><!-- repeat 'container' element as appropriate --><!-- value of @type could be 'box', 'folder', 'item', etc. --><unittitle>Minutes and by-laws, <unitdate normal="1858" era="ce" calendar="gregorian" type="inclusive">1858-1859</unitdate>
               </unittitle>
               <!-- optional --></did>
            <!-- optional --><c02 id="VAA1272-00002" level="file">
               <did>
                  <unittitle>By-laws, 
                     <unitdate normal="1858">1858</unitdate>
                  </unittitle>
               </did>
               <c03 id="VAA1272-00003" level="item">
                  <did>
                     <unittitle>Original</unittitle>
                  </did>
                  <dao xlink:href="http://purl.dlib.indiana.edu/iudl/archives/mets/VAA1272-00003" altrender="simple"/>
               </c03>
               <c03 id="VAA1272-00004" level="item">
                  <did>
                     <unittitle>Transcript</unittitle>
                  </did>
                  <dao xlink:href="http://purl.dlib.indiana.edu/iudl/archives/mets/VAA1272-00004" altrender="simple"/>
               </c03>
            </c02>
            <c02 id="VAA1272-00005" level="file">
               <did>
                  <unittitle>Meeting minutes, <unitdate normal="1858/1859" era="ce" type="inclusive" calendar="gregorian">1858-1859</unitdate>
                  </unittitle>
               </did>
               <c03 id="VAA1272-00006" level="item">
                  <did>
                     <unittitle>Originals</unittitle>
                  </did>
                  <dao xlink:href="http://purl.dlib.indiana.edu/iudl/archives/mets/VAA1272-00006" altrender="simple"/>
               </c03>
               <c03 id="VAA1272-00007" level="item">
                  <did>
                     <unittitle>Transcripts</unittitle>
                  </did>
                  <dao xlink:href="http://purl.dlib.indiana.edu/iudl/archives/mets/VAA1272-00007" altrender="simple"/>
               </c03>
            </c02>
         </c01>
      </dsc>
   </archdesc>
</ead>