<?xml version="1.0" encoding="UTF-8"?>
<!-- Indiana University EAD template draft: 2003-Jan-2, 
   revised 2004-09-15 JLR; 
   revised fall 2006 and spring/summer 2007 JLR w/ EAD Working Group  -->
<ead xmlns="urn:isbn:1-931666-22-9" xmlns:xlink="http://www.w3.org/1999/xlink"
   xmlns:xsi="http://www.w3.org/2001/XMLSchema-instance"
   xsi:schemaLocation="urn:isbn:1-931666-22-9 http://www.loc.gov/ead/ead.xsd">
   <eadheader relatedencoding="dublincore" audience="external" langencoding="iso639-2b"
      scriptencoding="iso15924" repositoryencoding="iso15511" countryencoding="iso3166-1"
      dateencoding="iso8601" findaidstatus="edited-full-draft">
      <eadid encodinganalog="identifier" identifier="InU-Ar-VAA1363" countrycode="US"
         mainagencycode="InU-Ar">InU-Ar-VAA1363</eadid>
      <filedesc>
         <!-- This is a description of the electronic finding aid, not the original finding aid or the collection -->
         <!-- Make title "John Doe papers, 1919-1965" rather than "Papers of John Doe, 1919-1965" to eliminate potential confusion about the meaning of the dates -->
         <titlestmt>
            <titleproper encodinganalog="title"> Kirkman family collection, <date normal="1832/1931"
                  era="ce" calendar="gregorian">1832-1931</date>
            </titleproper>
            <subtitle>A Guide to the Kirkman family collection at the Indiana University
               Archives</subtitle>
            <!--Author of finding aid; may differ from processor-->
            <author encodinganalog="creator">
               <lb/>Electronic finding aid encoded by Amanda Harlan</author>
         </titlestmt>
         <publicationstmt>
            <publisher encodinganalog="publisher">Indiana University Digital Library
               Program</publisher>
            <date encodinganalog="date" normal="2004" type="publication" era="ce"
               calendar="gregorian">© 2004</date>
         </publicationstmt>
      </filedesc>
      <profiledesc>
         <creation>
            <!--description of how the finding aid was created, for example: XML finding aid derived from
[paper by means of scanning and OCR] [OCR file edited for typographical errors before encoding]
[typescript by rekeying] [word processing program and version number]
[<extref href="" linktype="simple" title="" actuate="onrequest" show="new">HTML collection description</extref>]. -->
            <lb/>date of source: <date normal="2004-10-28" type="source" era="ce"
               calendar="gregorian">October 28, 2004</date>
            <lb/>Finding aid encoded by Amanda Harlan, Indiana University Archives, <date
               normal="2004-10-28" era="ce" calendar="gregorian">October 28, 2004</date>
         </creation>
         <!-- iso three-digit 639-2 value for @langcode can be found at http://www.loc.gov/standards/iso639-2/langcodes.html -->
         <langusage>Description is in <language encodinganalog="language" langcode="eng"
               scriptcode="Latn">English.</language>
         </langusage>
      </profiledesc>
      <!-- revisiondesc is required -->
      <!-- record when the finding aid is initiated in first 'change' element, with subsequent changes listed below the first, and the final 'change' element indicating date finding aid completed -->
      <revisiondesc>
         <change>
            <date normal="2004-10-28" era="ce" calendar="gregorian">October 28, 2004</date>
            <item>Encoded finding aid begun.</item>
         </change>
         <change>
            <date normal="2004-10-29" era="ce" calendar="gregorian">October 29, 2004</date>
            <item>Encoded finding aid completed.</item>
         </change>
      </revisiondesc>
   </eadheader>
   <!-- the 'frontmatter' element is a wrapper that bundles prefatory text found before the start of the archival description <archdesc>. It focuses on the creation, publication, or use of the finding aid rather than information
about the materials being described. Examples include a title page, preface, dedication, and instructions for
using a finding aid. -->
   <frontmatter audience="external">
      <!-- information should be included as you would wish it to appear on a titlepage of a printed finding aid -->
      <titlepage>
         <titleproper>Guide to the Kirkman family collection, <date normal="1832/1931" era="ce"
               calendar="gregorian">1832-1931</date>
         </titleproper>
         <author>Anne Pederson</author>
         <!--Author of finding aid; may differ from processor-->
         <author>Encoded by Amanda Harlan</author>
         <publisher>Indiana University Archives</publisher>
         <!--it is possible to include graphics using extptr -->
         <p>© 2004 Trustees of Indiana University. All rights reserved.</p>
      </titlepage>
   </frontmatter>
   <archdesc level="collection" audience="external" type="inventory" relatedencoding="marc">
      <!-- @type value may alternatively be 'bulk' -->
      <!-- use the label attribute for these elements to determine what label is displayed -->
      <did>
         <head>Summary Information</head>
         <repository encodinganalog="850" label="Repository" id="archives">
            <corpname source="lcnaf"
               normal="Indiana University, Bloomington. Office of University Archives and Records Management"
               >Indiana University Office of University Archives and Records Management</corpname>
            <address>
                   <addressline>1320 East Tenth Street</addressline>
                   <addressline>Herman B Wells Library E460</addressline>
               <addressline>Bloomington, IN 47405-7000</addressline>
               <addressline>Phone: 812-855-1127</addressline>
               
               <addressline>Email: archives@indiana.edu</addressline>
                </address>
            <lb/>
            <extref xlink:href="http://www.libraries.iub.edu/archives"
               >http://www.libraries.iub.edu/archives</extref>
         </repository>
         <origination label="Creator">
            <!-- may be <persname> with @encodinganalog value 100 or <corpname> with @encodinganalog value 110 -->
            <famname encodinganalog="100" source="lcnaf">Kirkman family.</famname>
         </origination>
         <unittitle encodinganalog="245$a" label="Title">Kirkman family collection,</unittitle>
         <unitdate normal="1832/1931" type="inclusive" encodinganalog="245$f" era="ce"
            calendar="gregorian">1832-1931, </unitdate>
         <unitdate normal="1835/1885" type="bulk" encodinganalog="245$g" label="Bulk" era="ce"
            calendar="gregorian">bulk 1835-1885</unitdate>
         <unitid encodinganalog="099" countrycode="US" repositorycode="US-InU-Ar"
            label="Collection No.">C5</unitid>
         <physdesc encodinganalog="300$a$f" label="Extent">
            <extent>.6 cubic feet</extent>
            <!-- if both linear feet and number of items included, separate by lb tag -->
         </physdesc>
         <langmaterial encodinganalog="546" label="Language">Materials are in <language
               langcode="eng" encodinganalog="008/35-37">English.</language>
         </langmaterial>
         <abstract encodinganalog="520 3" label="Abstract">Indiana family headed by Joseph Kirkman,
            who served as sheriff of Gibson County for several years. Collection includes
            correspondence, indentures, receipts, land deeds, and newspaper clippings of Joseph
            Kirkman, daughter Irene Kirkman Coolidge, and granddaughter Mary Coolidge Kingston. Also
            included is a series titled Unknown authors, consisting of items of unknown origins but
            that were deposited with the collection.</abstract>
      </did>

      <accessrestrict encodinganalog="506$a">
         <head>Access Restrictions</head>
         <p>This collection is open for research.</p>
         <p>Advance notice is required.</p>
      </accessrestrict>

      <bioghist encodinganalog="545">
         <head>Biographical Note</head>
         <p>Joseph Kirkman was born in Kentucky on 9 September 1809. He moved to Indiana as a young
            man, where he became a farmer. He also owned one of the first brickyards in the county
            and later held the prominent position of Sheriff of Gibson County for many years.
            Kirkman married Jane Demig (b. 1810) of Virginia on 29 July 1828; together they had nine
            children. Kirkman was a Republican and active in party councils. He was also a deeply
            religious man, although not an official member of any one church. He died on 9 March
            1879. </p>
         <p>Among Joseph and Jane’s children were Irene, who is featured in this collection, and
            Louisa J. (Powell). Son John B., who married Mary Wyat, was a farmer in Princeton,
            Indiana. Daughter Sophronia married William Snow, who worked as a farm laborer for her
            father. Son George died shortly after his marriage to Mary Fentress (the exact date is
            unknown), and Robert died at age 30. The remaining children were Joseph A., who died in
            1864 at the age of 10, and two others who died in infancy.</p>
         <p>Irene Kirkman Coolidge was born on 20 January 1843 in Princeton, Indiana. As a child she
            developed an interest in music, learning to sing and play the piano. At 18 she performed
            the “Star Spangled Banner” for Memorial Day and went on to sing the anthem at every
            Memorial Day thereafter at various events. Although she attended the Female College
            (Saint Mary of the Woods) in Terre Haute, Indiana, and briefly taught in Evansville,
            Indiana, Ms. Kirkman returned to music as a career. She studied voice culture in Chicago
            and became a full-time voice teacher and leader of choirs when she came back to
            Princeton, Indiana. Ms. Kirkman married S.E. Coolidge, a distant relative of
            then-President Calvin Coolidge. Their daughter Mary, who also has papers included in the
            collection, like her mother showed an interest in music and theater. Mary Coolidge
            married Roy Kingston and lived in San Diego, California.</p>
      </bioghist>
      <!--optional -->
      <!-- element organization deprecated in DTD version 2002; @encodinganalog may be used to differentiate between 351 subfield a (organization) and subfield b (arrangement). -->
      <arrangement encodinganalog="351$x">
         <head>Arrangement</head>
         <p>Papers organized into four series: Joseph Kirkman; Irene Kirkman Coolidge; Mary Coolidge
            Kingston; and Unknown authors.</p>
      </arrangement>

      <!-- required for collection level; optional for lower levels -->
      <scopecontent encodinganalog="520 2">
         <head>Scope and Content Note</head>
         <p>This collection has been organized into four series based on individuals associated with
            this collection. This collection includes the materials of Joseph Kirkman, Irene Kirkman
            Coolidge, Mary Coolidge Kingston, and unknown authors. The bulk of the collection
            involves financial records either belonging to Joseph Kirkman or authorized by him
            during his time as Sheriff of Gibson County.</p>
         <p>The Joseph Kirkman series is organized into five sub-series: Correspondence, Financial
            records, Legal documents, Clippings, and Programs. Correspondence, Legal documents,
            Clippings and Programs are arranged chronologically, while the folders within the
            Financial records are arranged alphabetically. The Financial records comprise the
            majority of the series. Tax and insurance information are specific to the Kirkman
            Family, while indentures, mortgages and receipts encompass a variety of other people.
            Other materials include Kirkman’s insurance policies and two clippings, one telling the
            story of the rescue of a lost boy when Kirkman was Sheriff.</p>
         <p>The Irene Kirkman Coolidge series is organized into three sub-series: Correspondence,
            Clippings, and Programs. Each of these is organized chronologically. Of particular
            interest are the newspaper articles and music programs that describe Coolidge’s long and
            illustrious singing career.</p>
         <p>The Mary Coolidge Kingston series has one folder for each of its three sub-series:
            Correspondence, Clippings, and Invitations. The clippings detail a few theatrical events
            in which Mrs. Kingston was involved.</p>
         <p>Unknown Authors have four sub-series: Correspondence, Drawings, Programs, and Music;
            each of the sub-series are arranged chronologically. The holiday cards are especially
            interesting as they are illustrated with intricate drawings.</p>
      </scopecontent>
      <!-- recommended; this information would be included for marc amc record -->
      <!-- should include all personal and corporate names, and subject headings -->
      <controlaccess>
         <head>Indexing Terms</head>
         <p>The following terms have been used to index the description of this collection in
               <extref xlink:href="http://www.iucat.iu.edu">IUCAT</extref>, the IU Libraries' online
            catalog. Materials about related topics, persons or places can be found by searching the
            catalog using these terms. </p>
         <controlaccess>
            <head>Names</head>
            <list>
               <item>
                  <extref
                     xlink:href="http://purl.dlib.indiana.edu/iudl/iucat/Kirkman+Joseph+1809+1879{su}">
                     <persname encodinganalog="600" source="lcnaf" role="subject">Kirkman, Joseph,
                        1809-1879 --Archives.</persname>
                  </extref>
               </item>
               <item>
                  <extref
                     xlink:href="http://purl.dlib.indiana.edu/iudl/iucat/Kirkman+Joseph+1809+1879{su}">
                     <persname source="lcnaf" role="subject" encodinganalog="600">Kirkman, Joseph,
                        1809-1879 --Correspondence.</persname>
                  </extref>
               </item>
               <item>
                  <extref
                     xlink:href="http://purl.dlib.indiana.edu/iudl/iucat/Coolidge+Irene+Kirkman+b+1843{su}">
                     <persname source="lcnaf" role="subject" encodinganalog="600">Coolidge, Irene
                        Kirkman, b. 1843 --Archives.</persname>
                  </extref>
               </item>
               <item>
                  <extref
                     xlink:href="http://purl.dlib.indiana.edu/iudl/iucat/Coolidge+Irene+Kirkman+b+1843{su}">
                     <persname source="lcnaf" role="subject" encodinganalog="600">Coolidge, Irene
                        Kirkman, b. 1843 --Correspondence.</persname>
                  </extref>
               </item>
               <item>
                  <extref
                     xlink:href="http://purl.dlib.indiana.edu/iudl/iucat/Kingston+Mary+Coolidge{su}">
                     <persname source="lcnaf" role="subject" encodinganalog="600">Kingston, Mary
                        Coolidge --Archives.</persname>
                  </extref>
               </item>
               <item>
                  <extref
                     xlink:href="http://purl.dlib.indiana.edu/iudl/iucat/Kingston+Mary+Coolidge{su}">
                     <persname source="lcnaf" role="subject" encodinganalog="600">Kingston, Mary
                        Coolidge --Correspondence.</persname>
                  </extref>
               </item>
               <item>
                  <extref
                     xlink:href="http://purl.dlib.indiana.edu/iudl/iucat/Kirkman+Joseph+1809+1879{su}">
                     <persname source="lcnaf" encodinganalog="700">Kirkman, Joseph, 1809-1879.
                        Correspondence. Selections.</persname>
                  </extref>
               </item>
               <item>
                  <extref
                     xlink:href="http://purl.dlib.indiana.edu/iudl/iucat/Coolidge+Irene+Kirkman+b+1843{su}">
                     <persname source="lcnaf" encodinganalog="700">Coolidge, Irene Kirkman, b. 1843.
                        Correspondence. Selections.</persname>
                  </extref>
               </item>
               <item>
                  <extref
                     xlink:href="http://purl.dlib.indiana.edu/iudl/iucat/Kingston+Mary+Coolidge{su}">
                     <persname source="lcnaf" encodinganalog="700">Kingston, Mary Coolidge.
                        Correspondence. Selections.</persname>
                  </extref>
               </item>
            </list>
         </controlaccess>
         <controlaccess>
            <head>Topics</head>
            <list>
               <item>
                  <extref xlink:href="http://purl.dlib.indiana.edu/iudl/iucat/Kirkman+family{su}">
                     <subject encodinganalog="650" source="lcsh">Kirkman family
                        --Archives.</subject>
                  </extref>
               </item>
               <item>
                  <extref xlink:href="http://purl.dlib.indiana.edu/iudl/iucat/Family+archives+Indiana{su}">
                     <subject source="lcsh" encodinganalog="650">Family archives
                        --Indiana.</subject>
                  </extref>
               </item>
               <item>
                  <extref xlink:href="http://purl.dlib.indiana.edu/iudl/iucat/Sheriffs+Indiana{su}">
                     <subject source="lcsh" encodinganalog="650">Sheriffs --Indiana.</subject>
                  </extref>
               </item>
               <item>
                  <extref xlink:href="http://purl.dlib.indiana.edu/iudl/iucat/Deeds{su}">
                     <subject encodinganalog="650" source="lcsh">Deeds.</subject>
                  </extref>
               </item>
               <item>
                  <extref xlink:href="http://purl.dlib.indiana.edu/iudl/iucat/Financial+records{su}">
                     <subject encodinganalog="650" source="lcsh">Financial records.</subject>
                  </extref>
               </item>
            </list>
         </controlaccess>
         <controlaccess>
            <head>Places</head>
            <list>
               <item>
                  <extref xlink:href="http://purl.dlib.indiana.edu/iudl/iucat/Indiana{su}">
                     <geogname encodinganalog="651" source="aacr2">Indiana --History
                        --Sources.</geogname>
                  </extref>
               </item>
            </list>
         </controlaccess>
      </controlaccess>
      <!-- required, if appropriate -->
      <!-- optional, if applicable -->
      <relatedmaterial encodinganalog="544 1">
         <head>Related Material</head>
         <p>Christmas and religious booklets with Ivy Chamness name on the inside cover have been
            removed from this collection. Please see Collection C239 for more information.</p>
      </relatedmaterial>
      <!-- required; 'descgrp' element replaces admininfo element in 2002 DTD -->
      <descgrp>
         <head>Administrative Information</head>

         <acqinfo encodinganalog="541">
            <head>Acquisition Information</head>
            <p>Accession 93/015</p>
         </acqinfo>
         <userestrict encodinganalog="540">
            <head>Usage Restrictions</head>
            <p>Copyright interests for this collection have been transferred to the Trustees of
               Indiana University. For more information, contact the Indiana University
               Archivist.</p>
         </userestrict>
         <prefercite encodinganalog="524$a">
            <head>Preferred Citation</head>
            <p>[Item], Kirkman family collection, Collection C5, Indiana University Archives.</p>
         </prefercite>
         <custodhist encodinganalog="561">
            <head>Provenance</head>
            <p>It is believed that Harold and Effie Wegmiller donated this collection to the
               Archives. For more information about the Wegmillers ask Archives staff.</p>
         </custodhist>
         <processinfo encodinganalog="583">
            <head>Processing Information</head>
            <p>Processed by Anne Pederson.</p>
            <p>Completed in <date normal="2004" era="ce" calendar="gregorian">2004</date>.</p>
         </processinfo>

      </descgrp>
      <dsc type="combined">
         <!-- unittitle is the only required element within component -->
         <!-- possible values for @level include: class, collection, file, fonds, item, otherlevel, recordgrp, series, subfonds, subgrp, subseries -->
         <c01 level="series">
            <did>
               <unittitle>Joseph Kirkman, <unitdate normal="1832/1902" type="inclusive" era="ce"
                     calendar="gregorian">1832-1902</unitdate>
               </unittitle>
            </did>
            <c02 level="subseries">
               <did>
                  <unittitle>Correspondence, <unitdate normal="1843/1891" type="inclusive" era="ce"
                        calendar="gregorian">1843-1891</unitdate>
                  </unittitle>
               </did>
               <c03 level="file">
                  <did>
                     <container type="box" label="Box">1</container>
                     <unittitle>Gundin, J. to Joseph Kirkman, <unitdate normal="1843-01-19" era="ce"
                           calendar="gregorian">19 Jan. 1843</unitdate>
                     </unittitle>
                  </did>
               </c03>
               <c03 level="file">
                  <did>
                     <unittitle>Anthony, W. to Joseph Kirkman, <unitdate normal="1853-05-13"
                           era="ce" calendar="gregorian">13 May 1853</unitdate>
                     </unittitle>
                  </did>
               </c03>
               <c03 level="file">
                  <did>
                     <unittitle>Saloaligh, J. to Joseph Kirkman, <unitdate normal="1891-09-13"
                           era="ce" calendar="gregorian">13 Sep. 1891</unitdate>
                     </unittitle>
                  </did>
               </c03>
            </c02>
            <c02 level="subseries">
               <did>
                  <unittitle>Financial records, <unitdate normal="1833/1892" type="inclusive"
                        era="ce" calendar="gregorian">1833-1892</unitdate>
                  </unittitle>
               </did>
               <c03 level="file">
                  <did>
                     <container type="box" label="Box">1</container>
                     <unittitle>Bills, <unitdate normal="1835/1879" type="inclusive" era="ce"
                           calendar="gregorian">1835-1879</unitdate>
                     </unittitle>
                  </did>
               </c03>
               <c03 level="file">
                  <did>
                     <unittitle>Certificates of purchase, <unitdate normal="1867-09-28" era="ce"
                           calendar="gregorian">28 Sep. 1867</unitdate>
                     </unittitle>
                  </did>
               </c03>
               <c03 level="file">
                  <did>
                     <unittitle>Indentures, <unitdate normal="1838-06-11/1885-03-01"
                           type="inclusive" era="ce" calendar="gregorian">11 Jun 1838-1 Mar.
                           1885</unitdate>
                     </unittitle>
                  </did>
               </c03>
               <c03 level="file">
                  <did>
                     <unittitle>Insurance receipts, <unitdate normal="1874-10-08/1882-03-17"
                           type="inclusive" era="ce" calendar="gregorian">8 Oct. 1874-17 Mar.
                           1882</unitdate>
                     </unittitle>
                  </did>
               </c03>
               <c03 level="file">
                  <did>
                     <unittitle>Insurance receipts for Jane Kirkman, <unitdate
                           normal="1880-03-17/1892-03-29" type="inclusive" era="ce"
                           calendar="gregorian">17 Mar. 1880-29 Mar. 1892</unitdate>
                     </unittitle>
                  </did>
               </c03>
               <c03 level="file">
                  <did>
                     <unittitle>Mortgages and land deeds, <unitdate normal="1832-08/1862-08"
                           type="inclusive" era="ce" calendar="gregorian">Aug. 1832-1862</unitdate>
                     </unittitle>
                  </did>
               </c03>
               <c03 level="file">
                  <did>
                     <unittitle>Mortgages and land deeds, <unitdate normal="1863/1889-09-09"
                           type="inclusive" era="ce" calendar="gregorian">1863-9 Sep.
                           1889</unitdate>
                     </unittitle>
                  </did>
               </c03>
               <c03 level="file">
                  <did>
                     <unittitle>Receipts A-F, <unitdate normal="1839-07-12/1874-03-19"
                           type="inclusive" era="ce" calendar="gregorian">12 Jul. 1839-19
                           Mar.1874</unitdate>
                     </unittitle>
                  </did>
               </c03>
               <c03 level="file">
                  <did>
                     <unittitle>Receipts G-L, <unitdate normal="1838-12-10/1886-03-23"
                           type="inclusive" era="ce" calendar="gregorian">10 Dec. 1838-23 Mar.
                           1886</unitdate>
                     </unittitle>
                  </did>
               </c03>
               <c03 level="file">
                  <did>
                     <unittitle>Receipts M-Z, <unitdate normal="1833-07-01/1884-12-22"
                           type="inclusive" era="ce" calendar="gregorian">1 Jul. 1833-22 Dec.
                           1884</unitdate>
                     </unittitle>
                  </did>
               </c03>
               <c03 level="file">
                  <did>
                     <unittitle>Tax certificate, <unitdate normal="1876-02-14" era="ce"
                           calendar="gregorian">14 Feb. 1876</unitdate>
                     </unittitle>
                  </did>
               </c03>
               <c03 level="file">
                  <did>
                     <unittitle>Tax receipts, <unitdate normal="1851/1881" type="inclusive" era="ce"
                           calendar="gregorian">1851-1881</unitdate>
                     </unittitle>
                  </did>
               </c03>
            </c02>
            <c02 level="subseries">
               <did>
                  <unittitle>Legal documents, <unitdate normal="1848/1885" type="inclusive" era="ce"
                        calendar="gregorian">1848-1885</unitdate>
                  </unittitle>
               </did>
               <c03 level="file">
                  <did>
                     <container type="box" label="Box">1</container>
                     <unittitle>Axtell and Kirkman court case records, <unitdate normal="1875-06-29"
                           era="ce" calendar="gregorian">29 Jun. 1875</unitdate>
                     </unittitle>
                  </did>
               </c03>
               <c03 level="file">
                  <did>
                     <unittitle>Insurance policies, <unitdate normal="1848-04-02/1885-08-06"
                           type="inclusive" era="ce" calendar="gregorian">2 Apr. 1848-6 Aug.
                           1885</unitdate>
                     </unittitle>
                  </did>
               </c03>
            </c02>
            <c02 level="subseries">
               <did>
                  <unittitle>Clippings</unittitle>
               </did>
               <c03 level="file">
                  <did>
                     <container type="box" label="Box">1</container>
                     <unittitle>Newspaper clippings, <unitdate normal="1832/1902" type="inclusive"
                           era="ce" calendar="gregorian">undated</unitdate>
                     </unittitle>
                  </did>
               </c03>
            </c02>
            <c02 level="subseries">
               <did>
                  <unittitle>Programs</unittitle>
               </did>
               <c03 level="file">
                  <did>
                     <container type="box" label="Box">1</container>
                     <unittitle>Program for Men’s Club of Andrew and Philip, <unitdate
                           normal="1902-01-05" era="ce" calendar="gregorian">5 Jan. 1902</unitdate>
                     </unittitle>
                  </did>
               </c03>
            </c02>
         </c01>
         <c01 level="series">
            <did>
               <unittitle>Irene Kirkman Coolidge, <unitdate normal="1918/1936" type="inclusive"
                     era="ce" calendar="gregorian">1918-1936</unitdate>
               </unittitle>
            </did>
            <c02 level="subseries">
               <did>
                  <unittitle>Correspondence, <unitdate normal="1918/1931" type="inclusive" era="ce"
                        calendar="gregorian">1918-1931</unitdate>
                  </unittitle>
               </did>
               <c03 level="file">
                  <did>
                     <container type="box" label="Box">1</container>
                     <unittitle>Shormonk, G. to Irene Kirkman Coolidge, <unitdate
                           normal="1918-10-25" era="ce" calendar="gregorian">25 Oct. 1918</unitdate>
                     </unittitle>
                  </did>
               </c03>
               <c03 level="file">
                  <did>
                     <unittitle>Kingston, R. to Irene Kirkman Coolidge, <unitdate
                           normal="1931-08-16" era="ce" calendar="gregorian">16 Aug. 1931</unitdate>
                     </unittitle>
                  </did>
               </c03>
               <c03 level="file">
                  <did>
                     <unittitle>“Roy” (Kingston) to “Mother” (Irene Kirkman Coolidge), <unitdate
                           normal="1931-08-20" era="ce" calendar="gregorian">20 Aug. 1931</unitdate>
                     </unittitle>
                  </did>
               </c03>
            </c02>
            <c02 level="subseries">
               <did>
                  <unittitle>Clippings</unittitle>
               </did>
               <c03 level="file">
                  <did>
                     <container type="box" label="Box">1</container>
                     <unittitle>Newspaper clippings, <unitdate normal="1927/1936" type="inclusive"
                           era="ce" calendar="gregorian">1927-1936</unitdate>
                     </unittitle>
                  </did>
               </c03>
            </c02>
            <c02 level="subseries">
               <did>
                  <unittitle>Programs</unittitle>
               </did>
               <c03 level="file">
                  <did>
                     <container type="box" label="Box">1</container>
                     <unittitle>Music programs, <unitdate normal="1871-05-25/1901-12-18"
                           type="inclusive" era="ce" calendar="gregorian">25 May 1871-18 Dec.
                           1901</unitdate>
                     </unittitle>
                  </did>
               </c03>
               <c03 level="file">
                  <did>
                     <unittitle>Religious service programs, <unitdate normal="1918/1936"
                           type="inclusive" era="ce" calendar="gregorian">undated</unitdate>
                     </unittitle>
                  </did>
               </c03>
            </c02>
         </c01>
         <c01 level="series">
            <did>
               <unittitle>Mary Coolidge Kingston, <unitdate normal="1897/1927" type="inclusive"
                     era="ce" calendar="gregorian">1897-1927</unitdate>
               </unittitle>
            </did>
            <c02 level="subseries">
               <did>
                  <unittitle>Correspondence, <unitdate normal="1897" era="ce" calendar="gregorian"
                        >1897</unitdate>
                  </unittitle>
               </did>
               <c03 level="file">
                  <did>
                     <container type="box" label="Box">1</container>
                     <unittitle>Coolidge, A. to Mary Coolidge, <unitdate normal="1897-06-06"
                           era="ce" calendar="gregorian">6 Jun. 1897</unitdate>
                     </unittitle>
                  </did>
               </c03>
            </c02>
            <c02 level="subseries">
               <did>
                  <unittitle>Clippings</unittitle>
               </did>
               <c03 level="file">
                  <did>
                     <container type="box" label="Box">1</container>
                     <unittitle>Newspaper clippings, <unitdate normal="1897/1927" type="inclusive"
                           era="ce" calendar="gregorian">undated</unitdate>
                     </unittitle>
                  </did>
               </c03>
            </c02>
            <c02 level="subseries">
               <did>
                  <unittitle>Invitations, <unitdate normal="1927" era="ce" calendar="gregorian"
                        >1927</unitdate>
                  </unittitle>
               </did>
               <c03 level="file">
                  <did>
                     <container type="box" label="Box">1</container>
                     <unittitle>Invitation list, <unitdate normal="1927" era="ce"
                           calendar="gregorian">1927</unitdate>
                     </unittitle>
                  </did>
               </c03>
            </c02>
         </c01>
         <c01 level="series">
            <did>
               <unittitle>Unknown authors, <unitdate normal="1882/1926" type="inclusive" era="ce"
                     calendar="gregorian">1882-1926</unitdate>
               </unittitle>
            </did>
            <c02 level="subseries">
               <did>
                  <unittitle>Correspondence</unittitle>
               </did>
               <c03 level="file">
                  <did>
                     <container type="box" label="Box">1</container>
                     <unittitle>Holiday and religious cards, <unitdate normal="1882/1926"
                           type="inclusive" era="ce" calendar="gregorian">undated</unitdate>
                     </unittitle>
                  </did>
               </c03>
            </c02>
            <c02 level="subseries">
               <did>
                  <unittitle>Drawings</unittitle>
               </did>
               <c03 level="file">
                  <did>
                     <container type="box" label="Box">1</container>
                     <unittitle>Drawings of islands, flowers, <unitdate normal="1882/1926"
                           type="inclusive" era="ce" calendar="gregorian">undated</unitdate>
                     </unittitle>
                  </did>
               </c03>
            </c02>
            <c02 level="subseries">
               <did>
                  <unittitle>Programs, <unitdate normal="1882/1926" type="inclusive" era="ce"
                        calendar="gregorian">1882-1926</unitdate>
                  </unittitle>
               </did>
               <c03 level="file">
                  <did>
                     <container type="box" label="Box">1</container>
                     <unittitle>Program for Memorial Baptist Church, <unitdate normal="1882-02-19"
                           era="ce" calendar="gregorian">19 Feb. 1882</unitdate>
                     </unittitle>
                  </did>
               </c03>
               <c03 level="file">
                  <did>
                     <unittitle>Music programs, <unitdate normal="1926" era="ce"
                           calendar="gregorian">1926</unitdate>
                     </unittitle>
                  </did>
               </c03>
            </c02>
            <c02 level="subseries">
               <did>
                  <unittitle>Music</unittitle>
               </did>
               <c03 level="file">
                  <did>
                     <container type="box" label="Box">1</container>
                     <unittitle>Sheet music “Five O’Clock in the Morning,” <unitdate
                           normal="1882/1926" type="inclusive" era="ce" calendar="gregorian"
                           >undated</unitdate>
                     </unittitle>
                  </did>
               </c03>
            </c02>
         </c01>
      </dsc>
   </archdesc>
</ead>
