<?xml version="1.0" encoding="UTF-8"?><!-- Indiana University EAD template draft: 2003-Jan-2, 
   revised 2004-09-15 JLR; 
   revised fall 2006 and spring/summer 2007 JLR w/ EAD Working Group  --><ead xmlns="urn:isbn:1-931666-22-9" xmlns:xlink="http://www.w3.org/1999/xlink" xmlns:xsi="http://www.w3.org/2001/XMLSchema-instance" xsi:schemaLocation="urn:isbn:1-931666-22-9 http://www.loc.gov/ead/ead.xsd">
   <eadheader repositoryencoding="iso15511" langencoding="iso639-2b" audience="external" countryencoding="iso3166-1" dateencoding="iso8601" scriptencoding="iso15924" relatedencoding="dublincore" findaidstatus="edited-full-draft">
      <eadid countrycode="US" encodinganalog="identifier" mainagencycode="InU-Ar" identifier="InU-Ar-VAA1259">InU-Ar-VAA1259</eadid>
      <filedesc>
         <!-- This is a description of the electronic finding aid, not the original finding aid or the collection -->
         <!-- Make title "John Doe papers, 1919-1965" rather than "Papers of John Doe, 1919-1965" to eliminate potential confusion about the meaning of the dates -->
         <titlestmt>
            <titleproper encodinganalog="title">Indiana University Alpha Pi Zeta records, <date normal="1924/1950" era="ce" calendar="gregorian">1924-1950</date>
            </titleproper>
            <subtitle>A Guide to the Records at the Indiana University Archives</subtitle>
            <!--Author of finding aid; may differ from processor-->
            <author encodinganalog="creator">
               <lb></lb>Electronic finding aid encoded by Dina M. Kellams</author>
         </titlestmt>
         <publicationstmt>
            <publisher encodinganalog="publisher">Indiana University Digital Library
               Program</publisher>
            <date encodinganalog="date" normal="2004" era="ce" type="publication" calendar="gregorian">© 2004</date>
         </publicationstmt>
      </filedesc>
      <profiledesc>
         <creation>XML finding aid derived by cutting and pasting from Microsoft Word. <!--description of how the finding aid was created, for example: XML finding aid derived from
[paper by means of scanning and OCR] [OCR file edited for typographical errors before encoding]
[typescript by rekeying] [word processing program and version number]
[<extref href="" linktype="simple" title="" actuate="onrequest" show="new">HTML collection description</extref>]. -->
            <lb></lb>date of source: <date normal="2004-09-20" era="ce" type="source" calendar="gregorian">September 20, 2004</date>
            <lb></lb>Finding aid encoded by Dina M. Kellams, Indiana University Archives, <date normal="2004-09-20" era="ce" type="source" calendar="gregorian">September 20,
               2004</date>
         </creation>
         <!-- iso three-digit 639-2 value for @langcode can be found at http://www.loc.gov/standards/iso639-2/langcodes.html -->
         <langusage>Description is in <language scriptcode="Latn" encodinganalog="language" langcode="eng">English.</language>
         </langusage>
      </profiledesc>
      <!-- revisiondesc is required -->
      <!-- record when the finding aid is initiated in first 'change' element, with subsequent changes listed below the first, and the final 'change' element indicating date finding aid completed -->
      <revisiondesc>
         <change>
            <date normal="2004-09-20" era="ce" type="source" calendar="gregorian">September 20,
               2004</date>
            <item>Encoded finding aid begun.</item>
         </change>
         <change>
            <date normal="2004-09-20" era="ce" type="source" calendar="gregorian">September 20,
               2004</date>
            <item>Encoded finding aid completed.</item>
         </change>
      </revisiondesc>
   </eadheader>
   <!-- the 'frontmatter' element is a wrapper that bundles prefatory text found before the start of the archival description <archdesc>. It focuses on the creation, publication, or use of the finding aid rather than information
about the materials being described. Examples include a title page, preface, dedication, and instructions for
using a finding aid. -->

   <archdesc audience="external" level="collection" type="inventory" relatedencoding="marc">
      <!-- @type value may alternatively be 'bulk' -->
      <!-- use the label attribute for these elements to determine what label is displayed -->
      <did>
         <head>Summary Information</head>
         <repository id="archives" encodinganalog="850" label="Repository">
            <corpname source="lcnaf" normal="Indiana University, Bloomington. Office of University Archives and Records Management">Indiana University Office of University Archives and Records Management</corpname>
            <address>
		             <addressline>1320 East Tenth Street</addressline>
		             <addressline>Herman B Wells Library E460</addressline>
               <addressline>Bloomington, IN 47405-7000</addressline>
               <addressline>Phone: 812-855-1127</addressline>
               
               <addressline>Email: archives@indiana.edu</addressline>
		          </address>
            <lb></lb>
            <extref xlink:href="http://www.libraries.iub.edu/archives">http://www.libraries.iub.edu/archives</extref>
         </repository>
         <origination label="Creator">
            <!-- may be <persname> with @encodinganalog value 100 or <corpname> with @encodinganalog value 110 -->
            <corpname encodinganalog="110" source="lcnaf">Alpha Pi Zeta (Indiana
               University)</corpname>
         </origination>
         <unittitle encodinganalog="245$a" label="Title">Indiana University Alpha Pi Zeta records, </unittitle>
         <unitdate encodinganalog="245$f" normal="1924/1950" era="ce" type="inclusive" calendar="gregorian">1924-1950, </unitdate>
         <unitdate encodinganalog="245$g" normal="1924/1928" era="ce" type="bulk" calendar="gregorian">bulk 1924-1928</unitdate>
         <unitid repositorycode="US-InU-Ar" countrycode="US" encodinganalog="099" label="Collection No.">C259</unitid>
         <physdesc encodinganalog="300$a$f" label="Extent">
            <extent>.2 cubic feet</extent>
            <!-- if both linear feet and number of items included, separate by lb tag -->
         </physdesc>
         <langmaterial encodinganalog="546" label="Language">Materials are in <language encodinganalog="008/35-37" langcode="eng">English.</language>
         </langmaterial>
         <abstract encodinganalog="520 3" label="Abstract">The Indiana University chapter of the
            Alpha Pi Zeta social science fraternity was organized in 1925. The purpose of the
            society was to encourage the investigation and scholarship in the social sciences.
            Active membership was open to professors, instructors, staff members, and select
            graduate students who had shown achievement in social sciences. Collection consists of
            minutes, financial records, correspondence, membership lists, meeting announcements, and
            constitutions.</abstract>
      </did>

      <accessrestrict encodinganalog="506$a">
         <head>Access Restrictions</head>
         <p>This collection is open for research.</p>
         <p>Advance notice is required.</p>
      </accessrestrict>

      <bioghist encodinganalog="545">
         <head>Administrative History</head>
         <p>On December 31, 1924, representatives from 14 universities met in Chicago to discuss the
            establishment of a new social science honorary society. At that meeting, they approved
            the following resolutions: <list numeration="arabic" type="ordered">
               <item>A national organisation should be adopted.</item>
               <item>Alpha Pi Zeta is a very fitting name for the organisation. </item>
               <item>This organisation shall have the character of an honorary society.</item>
               <item>It shall encourage investigation and scholarship in the field of the social
                  sciences.</item>
               <item>The local societies should exercise a large degree of autonomy as to the
                  methods of work and details of organisation.</item>
               <item>Until the question of uniform membership is decided by national action of
                  the society, the matter of the determination of full, associate, honorary and
                  permanent membership shall be left to the chapters according to their separate
                  problems and situations.</item>
            </list>
         </p>
         <p>The name Alpha Pi Zeta derives from the initials of Aristotle’s characterization of man,
            “anthropos politikon zoon.” The purpose of the society was to encourage the
            investigation and scholarship in the social sciences. Chapters could be established at
            any educational institution that offered a “considerable amount” of advanced graduate
            work in the social sciences. Active membership was open to professors, instructors, or
            staff members of the institution who had shown achievement in social sciences as well as
            graduate students who had shown “initiative, independence and ability to carry on
            sustained investigation in one of these sciences.” </p>
         <p>The IU society met monthly during the school year. At the meetings, they discussed
            developments in social science scholarship and had featured speakers on a social science
            topic. Speakers were sometimes IU faculty members, other times campus visitors. By the
            mid-1930s, meetings were more infrequent, and the minute book reports “No regular
            meetings were held during 1936-37 or 1937-38. Special meetings were held on call of the
            President to consider special emergency problems pertaining to the field of the Social
            Sciences.” At their October 3, 1939 meeting, then-President Moffatt moved that meetings
            be held only upon call of the officers. This is the last entry in the minute book,
            although there are a few loose minutes dating from the 1939-1940 school year as well as
            a few items in the collection from later years, including a 1950 meeting announcement.
            However, due to a lack of minutes, the main activities of the society are not known
            after 1942. </p>
      </bioghist>
      <!--optional -->
      <!-- element organization deprecated in DTD version 2002; @encodinganalog may be used to differentiate between 351 subfield a (organization) and subfield b (arrangement). -->
      <arrangement encodinganalog="351$x">
         <head>Arrangement</head>
         <p>Organized into three series: Correspondence, Administrative files, and Minutes.</p>
      </arrangement>

      <!-- required for collection level; optional for lower levels -->
      <scopecontent encodinganalog="520 2">
         <head>Scope and Content Note</head>
         <p>The IU society met monthly during the school year. At the meetings, they discussed
            developments in social science scholarship and had featured speakers on a social science
            topic. Speakers were sometimes IU faculty members, other times campus visitors. By the
            mid-1930s, meetings were more infrequent, and the minute book reports “No regular
            meetings were held during 1936-37 or 1937-38. Special meetings were held on call of the
            President to consider special emergency problems pertaining to the field of the Social
            Sciences.” At their October 3, 1939 meeting, then-President Moffatt moved that meetings
            be held only upon call of the officers. This is the last entry in the minute book,
            although there are a few loose minutes dating from the 1939-1940 school year as well as
            a few items in the collection from later years, including a 1950 meeting announcement.
            However, due to a lack of minutes, the main activities of the society are not known
            after 1942. </p>
         <p>The Correspondence series is arranged in chronological order and spans 1925-1942, but
            the bulk of the correspondence dates from 1925-1928. In the correspondence, there is
            quite a bit of discussion about the establishment of the group at Indiana University.
            The correspondence is not only between the members of the Indiana chapter but also
            between members of the national organization and chapters at other universities
            throughout the country.</p>
         <p>The Administrative files series spans 1924-1950 and includes membership lists for both
            IU and other chapters throughout the state, reports, meeting announcements,
            constitutions, and financial records. The financial records primarily consist of notices
            and payments of dues and receipts for various expenditures. There is one item in the
            meeting announcements folder that dates to 1950, the only item in the collection dated
            that late.</p>
         <p>The final series, Minutes, 1924-1940, includes 2 folders. The first folder holds a bound
            minute book that begins with the group’s first meeting on December 10, 1924. The last
            entry in the book is from October 3, 1939. The loose minutes consist of some draft
            minutes, minutes of the national organization’s December 31, 1924 meeting, and some
            loose minutes that had been tucked into the minute book.</p>
         <p>Additional information about the group can be found in Herman B Wells’ presidential
            files.</p>
      </scopecontent>
      <!-- recommended; this information would be included for marc amc record -->
      <!-- should include all personal and corporate names, and subject headings -->
      <controlaccess>
         <head>Indexing Terms</head>
         <p>The following terms have been used to index the description of this collection in
               <extref xlink:href="http://www.iucat.iu.edu">IUCAT</extref>, the IU Libraries' online
            catalog. Materials about related topics, persons or places can be found by searching the
            catalog using these terms. </p>
         <controlaccess>
            <head>Names</head>
            <list>
               <item>
                  <extref xlink:href="http://purl.dlib.indiana.edu/iudl/iucat/Alpha+Pi+Zeta+Indiana+University{su}">
                  <corpname encodinganalog="610" source="lcnaf" role="subject">Alpha Pi Zeta
                  (Indiana University) --History --Sources.</corpname>
                     </extref>
               </item>
               <item>
                  <extref xlink:href="http://purl.dlib.indiana.edu/iudl/iucat/Alpha+Pi+Zeta+Indiana+University{su}">
                  <corpname encodinganalog="610" source="lcnaf" role="subject">Alpha Pi Zeta
                  (Indiana University) --Records and correspondence.</corpname>
                     </extref>
               </item>
               <item>
                  <extref xlink:href="http://purl.dlib.indiana.edu/iudl/iucat/Alpha+Pi+Zeta+Indiana+University{su}">
                  <corpname encodinganalog="610" source="lcnaf" role="subject">Alpha Pi Zeta
                  (Indiana University) --Archives.</corpname>
                     </extref>
               </item>
               <item>
                  <extref xlink:href="http://purl.dlib.indiana.edu/iudl/iucat/Indiana+University+Faculty+Intellectual+life{su}">
                  <corpname encodinganalog="610" source="lcnaf" role="subject">Indiana University
                  --Faculty --Intellectual life --20th century.</corpname>
                     </extref>
               </item>
               <item>
                  <extref xlink:href="http://purl.dlib.indiana.edu/iudl/iucat/Indiana+University+Students+Intellectual+life{su}">
                  <corpname encodinganalog="610" source="lcnaf" role="subject">Indiana University
                  --Students --Intellectual life --20th century.</corpname>
                     </extref>
               </item>
            </list>
         </controlaccess>
         <controlaccess>
            <head>Topics</head>
            <list>
               <item>
                  <extref xlink:href="http://purl.dlib.indiana.edu/iudl/iucat/Social+sciences+Societies{su}">
                  <subject encodinganalog="650" source="lcsh">Social sciences --Societies, etc.
                  --History --20th century --Sources. </subject>
                     </extref>
               </item>
               <item>
                  <extref xlink:href="http://purl.dlib.indiana.edu/iudl/iucat/Social+sciences+Indiana{su}">
                  <subject encodinganalog="650" source="lcsh">Social scientists --Indiana
                  --Archives.</subject>
                     </extref>
               </item>
            </list>
         </controlaccess>
      </controlaccess>
      <!-- required; 'descgrp' element replaces admininfo element in 2002 DTD -->
      <descgrp>
         <head>Administrative Information</head>

         <acqinfo encodinganalog="541">
            <head>Acquisition Information</head>
            <p>Deposit; Oscar Osburn Winther; 1968; Accessions 1124-1125.</p>
            <p>Accession 7986 added February 2013.</p>
         </acqinfo>
         <userestrict encodinganalog="540">
            <head>Usage Restrictions</head>
            <p>Copyright interests for this collection have been transferred to the Trustees of
               Indiana University. For more information, contact the Indiana University
               Archivist.</p>
         </userestrict>
         <prefercite encodinganalog="524$a">
            <head>Preferred Citation</head>
            <p>[Item], Indiana University Alpha Pi Zeta records, Collection C259, Office of University Archives and Records Management, Indiana University, Bloomington.</p>
         </prefercite>
         <custodhist encodinganalog="561">
            <head>Provenance</head>
            <p>Deposited by Prof. Oscar Osburn Winther, who was a member and one-time
               Secretary-Treasurer of the organization.</p>
         </custodhist>
         <processinfo encodinganalog="583">
            <head>Processing Information</head>
            <p>Processed by Dina M. Kellams.</p>
            <p>Completed in <date normal="2004" era="ce" calendar="gregorian">2004</date>.</p>
            <p>Accession 7986 processed into the collection February 2013.</p>
         </processinfo>

      </descgrp>
      <!-- required, if appropriate -->
      <!-- optional, if applicable -->
      <dsc type="combined">
         <!-- unittitle is the only required element within component -->
         <!-- possible values for @level include: class, collection, file, fonds, item, otherlevel, recordgrp, series, subfonds, subgrp, subseries -->
         <c01 id="VAA1259-00001" level="series">
            <did>
               <unittitle>Correspondence, <unitdate normal="1924/1942" era="ce" type="inclusive" calendar="gregorian">1925-1942</unitdate>
               </unittitle>
            </did>
            <c02 id="VAA1259-00002" level="file">
               <did>
                  <unittitle>
                     <unitdate normal="1925" era="ce" calendar="gregorian">1925</unitdate>
                  </unittitle>
               </did>
            </c02>
            <c02 id="VAA1259-00003" level="file">
               <did>
                  <unittitle>
                     <unitdate normal="1926" era="ce" calendar="gregorian">1926</unitdate>
                  </unittitle>
               </did>
            </c02>
            <c02 id="VAA1259-00004" level="file">
               <did>
                  <unittitle>
                     <unitdate normal="1927/1928" era="ce" type="inclusive" calendar="gregorian">1927-1928</unitdate>
                  </unittitle>
               </did>
            </c02>
            
            <c02 id="VAA1259-00005" level="file">
               <did>
                  <unittitle>
                     <unitdate normal="1930/1942" era="ce" type="inclusive" calendar="gregorian">1930-1942 </unitdate>
                  
                  </unittitle>
               </did>
            </c02>
         </c01>
         <c01 id="VAA1259-00006" level="series">
            <did>
               <unittitle>Administrative files, <unitdate normal="1924/1950" era="ce" type="inclusive" calendar="gregorian">1924-1950</unitdate>
               </unittitle>
            </did>
            <c02 id="VAA1259-00007" level="file">
               <did>
                  <unittitle>Committee on Procedure report, <unitdate normal="1924/1950" era="ce" type="inclusive" calendar="gregorian">undated</unitdate>
                  </unittitle>
               </did>
            </c02>
            <c02 id="VAA1259-00008" level="file">
               <did>
                  <unittitle>Constitutions, <unitdate normal="1924/1927" era="ce" type="inclusive" calendar="gregorian">1924-1927,</unitdate>
                     <unitdate normal="1924/1950" era="ce" type="inclusive" calendar="gregorian">undated</unitdate>
                  </unittitle>
               </did>
               <note>
                  <p>(for IU and national organization)</p>
               </note>
            </c02>
            <c02 id="VAA1259-00009" level="file">
               <did>
                  <unittitle>Financial records, <unitdate normal="1925/1927" era="ce" type="inclusive" calendar="gregorian">1925-1927,</unitdate>
                     <unitdate normal="1939/1941" era="ce" type="inclusive" calendar="gregorian">1939-1941</unitdate>
                  </unittitle>
               </did>
            </c02>
            <c02 id="VAA1259-00010" level="file">
               <did>
                  <unittitle>Meeting announcements, <unitdate normal="1925/1930" era="ce" type="inclusive" calendar="gregorian">1925-1930,</unitdate>
                     <unitdate normal="1939" era="ce" calendar="gregorian">1939,</unitdate>
                     <unitdate normal="1950" era="ce" calendar="gregorian">1950</unitdate>
                  </unittitle>
               </did>
            </c02>
            <c02 id="VAA1259-00011" level="file">
               <did>
                  <unittitle>Membership lists, <unitdate normal="1925/1928" era="ce" type="inclusive" calendar="gregorian">1925-1928,</unitdate>
                     <unitdate normal="1939" era="ce" calendar="gregorian">1939,</unitdate>
                     <unitdate normal="1924/1950" era="ce" type="inclusive" calendar="gregorian">undated</unitdate>
                  </unittitle>
               </did>
               <note>
                  <p>(incl. IU and other chapters)</p>
               </note>
            </c02>
            <c02 id="VAA1259-00012" level="file">
               <did>
                  <unittitle>
                     <title>“Report to the National Secretary-Treasurer on the local chapter for the
                        year Sep. 1926- June 1927,” </title>
                     <unitdate normal="1927-09-17" era="ce" calendar="gregorian">17 Sep
                        1927</unitdate>
                  </unittitle>
               </did>
            </c02>
         </c01>
         <c01 id="VAA1259-00013" level="series">
            <did>
               <unittitle>Minutes, <unitdate normal="1924/1940" era="ce" type="inclusive" calendar="gregorian">1924-1940</unitdate>
               </unittitle>
            </did>
            <c02 id="VAA1259-00014" level="file">
               <did>
                  <unittitle>Bound volume, <unitdate normal="1924/1939" era="ce" type="inclusive" calendar="gregorian">1924-1939</unitdate>
                  </unittitle>
               </did>
            </c02>
            <c02 id="VAA1259-00015" level="file">
               <did>
                  <unittitle>Loose minutes, <unitdate normal="1924/1927" era="ce" type="inclusive" calendar="gregorian">1924-1927,</unitdate>
                     <unitdate normal="1939/1940" era="ce" type="inclusive" calendar="gregorian">1939-1940 </unitdate>
                  </unittitle>
               </did>
               <note>
                  <p>(incl. IU and some national organization meetings)</p>
               </note>
            </c02>
         </c01>
      </dsc>
   </archdesc>
</ead>