<?xml version="1.0" encoding="UTF-8"?>
<!-- Indiana University EAD template draft: 2003-Jan-2, 
   revised 2004-09-15 JLR; 
   revised fall 2006 and spring/summer 2007 JLR w/ EAD Working Group  -->
<ead xmlns="urn:isbn:1-931666-22-9" xmlns:xlink="http://www.w3.org/1999/xlink"
   xmlns:xsi="http://www.w3.org/2001/XMLSchema-instance"
   xsi:schemaLocation="urn:isbn:1-931666-22-9 http://www.loc.gov/ead/ead.xsd">
   <eadheader relatedencoding="dublincore" audience="external" langencoding="iso639-2b"
      scriptencoding="iso15924" repositoryencoding="iso15511" countryencoding="iso3166-1"
      dateencoding="iso8601" findaidstatus="edited-full-draft">
      <eadid encodinganalog="identifier" identifier="InU-Ar-VAA1364" countrycode="US"
         mainagencycode="InU-Ar">InU-Ar-VAA1364</eadid>
      <filedesc>
         <!-- This is a description of the electronic finding aid, not the original finding aid or the collection -->
         <!-- Make title "John Doe papers, 1919-1965" rather than "Papers of John Doe, 1919-1965" to eliminate potential confusion about the meaning of the dates -->
         <titlestmt>
            <titleproper encodinganalog="title">Owen family collection, <date type="inclusive"
                  normal="1826/1967" era="ce" calendar="gregorian">1826-1967</date>
            </titleproper>
            <subtitle>A Guide to the Collection at the Indiana University Archives</subtitle>
            <!--Author of finding aid; may differ from processor-->
            <author encodinganalog="creator">
               <lb/>Electronic finding aid encoded by Dina M. Kellams</author>
         </titlestmt>
         <publicationstmt>
            <publisher encodinganalog="publisher">Indiana University Digital Library
               Program</publisher>
            <date normal="2004" type="publication" encodinganalog="date" era="ce"
               calendar="gregorian">© 2004</date>
         </publicationstmt>
      </filedesc>
      <profiledesc>
         <creation>XML created by cutting and pasting from HTML finding aid. <!--description of how the finding aid was created, for example: XML finding aid derived from
[paper by means of scanning and OCR] [OCR file edited for typographical errors before encoding]
[typescript by rekeying] [word processing program and version number]
[<extref href=""  title="" actuate="onrequest" show="new">HTML collection description</extref>]. -->
            <lb/>date of source: <date normal="2004-10-14" type="source" era="ce"
               calendar="gregorian">October 14, 2004</date>
            <lb/>Finding aid encoded by Dina M. Kellams, Indiana University Archives, <date
               normal="2004-10-14" type="source" era="ce" calendar="gregorian">October 14,
               2004</date>
         </creation>
         <!-- iso three-digit 639-2 value for @langcode can be found at http://www.loc.gov/standards/iso639-2/langcodes.html -->
         <langusage>Description is in <language encodinganalog="language" langcode="eng"
               scriptcode="Latn">English.</language>
         </langusage>
      </profiledesc>
      <!-- revisiondesc is required -->
      <!-- record when the finding aid is initiated in first 'change' element, with subsequent changes listed below the first, and the final 'change' element indicating date finding aid completed -->
      <revisiondesc>
         <change>
            <date normal="2004-10-14" type="source" era="ce" calendar="gregorian">October 14,
               2004</date>
            <item>Encoded finding aid begun.</item>
         </change>
         <change>
            <date normal="2004-10-19" era="ce" calendar="gregorian">October 19, 2004</date>
            <item>Encoded finding aid completed.</item>
         </change>
         <change>
            <date normal="2007-05-07" era="ce" calendar="gregorian">May 7, 2007</date>
            <item>Editorial changes so file validates per DLP EAD check list.</item>
         </change>
      </revisiondesc>
   </eadheader>
   <!-- the 'frontmatter' element is a wrapper that bundles prefatory text found before the start of the archival description <archdesc>. It focuses on the creation, publication, or use of the finding aid rather than information
about the materials being described. Examples include a title page, preface, dedication, and instructions for
using a finding aid. -->
   <frontmatter audience="external">
      <!-- information should be included as you would wish it to appear on a titlepage of a printed finding aid -->
      <titlepage>
         <titleproper>Guide to the Owen family collection, <date type="inclusive" normal="1826/1967"
               era="ce" calendar="gregorian">1826-1967</date>
         </titleproper>
         <author>Dina M. Kellams</author>
         <!--Author of finding aid; may differ from processor-->
         <publisher>Indiana University Archives</publisher>
         <!--it is possible to include graphics using extptr -->
         <p>© 2004 Trustees of Indiana University. All rights reserved.</p>
      </titlepage>
   </frontmatter>
   <archdesc level="collection" audience="external" type="inventory" relatedencoding="marc">
      <!-- @type value may alternatively be 'bulk' -->
      <!-- use the label attribute for these elements to determine what label is displayed -->
      <did>
         <head>Summary Information</head>
         <repository encodinganalog="850" label="Repository" id="archives">
            <corpname source="lcnaf"
               normal="Indiana University, Bloomington. Office of University Archives and Records Management"
               >Indiana University Office of University Archives and Records Management</corpname>
            <address>
                   <addressline>1320 East Tenth Street</addressline>
                   <addressline>Herman B Wells Library E460</addressline>
               <addressline>Bloomington, IN 47405-7000</addressline>
               <addressline>Phone: 812-855-1127</addressline>
               
               <addressline>Email: archives@indiana.edu</addressline>
                </address>
            <lb/>
            <extref xlink:href="http://www.libraries.iub.edu/archives"
               >http://www.libraries.iub.edu/archives</extref>
         </repository>
         <origination label="Creator">
            <!-- may be <persname> with @encodinganalog value 100 or <corpname> with @encodinganalog value 110 -->
            <persname source="lcnaf" encodinganalog="100 3">Owen family.</persname>
         </origination>
         <unittitle encodinganalog="245$a" label="Title">Owen family collection, </unittitle>
         <unitdate normal="1826/1967" type="inclusive" encodinganalog="245$f" era="ce"
            calendar="gregorian">1826-1967, </unitdate>
         <unitdate type="bulk" encodinganalog="245$g" normal="1830/1890" era="ce"
            calendar="gregorian">bulk 1830-1890</unitdate>
         <unitid encodinganalog="099" countrycode="US" repositorycode="US-InU-Ar"
            label="Collection No.">C89</unitid>
         <physdesc encodinganalog="300$a$f" label="Extent">
            <extent>.6 cubic feet <lb/>1 box</extent>
            <!-- if both linear feet and number of items included, separate by lb tag -->
         </physdesc>
         <langmaterial encodinganalog="546" label="Language">Materials are in <language
               langcode="eng" encodinganalog="008/35-37">English.</language>
         </langmaterial>
         <abstract encodinganalog="520 3" label="Abstract">Indiana family headed by Robert Owen, who
            purchased Harmony from the Rappites in Posey County, Indiana, with the intention of
            establishing a utopian society, New Harmony. Owen's three sons were major players in the
            introduction of geology, biology, and psychology in Indiana and the United States.
            Collection includes correspondence, speeches, and publications of Robert Owen and his
            descendants. Most prominently featured in the collection are Owen's sons David Dale,
            Richard, and Robert Dale. Some materials are photocopies of manuscripts held by other
            repositories.</abstract>
      </did>

      <accessrestrict encodinganalog="506$a">
         <head>Access Restrictions</head>
         <p>This collection is open for research.</p>
         <p>Advance notice is required.</p>
      </accessrestrict>

      <bioghist encodinganalog="545">
         <head>Biographical Note</head>
         <p>Born in Newton, Montgomeryshire, North Wales, March 14, 1771, Robert Owen first
            introduced important social reforms as a cotton manufacturer in New Lanark, Scotland. In
            January, 1825, Owen purchased Harmony from the Rappites in Posey County, Indiana, with
            the intention of establishing a utopian society - New Harmony. Although this venture
            eventually failed, Owen's three sons - Robert Dale, Richard Dale, and David Dale - were
            major players in the introduction of geology, biology, and psychology in Indiana and the
            United States (a fourth son, William Dale, died just as he was becoming known).
            Individually, Robert Dale and David Dale were largely responsible for the creation of
            the Smithsonian Institute and the organization of the United States Geological
            Survey.</p>
         <p>Robert Dale Owen, the eldest son, was born in Glasgow, November 7, 1801 and educated at
            Fellensberg College near Berne, Switzerland. He came to the United States with his
            father to assist him in his efforts of founding New Harmony. In 1832, Owen married Mary
            Jane Robinson of New York. They settled in New Harmony, where he was elected a member of
            the Legislature 1835- 1838. Owen's political career continued throughout his life: from
            1843 to 1847, he represented the First District of Indiana in Congress, where he took an
            active part in settling the northwest boundary question and introduced the bill
            organizing the Smithsonian Institution. In 1850, he was a member of the Indiana
            Constitutional Convention; he traveled to Naples, Italy, in 1853, as U.S. Charge
            d'affaires, and from 1855 to 1858, he held the position as minister. Owen published many
            works on several topics, including "Outlines of System of Education at New Lanark,"
            "Discussion with Origen Bachelor on the Personality of God and the Authenticity of the
            Bible," and his autobiography, "Threading my Way."</p>
         <p>David Dale Owen was born in New Lanark in 1807. He too accompanied his father to New
            Harmony, though he returned to Europe to study chemistry and geology at the University
            of London. After only a year, he returned to the United States to enter the Ohio Medical
            College at Cincinnati, from which he received a M.D. degree in 1835. In 1837, David Dale
            became the the first State Geologist of Indiana, assigned to conduct a geological
            reconnaissance of the state. Indiana Governor James Whitcomb was so impressed with
            Owen's work that when he became commissioner of the Federal Land Office in Washington,
            he selected Owen to lead a mineral survey of nearly 11,000 sq. miles of the Northwest
            Territory. From 1847-1852, Owen lead the geological survey of more of the Northwest
            Territory, chiefly the area now comprising Wisconsin, Minnesota, Iowa, and parts of
            Illinois and Nebraska, with his brother Richard Dale assisting. From 1854-1858 David
            Dale served as the first State Geologist of Kentucky; 1858- 1859 State Geologist of
            Arkansas, and in 1859 he was reappointed State Geologist in Indiana. David Dale Owen
            died November 13, 1860. After his death, his Richard Dale succeeded him as State
            Geologist.</p>
         <p>Richard Owen, born January 6, 1810 in New Lanark, Scotland, also traveled to New Harmony
            with his father in 1827. After serving in the Mexican War, he returned to New Harmony to
            assist his brother David in the geological survey of parts of the Northwest Territory.
            In 1849, Richard accepted a position as chair of natural science at the Western Military
            Institute of Kentucky, a position he held for 8 years. In 1858, Owen received his M.D.
            at the Nashville (Tennessee) Medical College. After his brother David's death in 1860,
            Richard became the State Geologist of Indiana and in 1861, a member of the Indiana
            University faculty. Dr. Owen was called from this position, however, at the outbreak of
            the Civil War. He returned to his duties as professor at the University in 1864, a
            position he held until 1879. After his retirement, Owen continued his scientific studies
            in New Harmony. It was in New Harmony that he died on March 24, 1890, after mistakenly
            drinking embalming fluid.</p>
      </bioghist>
      <!--optional -->
      <!-- element organization deprecated in DTD version 2002; @encodinganalog may be used to differentiate between 351 subfield a (organization) and subfield b (arrangement). -->
      <arrangement encodinganalog="351$x">
         <head>Arrangement</head>
         <p>Organized into five series: Robert Owen; David Dale Owen; Richard Owen; Robert Dale
            Owen; and Owen family descendants.</p>
      </arrangement>

      <!-- required for collection level; optional for lower levels -->
      <scopecontent encodinganalog="520 2">
         <head>Scope and Content Note</head>
         <p>Organized into five series, the Owen family collection consists of correspondence,
            speeches, and publications of the descendants of Robert Owen.</p>
         <p>The Robert Owen series, 1826-1850, consists of correspondence and a single publication
            of patriarch Robert Owen. The correspondence subseries consists entirely of photocopies
            of correspondence held by a repository in England. The most frequent correspondent is
            Robert Peel about negotiations between Britain and the United States over the Oregon
            Territory.</p>
         <p>The second series, David Dale Owen, 1844-1859, includes three reports and reproductions
            of his geological drawings. The reports include "Geological Reconnoissance of the State
            of Indiana made in the year 1837, in Conformity to an Order of the Legislature" (known
            also as the first geological survey of Indiana), "Geological Report on the Marble Hill
            Quarry" (1853), and an 1844 "Report of a Geological Exploration of Part of Iowa,
            Wisconsin, and Illinois."</p>
         <p>The Richard Owen series consists of correspondence, publications, speeches. Within the
            correspondence subseries, there is a mix of originals and photocopies of originals held
            by another repository. Correspondents include Indiana Governor Conrad Baker and Indiana
            University professors Theophilus Wylie and David H. Maxwell.</p>
         <p>The Robert Dale Owen series consists almost entirely of photocopies of original
            correspondence and speeches from 1830 to 1865. Prominently featured in the
            correspondence subseries is RDO's father, Robert Owen. The speeches subseries includes
            copies of addresses made to the House of Representatives.</p>
         <p>The fifth and final series, Owen family descendants, includes correspondence of Caroline
            Dale Owen Snedeker and Malcolm Dale Owen, grandniece and grandson of Richard Dale Owen,
            with Indiana University officials about the Owen family.</p>
      </scopecontent>
      <!-- recommended; this information would be included for marc amc record -->
      <!-- should include all personal and corporate names, and subject headings -->
      <controlaccess>
         <head>Indexing Terms</head>
         <p>The following terms have been used to index the description of this collection in
               <extref xlink:href="http://www.iucat.iu.edu">IUCAT</extref>, the IU Libraries' online
            catalog. Materials about related topics, persons or places can be found by searching the
            catalog using these terms. </p>
         <controlaccess>
            <head>Names</head>
            <list>
               <item>
                  <extref
                     xlink:href="http://purl.dlib.indiana.edu/iudl/iucat/Indiana+University+Faculty{su}">
                  <corpname encodinganalog="610" source="lcnaf" role="subject">Indiana University
                  --Faculty --History --19th century --Sources.</corpname>
                     </extref>
               </item>
               <item>
                  <extref
                     xlink:href="http://purl.dlib.indiana.edu/iudl/iucat/Owen+family{su}">
                  <famname encodinganalog="600" source="lcnaf">Owen family --Archives.</famname>
                     </extref>
               </item>
               <item>
                  <extref
                     xlink:href="http://purl.dlib.indiana.edu/iudl/iucat/Owen+Robert+1771+1858{su}">
                  <persname source="lcnaf" role="subject" encodinganalog="600">Owen, Robert,
                  1771-1858 --Correspondence.</persname>
                     </extref>
               </item>
               <item>
                  <extref
                     xlink:href="http://purl.dlib.indiana.edu/iudl/iucat/Owen+Robert+1771+1858{su}">
                  <persname source="lcnaf" role="subject" encodinganalog="600">Owen, Robert,
                  1771-1858 --Archives.</persname>
                     </extref>
               </item>
               <item>
                  <extref
                     xlink:href="http://purl.dlib.indiana.edu/iudl/iucat/Owen+Robert+1810+1890{su}">
                  <persname source="lcnaf" role="subject" encodinganalog="600">Owen, Richard,
                  1810-1890 --Correspondence.</persname>
                     </extref>
               </item>
               <item>
                  <extref
                     xlink:href="http://purl.dlib.indiana.edu/iudl/iucat/Owen+Robert+1810+1890{su}">
                  <persname source="lcnaf" role="subject" encodinganalog="600">Owen, Richard,
                  1810-1890 --Archives.</persname>
                     </extref>
               </item>
               <item>
                  <extref
                     xlink:href="http://purl.dlib.indiana.edu/iudl/iucat/Owen+David+Dale+1807+1860{su}">
                  <persname source="lcnaf" role="subject" encodinganalog="600">Owen, David Dale,
                  1807-1860 --Archives.</persname>
                     </extref>
               </item>
               <item>
                  <extref
                     xlink:href="http://purl.dlib.indiana.edu/iudl/iucat/Owen+David+Dale+1801+1877{su}">
                  <persname source="lcnaf" role="subject" encodinganalog="600">Owen, Robert Dale,
                  1801-1877 --Correspondence.</persname>
                     </extref>
               </item>
               <item>
                  <extref
                     xlink:href="http://purl.dlib.indiana.edu/iudl/iucat/Owen+David+Dale+1801+1877{su}">
                  <persname source="lcnaf" role="subject" encodinganalog="600">Owen, Robert Dale,
                  1801-1877 --Archives.</persname>
                     </extref>
               </item>
               <item>
                  <extref
                     xlink:href="http://purl.dlib.indiana.edu/iudl/iucat/Owen+David+Dale+1771+1858{su}">
                  <persname source="lcnaf" encodinganalog="700">Owen, Robert, 1771-1858.
                  Correspondence. Selections.</persname>
                     </extref>
               </item>
               <item>
                  <extref
                     xlink:href="http://purl.dlib.indiana.edu/iudl/iucat/Owen+Richard+1810+1890{su}">
                  <persname source="lcnaf" encodinganalog="700">Owen, Richard, 1810-1890.
                  Correspondence. Selections.</persname>
                     </extref>
               </item>
               <item>
                  <extref
                     xlink:href="http://purl.dlib.indiana.edu/iudl/iucat/Owen+Richard+1810+1890{su}">
                  <persname source="lcnaf" encodinganalog="700">Owen, Robert Dale, 1801-1877.
                  Correspondence. Selections.</persname>
                     </extref>
               </item>
            </list>
         </controlaccess>
         <controlaccess>
            <head>Topics</head>
            <list>
               <item>
                  <extref
                     xlink:href="http://purl.dlib.indiana.edu/iudl/iucat/Family+archives+Indiana{su}">
                  <subject encodinganalog="650" source="lcsh">Family archives --Indiana.</subject>
                     </extref>
               </item>
               <item>
                  <extref
                     xlink:href="http://purl.dlib.indiana.edu/iudl/iucat/Politicians+Indiana{su}">
                  <subject source="lcsh" encodinganalog="650">Politicians --Indiana
                  --Archives.</subject>
                     </extref>
               </item>
               <item>
                  <extref
                     xlink:href="http://purl.dlib.indiana.edu/iudl/iucat/Politicians+Indiana{su}">
                  <subject source="lcsh" encodinganalog="650">Politicians --Indiana
                  --Correspondence.</subject>
                     </extref>
               </item>
               <item>
                  <extref
                     xlink:href="http://purl.dlib.indiana.edu/iudl/iucat/Geologists+Indiana{su}">
                  <subject source="lcsh" encodinganalog="650">Geologists --Indiana
                  --Archives.</subject>
                     </extref>
               </item>
               <item>
                  <extref
                     xlink:href="http://purl.dlib.indiana.edu/iudl/iucat/Geologists+Indiana{su}">
                  <subject source="lcsh" encodinganalog="650">Geologists --Indiana
                  --Correspondence.</subject>
                     </extref>
               </item>
            </list>
         </controlaccess>
         <controlaccess>
            <head>Places</head>
            <list>
               <item>
                  <extref
                     xlink:href="http://purl.dlib.indiana.edu/iudl/iucat/Indiana{su}">
                  <geogname encodinganalog="651" source="aacr2">Indiana --History
                  --Sources.</geogname>
                     </extref>
               </item>
               <item>
                  <extref
                     xlink:href="http://purl.dlib.indiana.edu/iudl/iucat/New Harmony+Ind+{su}">
                  <geogname encodinganalog="651" source="aacr2">New Harmony (Ind.) --History
                  --Sources.</geogname>
                     </extref>
               </item>
            </list>
         </controlaccess>
      </controlaccess>
      <!-- required; 'descgrp' element replaces admininfo element in 2002 DTD -->
      <descgrp>
         <head>Administrative Information</head>

         <acqinfo encodinganalog="541">
            <head>Acquisition Information</head>
            <p>Accession 97/066</p>
         </acqinfo>
         <userestrict encodinganalog="540">
            <head>Usage Restrictions</head>
            <p>Copyright interests for this collection have not been transferred to the Trustees of
               Indiana University. For more information, contact the Indiana University
               Archivist.</p>
         </userestrict>
         <prefercite encodinganalog="524$a">
            <head>Preferred Citation</head>
            <p>[Item], Owen family collection, Collection C89, Office of University Archives and
               Records Management, Indiana University, Bloomington.</p>
         </prefercite>
         <processinfo encodinganalog="583">
            <head>Processing Information</head>
            <p>Processed by Dina M. Kellams.</p>
            <p>Completed in <date normal="2004" era="ce" calendar="gregorian">2000</date>.</p>
         </processinfo>

      </descgrp>
      <!-- required, if appropriate -->
      <!-- optional, if applicable -->
      <dsc type="combined">
         <!-- unittitle is the only required element within component -->
         <!-- possible values for @level include: class, collection, file, fonds, item, otherlevel, recordgrp, series, subfonds, subgrp, subseries -->
         <c01 level="series">
            <did>
               <!-- optional -->
               <unittitle>Robert Owen, <unitdate normal="1826/1850" type="inclusive" era="ce"
                     calendar="gregorian">1826-1850</unitdate>
               </unittitle>
               <!-- optional -->
            </did>
            <!-- optional -->
            <c02 level="subseries">
               <did>
                  <unittitle>Correspondence, <unitdate normal="1826/1847" type="inclusive" era="ce"
                        calendar="gregorian">1826-1847</unitdate>
                  </unittitle>
                  <!-- optional -->
               </did>
               <!-- optional -->
               <c03 level="file">
                  <did>
                     <container type="box" label="Box">1</container>
                     <unittitle>"Lord Aberdeen" (George Hamilton Gordon), <unitdate
                           normal="1826-04-30" era="ce" calendar="gregorian">30 Apr. 1826, </unitdate>
                        <unitdate normal="1826-05-26" era="ce" calendar="gregorian">16 May
                           1826</unitdate>
                     </unittitle>
                  </did>
               </c03>
               <c03 level="file">
                  <did>
                     <unittitle> Peel, Robert, <unitdate normal="1826/1847" type="inclusive"
                           era="ce" calendar="gregorian">1846-1847</unitdate>
                     </unittitle>
                  </did>
               </c03>
               <c03 level="file">
                  <did>
                     <unittitle> "My --- wife and daughters," <unitdate normal="1830-08-27" era="ce"
                           calendar="gregorian">27 Aug. 1830</unitdate>
                     </unittitle>
                  </did>
               </c03>
            </c02>
            <c02 level="subseries">
               <did>
                  <unittitle>Publications, <unitdate normal="1850" era="ce" calendar="gregorian"
                        >1850</unitdate>
                  </unittitle>
               </did>
               <c03 level="file">
                  <did>
                     <container type="box" label="Box">1</container>
                     <unittitle>
                        <title>"Letters to the Human Race on the Coming Universal Revolution," </title>
                        <unitdate normal="1850" era="ce" calendar="gregorian">1850</unitdate>
                     </unittitle>
                  </did>
               </c03>
            </c02>
         </c01>
         <c01 level="series">
            <did>
               <unittitle>David Dale Owen, <unitdate normal="1844/1859" type="inclusive" era="ce"
                     calendar="gregorian">1844-1859</unitdate>
               </unittitle>
            </did>
            <c02 level="subseries">
               <did>
                  <unittitle>Publications, <unitdate type="inclusive" normal="1844/1859" era="ce"
                        calendar="gregorian">1844-1859</unitdate>
                  </unittitle>
               </did>
               <c03 level="file">
                  <did>
                     <container type="box" label="Box">1</container>
                     <unittitle>
                        <title>"Report of a Geological Exploration of Part of Iowa, Wisconsin, and
                           Illinois," </title>
                        <unitdate normal="1844" era="ce" calendar="gregorian">1844</unitdate>
                     </unittitle>
                  </did>
               </c03>
               <c03 level="file">
                  <did>
                     <unittitle> Illustrations for "Report of a Geological Exploration...,"
                           <unitdate normal="1844" era="ce" calendar="gregorian">1844</unitdate>
                     </unittitle>
                  </did>
               </c03>
               <c03 level="file">
                  <did>
                     <unittitle>
                        <title>"A Geological Report on the Marble Hill Quarry," </title>
                        <unitdate normal="1853" era="ce" calendar="gregorian">1853</unitdate>
                     </unittitle>
                  </did>
               </c03>
               <c03 level="file">
                  <did>
                     <unittitle>
                        <title>"Report of a Geological Reconnoissance of the State of Indiana, made
                           in the year 1837, in Conformity to an Order of the Legislature," </title>
                        <unitdate normal="1859" era="ce" calendar="gregorian">1859</unitdate>
                     </unittitle>
                  </did>
               </c03>
            </c02>
         </c01>
         <c01 level="series">
            <did>
               <unittitle>Richard Owen, <unitdate normal="1834/1890" type="inclusive" era="ce"
                     calendar="gregorian">1834-1890</unitdate>
               </unittitle>
            </did>
            <c02 level="subseries">
               <did>
                  <unittitle>Correspondence, <unitdate normal="1834/1889" type="inclusive" era="ce"
                        calendar="gregorian">1834-1889</unitdate>
                  </unittitle>
               </did>
               <c03 level="file">
                  <did>
                     <container type="box" label="Box">1</container>
                     <unittitle> Baker, Conrad, <unitdate normal="1869-02-13" era="ce"
                           calendar="gregorian">13 Feb. 1869</unitdate>
                     </unittitle>
                     <note>
                        <p>Indiana Governor</p>
                     </note>
                  </did>
               </c03>
               <c03 level="file">
                  <did>
                     <unittitle>Indiana University Board of Trustees, <unitdate normal="1864-01-26"
                           era="ce" calendar="gregorian">26 Jan. 1864, </unitdate>
                        <unitdate normal="1865-06-26" era="ce" calendar="gregorian">26 June
                           1865</unitdate>
                     </unittitle>
                  </did>
               </c03>
               <c03 level="file">
                  <did>
                     <unittitle>Foster, John W., <unitdate normal="1858-09-20" era="ce"
                           calendar="gregorian">20 Sept. 1858</unitdate>
                     </unittitle>
                  </did>
               </c03>
               <c03 level="file">
                  <did>
                     <unittitle> Maxwell, David H., <unitdate normal="1863-08-29" era="ce"
                           calendar="gregorian">29 Aug. 1863</unitdate>
                     </unittitle>
                  </did>
               </c03>
               <c03 level="file">
                  <did>
                     <unittitle>Owen, Robert, <unitdate normal="1834-10-03" era="ce"
                           calendar="gregorian">3 Oct 1834, </unitdate>
                        <unitdate normal="1838-06-19" era="ce" calendar="gregorian">19 June 1838
                        </unitdate>
                     </unittitle>
                     <note>
                        <p>Father</p>
                     </note>
                  </did>
               </c03>
               <c03 level="file">
                  <did>
                     <unittitle> Wylie, Theophilus A., <unitdate normal="1889-01-04" era="ce"
                           calendar="gregorian">4 Jan. 1889</unitdate>
                     </unittitle>
                  </did>
               </c03>
               <c03 level="file">
                  <did>
                     <unittitle> Unknown - "Sir" and "Friend," <unitdate normal="1854-01-04"
                           era="ce" calendar="gregorian">4 Jan 1854, </unitdate>
                        <unitdate normal="1881-11-29" era="ce" calendar="gregorian">29 Nov.
                           1881</unitdate>
                     </unittitle>
                  </did>
               </c03>
            </c02>
            <c02 level="subseries">
               <did>
                  <unittitle>Publications, <unitdate normal="1857/1890" type="inclusive" era="ce"
                        calendar="gregorian">1857-1890</unitdate>
                  </unittitle>
               </did>
               <c03 level="file">
                  <did>
                     <container type="box" label="Box">1</container>
                     <unittitle>
                        <title>"Report upon the Mineral and Agricultural Resources of the Lands
                           owned by the Hopkins Mastodon Coal and Iron Mining and Manufacturing
                           Company: The Result of an Exploration," </title>
                        <unitdate normal="1857" era="ce" calendar="gregorian">1857</unitdate>
                     </unittitle>
                  </did>
               </c03>
               <c03 level="file">
                  <did>
                     <unittitle>
                        <title>"Report of Geological Examination made on the Lands of the Wabash
                           Petroleum and Coal Mining Company, in Warren, Fountain and Parke
                           Counties," </title>
                        <unitdate normal="1866" era="ce" calendar="gregorian">1866</unitdate>
                     </unittitle>
                  </did>
               </c03>
               <c03 level="file">
                  <did>
                     <unittitle>
                        <title>"Terrestrial Magnetism," </title>
                        <unitdate normal="1871-10-01/1890" type="inclusive" era="ce"
                           calendar="gregorian">after Oct. 1871</unitdate>
                     </unittitle>
                  </did>
               </c03>
               <c03 level="file">
                  <did>
                     <unittitle>
                        <title>"Report to the Trustees of Purdue University," </title>
                        <unitdate normal="1873" era="ce" calendar="gregorian">1873</unitdate>
                     </unittitle>
                  </did>
               </c03>
               <c03 level="file">
                  <did>
                     <unittitle>
                        <title>"The Dynamics of Land-Forming," </title>
                        <unitdate normal="1877" era="ce" calendar="gregorian">1877</unitdate>
                     </unittitle>
                  </did>
               </c03>
               <c03 level="file">
                  <did>
                     <unittitle>Questionnaire and draft of Richard's biography for T.A. Wylie's
                           <title render="italic">Indiana University: Its History</title>, <unitdate
                           normal="1883" era="ce" calendar="gregorian">1883</unitdate>
                     </unittitle>
                  </did>
               </c03>
               <c03 level="file">
                  <did>
                     <unittitle>
                        <title>"British Earthquakes and their Seismic Relations," </title>
                        <unitdate normal="1884" era="ce" calendar="gregorian">1884</unitdate>
                     </unittitle>
                  </did>
               </c03>
               <c03 level="file">
                  <did>
                     <unittitle>
                        <title>"Notes on Various Subjects," </title>
                        <unitdate normal="1890" era="ce" calendar="gregorian">1890</unitdate>
                     </unittitle>
                  </did>
               </c03>
            </c02>
            <c02 level="subseries">
               <did>
                  <unittitle>Speeches, <unitdate normal="1857/1879" type="inclusive" era="ce" calendar="gregorian"
                     >1857-1879</unitdate></unittitle>
                  
               </did>
               <c03 level="file">
                  <did>
                     <container type="box" label="Box">1</container>
                     <unittitle>
                        <title>"'Honor to the Illustrious Dead': A Lecture on Behalf of the Mount
                           Vernon Association," </title>
                        <unitdate normal="1857" era="ce" calendar="gregorian">1857 </unitdate>
                     </unittitle>
                  </did>
               </c03>
               <c03 level="file">
                  <did>
                     <unittitle>
                        <title>"Happiness and Home, Temporal and Eternal: A Farewell Address,
                           Delivered at the College Chapel of the Indiana State University," </title>
                        <unitdate normal="1879" era="ce" calendar="gregorian">1879</unitdate>
                     </unittitle>
                  </did>
               </c03>
            </c02>
         </c01>
         <c01 level="series">
            <did>
               <unittitle>Robert Dale Owen, <unitdate normal="1830/1865" type="inclusive" era="ce"
                     calendar="gregorian">1830-1865</unitdate>
               </unittitle>
            </did>
            <c02 level="subseries">
               <did>
                  <unittitle>Correspondence, <unitdate normal="1830/1865" type="inclusive" era="ce" calendar="gregorian"
                     >1830-1865</unitdate></unittitle>
                  
               </did>
               <c03 level="file">
                  <did>
                     <container type="box" label="Box">1</container>
                     <unittitle> Allsop, Anna (?), <unitdate normal="1845-10-08" era="ce"
                           calendar="gregorian">8 Oct. 1845</unitdate>
                     </unittitle>
                  </did>
               </c03>
               <c03 level="file">
                  <did>
                     <unittitle>Brinton, Joseph D., <unitdate normal="1865-01-24" era="ce"
                           calendar="gregorian">24 Jan. 1865</unitdate>
                     </unittitle>
                  </did>
               </c03>
               <c03 level="file">
                  <did>
                     <unittitle> Harris, H. J., <unitdate normal="1830/1865" type="inclusive"
                           era="ce" calendar="gregorian">undated</unitdate>
                     </unittitle>
                  </did>
               </c03>
               <c03 level="file">
                  <did>
                     <unittitle>Owen's handwritten copy of letter: Prof. W. C. Larrabee to President
                        Franklin Pierce, <unitdate normal="1853-01-18" era="ce" calendar="gregorian"
                           >18 Jan. 1853</unitdate>
                     </unittitle>
                  </did>
               </c03>
               <c03 level="file">
                  <did>
                     <unittitle> Owen, Caroline Dale, <unitdate normal="1830-01-04" era="ce"
                           calendar="gregorian">4 Jan 1830, </unitdate>
                        <unitdate normal="1930-08-12" era="ce" calendar="gregorian">12 Aug.
                           1830</unitdate>
                     </unittitle>
                     <note>
                        <p>Mother</p>
                     </note>
                  </did>
               </c03>
               <c03 level="file">
                  <did>
                     <unittitle>Owen, Robert, <unitdate normal="1831/1858" type="inclusive" era="ce"
                           calendar="gregorian">1831-1858</unitdate>
                     </unittitle>
                     <note>
                        <p>Father</p>
                     </note>
                  </did>
               </c03>
               <c03 level="file">
                  <did>
                     <unittitle> Watts, R., <unitdate normal="1865-12-26" era="ce"
                           calendar="gregorian">26 Dec. 1865</unitdate>
                     </unittitle>
                  </did>
               </c03>
               <c03 level="file">
                  <did>
                     <unittitle>Owen to ? regarding payment on an outstanding bill, <unitdate
                           normal="1830/1865" type="inclusive" era="ce" calendar="gregorian"
                           >undated</unitdate>
                     </unittitle>
                  </did>
               </c03>
            </c02>
            <c02 level="subseries">
               <did>
                  <unittitle>Speeches, <unitdate normal="1838/1844" type="inclusive" era="ce"
                        calendar="gregorian">1838-1844</unitdate>
                  </unittitle>
               </did>
               <c03 level="file">
                  <did>
                     <container type="box" label="Box">1</container>
                     <unittitle>
                        <title>"Address touching the Influence and Progress of Literature and the
                           Sciences: Delivered before the Philomathean Society of the Indiana
                           University at the Annual Commencement, September, 1838," </title>
                        <unitdate normal="1838-09" era="ce" calendar="gregorian">Sept. 1838
                        </unitdate>
                     </unittitle>
                  </did>
               </c03>
               <c03 level="file">
                  <did>
                     <unittitle>
                        <title>"Address touching an Error of General Prevalance in Society;
                           Delivered in the University Chapel, before the Monroe County Lyceum, on
                           Commencement Day, September 1841," </title>
                        <unitdate normal="1841-09" era="ce" calendar="gregorian">Sept.
                           1841</unitdate>
                     </unittitle>
                  </did>
               </c03>
               <c03 level="file">
                  <did>
                     <unittitle>
                        <title>"The Theory of Tariff Protection," </title>
                        <unitdate normal="1844-04-22" era="ce" calendar="gregorian">22 Apr.
                           1844</unitdate>
                     </unittitle>
                  </did>
               </c03>
               <c03 level="file">
                  <did>
                     <unittitle>
                        <title>"Annexation of Texas. Speech of Mr. Owen, of Indiana, delivered in
                           the House of Representatives, May 21, 1844," </title>
                        <unitdate normal="1844-05-21" era="ce" calendar="gregorian">21 May
                           1844</unitdate>
                     </unittitle>
                  </did>
               </c03>
               <c03 level="file">
                  <did>
                     <unittitle>
                        <title>"Native Americanism. Extract from an Address delivered at Madison,
                           Indiana, July 26, 1844," </title>
                        <unitdate normal="1844-07-26" era="ce" calendar="gregorian">26 July
                           1844</unitdate>
                     </unittitle>
                  </did>
               </c03>
               <c03 level="file">
                  <did>
                     <unittitle>
                        <title>"Native Americanism," </title>
                        <unitdate normal="1843/1845" type="inclusive" era="ce" calendar="gregorian"
                           >ca. 1844</unitdate>
                     </unittitle>
                  </did>
               </c03>
            </c02>
         </c01>
         <c01 level="series">
            <did>
               <unittitle>Owen family descendants, <unitdate normal="1856/1967" type="inclusive"
                     era="ce" calendar="gregorian">1856-1967</unitdate>
               </unittitle>
            </did>
            <c02 level="file">
               <did>
                  <container type="box" label="Box">1</container>
                  <unittitle>Correspondence, <unitdate normal="1856/1967" type="inclusive" era="ce"
                        calendar="gregorian">1856-1967</unitdate>
                  </unittitle>
               </did>
            </c02>
         </c01>
      </dsc>
   </archdesc>
</ead>
