<?xml version="1.0" encoding="UTF-8"?>
<!-- Indiana University EAD template draft: 2003-Jan-2, 
   revised 2004-09-15 JLR; 
   revised fall 2006 and spring/summer 2007 JLR w/ EAD Working Group  -->
<ead xmlns="urn:isbn:1-931666-22-9" xmlns:xlink="http://www.w3.org/1999/xlink"
   xmlns:xsi="http://www.w3.org/2001/XMLSchema-instance"
   xsi:schemaLocation="urn:isbn:1-931666-22-9 http://www.loc.gov/ead/ead.xsd">
   <eadheader relatedencoding="dublincore" audience="external" langencoding="iso639-2b"
      scriptencoding="iso15924" repositoryencoding="iso15511" countryencoding="iso3166-1"
      dateencoding="iso8601" findaidstatus="edited-full-draft">
      <eadid encodinganalog="identifier" identifier="InU-Ar-VAA1307" countrycode="US"
         mainagencycode="InU-Ar">InU-Ar-VAA1307</eadid>
      <filedesc>
         <!-- This is a description of the electronic finding aid, not the original finding aid or the collection -->
         <!-- Make title "John Doe papers, 1919-1965" rather than "Papers of John Doe, 1919-1965" to eliminate potential confusion about the meaning of the dates -->
         <titlestmt>
            <titleproper encodinganalog="title"> Indiana School of Religion records,<date
                  normal="1910/1970" era="ce" calendar="gregorian">1910-1970</date>
            </titleproper>
            <subtitle>A Guide to the records at the Indiana University Archives</subtitle>
            <!--Author of finding aid; may differ from processor-->
            <author encodinganalog="creator">
               <lb/>Electronic finding aid encoded by Amanda Harlan</author>
         </titlestmt>
         <publicationstmt>
            <publisher encodinganalog="publisher">Indiana University Digital Library
               Program</publisher>
            <date encodinganalog="date" normal="2004" type="publication" era="ce"
               calendar="gregorian">© 2004</date>
         </publicationstmt>
      </filedesc>
      <profiledesc>
         <creation>
            <!--description of how the finding aid was created, for example: XML finding aid derived from
[paper by means of scanning and OCR] [OCR file edited for typographical errors before encoding]
[typescript by rekeying] [word processing program and version number]
[<extref href="" linktype="simple" title="" actuate="onrequest" show="new">HTML collection description</extref>]. -->
            <lb/>date of source: <date normal="2004-11-01" type="source" era="ce"
               calendar="gregorian">Nov. 1, 2004</date>
            <lb/>Finding aid encoded from the Word 2002 file.<date normal="2004-11-01" era="ce"
               calendar="gregorian">Nov. 1, 2004</date>
         </creation>
         <!-- iso three-digit 639-2 value for @langcode can be found at http://www.loc.gov/standards/iso639-2/langcodes.html -->
         <langusage>Description is in <language encodinganalog="language" langcode="eng"
               scriptcode="Latn">English.</language>
         </langusage>
      </profiledesc>
      <!-- revisiondesc is required -->
      <!-- record when the finding aid is initiated in first 'change' element, with subsequent changes listed below the first, and the final 'change' element indicating date finding aid completed -->
      <revisiondesc>
         <change>
            <date normal="2004-11-01" era="ce" calendar="gregorian">November 1, 2004</date>
            <item>Encoded finding aid begun.</item>
         </change>
         <change>
            <date normal="2004-11-11" era="ce" calendar="gregorian">November 11, 2004</date>
            <item>Encoded finding aid completed.</item>
         </change>
         <change>
            <date normal="2004-12-16" era="ce" calendar="gregorian">December 16, 2004</date>
            <item>Encoded finding aid revisions completed.</item>
         </change>
      </revisiondesc>
   </eadheader>
   <!-- the 'frontmatter' element is a wrapper that bundles prefatory text found before the start of the archival description <archdesc>. It focuses on the creation, publication, or use of the finding aid rather than information
about the materials being described. Examples include a title page, preface, dedication, and instructions for
using a finding aid. -->
   <frontmatter audience="external">
      <!-- information should be included as you would wish it to appear on a titlepage of a printed finding aid -->
      <titlepage>
         <titleproper>Guide to the Indiana School of Religion records, <date normal="1910/1970"
               era="ce" calendar="gregorian">1910-1970</date>
         </titleproper>
         <author>Ryan K. Lee</author>
         <!--Author of finding aid; may differ from processor-->
         <author>Encoded by Amanda Harlan</author>
         <publisher>Indiana University Archives</publisher>
         <!--it is possible to include graphics using extptr -->
         <p>© 2004 Trustees of Indiana University. All rights reserved.</p>
      </titlepage>
   </frontmatter>
   <archdesc level="collection" audience="external" type="inventory" relatedencoding="marc">
      <!-- @type value may alternatively be 'bulk' -->
      <!-- use the label attribute for these elements to determine what label is displayed -->
      <did>
         <head>Summary Information</head>
         <repository encodinganalog="850" label="Repository" id="archives">
            <corpname source="lcnaf"
               normal="Indiana University, Bloomington. Office of University Archives and Records Management"
               >Indiana University Office of University Archives and Records Management</corpname>
            <address>
                   <addressline>1320 East Tenth Street</addressline>
                   <addressline>Herman B Wells Library E460</addressline>
               <addressline>Bloomington, IN 47405-7000</addressline>
               <addressline>Phone: 812-855-1127</addressline>
               
               <addressline>Email: archives@indiana.edu</addressline>
                </address>
            <lb/>
            <extref xlink:href="http://www.libraries.iub.edu/archives"
               >http://www.libraries.iub.edu/archives</extref>
         </repository>
         <origination label="Creator">
            <!-- may be <persname> with @encodinganalog value 100 or <corpname> with @encodinganalog value 110 -->
            <corpname source="lcnaf" encodinganalog="110">Indiana School of Religion.</corpname>
         </origination>
         <unittitle encodinganalog="245$a" label="Title">Indiana School of Religion records, </unittitle>
         <unitdate normal="1910/1970" type="inclusive" encodinganalog="245$f" era="ce"
            calendar="gregorian">1910-1970, </unitdate>
         <unitdate normal="1952/1967" type="bulk" encodinganalog="245$g" label="Bulk" era="ce"
            calendar="gregorian">bulk 1952-1967</unitdate>
         <unitid encodinganalog="099" countrycode="US" repositorycode="US-InU-Ar"
            label="Collection No.">C251</unitid>
         <physdesc encodinganalog="300$a$f" label="Extent">
            <extent>4.6 cubic feet</extent>
            <!-- if both linear feet and number of items included, separate by lb tag -->
         </physdesc>
         <langmaterial encodinganalog="546" label="Language">Materials are in <language
               langcode="eng" encodinganalog="008/35-37">English.</language>
         </langmaterial>
         <abstract encodinganalog="520 3" label="Abstract">Established in Bloomington, Indiana, as
            the Bloomington Bible Chair by the Disciples of Christ in 1910; the name changed to the
            Indiana School of Religion in 1917. The mission of the School was to provide Biblical
            and religious education to, and to promote the religious education of, students who
            attended Indiana University. Collection consists of correspondence, minutes of the Board
            of Directors, financial records, publications, essays, pamphlets, and
            posters.</abstract>
      </did>

      <accessrestrict encodinganalog="506$a">
         <head>Access Restrictions</head>
         <p>This collection is open for research.</p>
         <p>Advance notice is required.</p>
      </accessrestrict>

      <bioghist encodinganalog="545">
         <head>Administrative History</head>
         <p>According to its charter, the mission of the Indiana School of Religion was to provide
            and promote Biblical and religious education to students who attended Indiana
            University. This statement of purpose was based on the idea that higher education would
            be incomplete without providing students with instruction in the religious culture of
            the United States and the world. As a predecessor to the Department of Religious Studies
            at Indiana University, the Indiana School of Religion attempted to fulfilled this
            mission during its sixty-year tenure at the university from 1910-1970.</p>
         <p>The Indiana School of Religion began as a small community association formed by the
            Disciples of Christ in the early 1900’s. Initially, the school was called the
            Bloomington Bible Chair. This organization was part of the Bible Chair movement of
            Christian churches around the turn of the 20th century. In 1904 the State Christian
            Church Convention approved a plea by T. J. Clark, pastor of the Kirkwood Avenue
            Christian Church in Bloomington, for the establishment of a Bible Chair at Indiana
            University. Five years later the initiative was taken up by President William Lowe
            Bryan, and on October 29, 1910, the Bloomington Bible Chair was incorporated, and began
            holding meetings in the Kirkwood Avenue Church. The name was changed to the Indiana
            School of Religion in 1917. In its first meeting on November 7, 1910, a Board of
            Directors was organized, comprised of 11 directors, with Dr. Joseph C. Todd as chairman.
            Within the Board of Directors, an Executive Committee was organized to carry out the
            business of corporation between the times of the annual meetings of the board.</p>
         <p> Initially, members of the Board of Directors were limited to members of the Christian
            Church, or Disciples of Christ. Similarly, the group of people targeted for enrollment
            in the School was the Christian student body and members of the Christian Church within
            the community. However, in 1922, a resolution was passed to allow members of other
            religions to hold positions on the board, and the focus began to shift to be more
            inclusive of peoples of other denominations. By the 1950’s there was a big push to
            target members of the three major religious traditions: Protestants, Catholics, and
            Jews.</p>
         <p>Beginning in 1914, the Indiana School of Religion was housed in a series of buildings at
            the intersection of Indiana Avenue and Third Street in Bloomington, directly adjacent to
            the campus of Indiana University. The initial building purchased in 1914 and which sat
            on the corner of Third Street and Indiana Avenue burned down on December 26 of that same
            year. Another building was acquired across the street in 1915, and was used for offices,
            classrooms and the residence of the Dean until 1921. Other buildings that occupied this
            area included two student residence halls, Wharton Hall and Bethany Hall; the Bungalow,
            a residence for faculty members; and the School of Religion Hall, which was used for
            offices, a chapel, library, and classrooms. In 1956, a limestone building, paid for
            mainly through a large endowment from the Eli Lilly Company, was constructed on Union
            and Seventh Streets to provide classrooms, offices, and other necessary facilities for
            the School in one building.</p>
         <p>For the first 43 years, the School of Religion offered courses in religion to university
            students and the community on a non-credit basis, using facilities adjacent to the
            Indiana University campus. The expenses for the school and faculty salaries were paid
            for completely by donors and benefactors. During these first decades, enrollments were
            not large, and the School struggled to sustain itself. From the 1940’s to the
            mid-1960’s, there was a great deal of debate over the issue of teaching religion at
            state-funded schools. Indiana School of Religion officials were heavily involved in
            researching this issue, putting the school at the forefront for implementing the concept
            of religious instruction in state-owned institutions of higher education.</p>
         <p>After the retirement of Joseph Todd in 1952, Rev. Daniel J. (D. J.) Bowden was appointed
            as director of Indiana School of Religion in 1953. In that same year, Indiana University
            established an “Area of Comparative Religion” within its College of Arts and Sciences,
            supervised by a faculty committee with Dr. John W. Ashton as chair. Many courses taught
            in this area were by faculty of the Indiana School of Religion, who were given the title
            of lecturer by the university. This resulted in the first religion courses to be taught
            for college credit at Indiana University, with Harold E. Hill of the School of Religion
            being the lecturer for these courses. However, at the time it was unconstitutional to
            use tax money to support these faculty members, so they continued to be paid through
            School of Religion funds.</p>
         <p> In 1963, two factors played in transferring the responsibility of religious studies
            from the School of Religion to Indiana University. First, the U.S. Supreme Court ruled
            that tax money could be used to teach religion on a non-sectarian basis. Second, the
            university received a grant from the Danforth endowment that supplied monies for the
            purpose of religious instruction. As a result, an interdisciplinary committee was formed
            to decide the future of religious studies at Indiana University. Joseph Sutton, the
            chair of the committee, recommended that there be a clean break from the School of
            Religion. The following year, Indiana University commenced its Religious Studies
            program, with courses still being taught primarily by School of Religion faculty
            members. However, in 1965, Religious Studies was established as a department of the
            College of Arts and Sciences, and the university decided to start from scratch and
            appointed new faculty and staff from outside the School of Religion, placing the
            existence of the School in jeopardy. Over the next five years, the Indiana School of
            Religion was gradually forced to close shop.</p>
         <p>Eventually, D. J. Bowden, director of the School, was offered an appointment in the
            university’s scholarship department. Although Harold Hill was kept on as an instructor,
            he resigned from this position after disagreements with Joseph Sutton, who had become
            Dean of College of Arts and Sciences, and left to teach at the University of Tulsa. The
            School of Religion building was sold, and the monies invested into an endowment. The
            Board of Directors at the School of Religion was persuaded to transfer these funds,
            along with the annual income from the school’s primary endowment, to the Religious
            Studies program. This money allowed the program to make headway as a full-fledged
            department because they could hire teacher assistants to take some of the burden of
            instruction off the young faculty, thus expanding the available courses. By 1970, there
            was little left of what was once the Indiana School of Religion, and on May 20 of that
            year, to officially terminate its existence, a resolution was adopted at a meeting of
            the Board of Directors to dissolve the school and all its organizations.</p>
      </bioghist>
      <!--optional -->
      <!-- element organization deprecated in DTD version 2002; @encodinganalog may be used to differentiate between 351 subfield a (organization) and subfield b (arrangement). -->
      <arrangement encodinganalog="351$x">
         <head>Arrangement</head>
         <p>Records organized into six series: Board of Directors administrative files;
            Correspondence; Financial records; Publications; Subject files; and Writings.</p>
      </arrangement>

      <!-- required for collection level; optional for lower levels -->
      <scopecontent encodinganalog="520 2">
         <head>Scope and Content</head>
         <p>The Indiana School of Religion records span the years 1910-1970. These records are
            organized into six series: Board of Directors administrative files, Correspondence,
            Financial records, Publications, Subject files, and Writings.</p>
         <p>The Board of Directors administrative files series span the years 1910-1970. This series
            is divided into six sub-series: Committees, Elections, Governing documentation,
            Meetings, Minutes, and Reports. The Committees sub-series includes folders from the
            Committee on Instruction and Educational Policy and from the Executive Committee. The
            Elections sub-series consists of lists of elected officials up to 1921 and those whose
            terms expired between 1954-1964. The Governing documentation sub-series includes
            articles of incorporation, constitutions and by-laws, amendments, contracts, and
            policies. The Meetings sub-series consists of the working papers from the meetings of
            the Board of Directors, including both annual and special meetings. These papers include
            minutes, agendas, and items of discussion. The Minutes sub-series consists of two bound
            volumes and one loose folder of minutes from both the Board of Directors and the
            Executive Committee. The final sub-series, Reports, includes reports of the professional
            activities of the faculty and official reports on the activities and progress of the
            School of Religion. This series is organized alphabetically.</p>
         <p>The Correspondence series spans the years 1911-1967. This series consists of letters and
            memoranda to and from the Indiana School of Religion. Included in this series are
            letters between Joseph Todd and J. K. Lilly in the late 1940’s-early 1950’s concerning
            securing funds for the new building; recommendation letters for D. J. Bowden; and
            memoranda between the heads of the School of Religion and the Board of Directors. This
            series is organized alphabetically by subject or correspondent.</p>
         <p>The Financial records series spans the years 1910-1970. This series consists of files,
            reports, and ledger books that contain the financial history of the School of Religion.
            The series includes the official Treasurer or Financial Secretary record books from
            1910-1953; audit reports for the 1950’s-1960’s; and copies of donation and pledge
            agreements. Most of the ledger books in this series are oversized and have been housed
            in separate boxes, comprising Box 5 and most of Box 6 of this collection. A list of
            these oversized items is included at the end of the folder list below. Please ask staff
            for more details on viewing these oversized materials. This series is organized
            alphabetically by subject. See Box 5 and 6 for oversized material in this series.</p>
         <p>The Publications series spans the years 1910-1963. This series is organized into five
            sub-series: Announcements of Courses; Bloomington Bible Chair; Bulletins; Pamphlets and
            Posters; and General. The Announcements of Courses sub-series consists of pamphlets that
            were published on a semester basis, providing a list of courses, who was teaching, and
            the dates and times of the course. These differ from the bulletins in that they are
            limited to providing information on courses; provide less detail; and are usually
            smaller in size and breadth. The Bloomington Bible Chair sub-series includes
            publications from the first years of what would become the Indiana School of Religion,
            including a series of programs from the Kirkwood Avenue Christian Church at which Joseph
            C. Todd was pastor until being named director of the School of Religion. The Bulletins
            sub-series includes one bound volume of the official bulletin of the Indiana School of
            Religion, spanning the years 1910-1929, as well as loose copies of bulletins between
            1913 and 1963. There is not a complete run of bulletins. Bulletins include news and
            events concerning the School and often advertised courses for the upcoming school year.
            The Pamphlets and Posters sub-series consists of advertising flyers and posters, as well
            as informational pamphlets, on the School of Religion and its activities. The General
            sub-series includes a copy of Indiana University Newsletter that was devoted to the
            School of Religion; copies of The Y-Angle, the local YMCA newsletter, from 1950-1951;
            and addresses published by the Indiana School of Religion. Topics of these addresses
            focus on religious instruction in higher education. This series is organized
            alphabetically by sub-series, and chronologically within each sub-series.</p>
         <p>The Subject files series spans the years 1915-1970. This series chronicles the
            activities of the Indiana School of Religion. Subjects include the dedication of the new
            building in 1956-1957; a study of religion in state universities; and biographical
            information on Joseph C. Todd, the school’s first director. See Box 6 for oversized
            material in this series.</p>
         <p>The Writings series includes short essays on the topic of religion in the university.
            The first folder includes a history of religion at Indiana University up to 1847. The
            last folder includes six undated short essays or articles by Joseph Todd focusing mostly
            on the importance of religious instruction at the University. This series is organized
            alphabetically by author.</p>
         <p>Photographs and artifacts related to the collection were removed and stored separately
            from the collection. Please ask staff for more details.</p>
      </scopecontent>
      <!-- recommended; this information would be included for marc amc record -->
      <!-- should include all personal and corporate names, and subject headings -->
      <controlaccess>
         <head>Indexing Terms</head>
         <p>The following terms have been used to index the description of this collection in
               <extref xlink:href="http://www.iucat.iu.edu">IUCAT</extref>, the IU Libraries' online
            catalog. Materials about related topics, persons or places can be found by searching the
            catalog using these terms. </p>
         <controlaccess>
            <head>Names</head>
            <list>
               <item>
                  <extref
                     xlink:href="http://purl.dlib.indiana.edu/iudl/iucat/Indiana+School+of+Religion{su}">
                  <corpname encodinganalog="610" source="lcnaf" role="subject">Indiana School of
                  Religion --History --Sources.</corpname>
                     </extref>
               </item>
               <item>
                  <extref
                     xlink:href="http://purl.dlib.indiana.edu/iudl/iucat/Indiana+School+of+Religion{su}">
                  <corpname encodinganalog="610" source="lcnaf" role="subject">Indiana School of
                  Religion --Archives.</corpname>
                     </extref>
               </item>
               <item>
                  <extref
                     xlink:href="http://purl.dlib.indiana.edu/iudl/iucat/Indiana+School+of+Religion{su}">
                  <corpname encodinganalog="610" source="lcnaf" role="subject">Indiana School of
                  Religion --Records and correspondence.</corpname>
                     </extref>
               </item>
               <item>
                  <extref
                     xlink:href="http://purl.dlib.indiana.edu/iudl/iucat/Indiana+School+of+Religion{su}">
                  <corpname encodinganalog="610" source="lcnaf" role="subject">Indiana School of
                  Religion --Administration.</corpname>
                     </extref>
               </item>
               <item>
                  <extref
                     xlink:href="http://purl.dlib.indiana.edu/iudl/iucat/Disciples+of+Christ+Bloomington+Bible+Chair{su}">
                  <corpname source="lcnaf" role="subject" encodinganalog="610">Disciples of Christ.
                  Bloomington Bible Chair --History --Sources.</corpname>
                     </extref>
               </item>
               <item>
                  <extref
                     xlink:href="http://purl.dlib.indiana.edu/iudl/iucat/Disciples+of+Christ+Bloomington+Bible+Chair{su}">
                  <corpname source="lcnaf" role="subject" encodinganalog="610">Disciples of Christ.
                  Bloomington Bible Chair --Archives.</corpname>
                     </extref>
               </item>
               <item>
                  <extref
                     xlink:href="http://purl.dlib.indiana.edu/iudl/iucat/Disciples+of+Christ+Bloomington+Bible+Chair{su}">
                  <corpname source="lcnaf" role="subject" encodinganalog="610">Disciples of Christ.
                  Bloomington Bible Chair --Records and correspondence.</corpname>
                     </extref>
               </item>
               <item>
                  <extref
                     xlink:href="http://purl.dlib.indiana.edu/iudl/iucat/Disciples+of+Christ+Bloomington+Bible+Chair{su}">
                  <corpname source="lcnaf" role="subject" encodinganalog="610">Disciples of Christ.
                  Bloomington Bible Chair --Administration.</corpname>
                     </extref>
               </item>
               <item>
                  <extref
                     xlink:href="http://purl.dlib.indiana.edu/iudl/iucat/Disciples+of+Christ+Bloomington+Bible+Chair{su}">
                  <corpname source="lcnaf" encodinganalog="710">Disciples of Christ. Bloomington
                  Bible Chair.</corpname>
                     </extref>
               </item>
               <item>
                  <extref
                     xlink:href="http://purl.dlib.indiana.edu/iudl/iucat/Todd+Joseph+Clinton+1879{su}">
                  <persname encodinganalog="600" source="lcnaf" role="subject">Todd, Joseph
                  Clinton, 1879- --Archives.</persname>
                     </extref>
               </item>
               <item>
                  <extref
                     xlink:href="http://purl.dlib.indiana.edu/iudl/iucat/Todd+Joseph+Clinton+1879{su}">
                  <persname source="lcnaf" role="subject" encodinganalog="600">Todd, Joseph Clinton,
                  1879- --Correspondence.</persname>
                     </extref>
               </item>
               <item>
                  <extref
                     xlink:href="http://purl.dlib.indiana.edu/iudl/iucat/Todd+Joseph+Clinton+1879{su}">
                  <persname source="lcnaf" encodinganalog="700">Todd, Joseph Clinton, 1879-
                  --Correspondence. Selections.</persname>
                     </extref>
               </item>
            </list>
         </controlaccess>
         <controlaccess>
            <head>Topics</head>
            <list>
               <item>
                  <extref
                     xlink:href="http://purl.dlib.indiana.edu/iudl/iucat/Religious+education+Indiana{su}">
                  <subject encodinganalog="650" source="lcsh">Religious education --Indiana
                  --Bloomington --History --20th century --Sources.</subject>
                     </extref>
               </item>
               <item>
                  <extref
                     xlink:href="http://purl.dlib.indiana.edu/iudl/iucat/Universities+and+colleges+Religion{su}">
                  <subject source="lcsh" encodinganalog="650">Universities and colleges
                  --Religion.</subject>
                     </extref>
               </item>
               <item>
                  <extref
                     xlink:href="http://purl.dlib.indiana.edu/iudl/iucat/College+students+Religious+life+Indiana{su}">
                  <subject source="lcsh" encodinganalog="650">College students --Religious life
                  --Indiana --Bloomington --History --20th century --Sources.</subject>
                     </extref>
               </item>
               <item>
                  <extref
                     xlink:href="http://purl.dlib.indiana.edu/iudl/iucat/Religion+Periodicals{su}">
                  <subject source="lcsh" encodinganalog="650">Religion --Periodicals.</subject>
                     </extref>
               </item>
            </list>
         </controlaccess>
      </controlaccess>
      <!-- required, if appropriate -->
      <separatedmaterial encodinganalog="544">
         <head>Separated Material</head>
         <p>Photographs were placed in the Photograph collection.</p>
         <p>Two block stamps were transferred to the Archives' realia cabinet.</p>
         <p>Duplicates, financial statements, and receipts whose retention date had expired were
            discarded.</p>
      </separatedmaterial>
      <!-- required; 'descgrp' element replaces admininfo element in 2002 DTD -->
      <descgrp>
         <head>Administrative Information</head>

         <acqinfo encodinganalog="541">
            <head>Acquisition Information</head>
            <p>Accessions 0484, 0517, and 0895.</p>
         </acqinfo>
         <userestrict encodinganalog="540">
            <head>Usage Restrictions</head>
            <p>Copyright interests for this collection have been transferred to the Trustees of
               Indiana University. For more information, contact the Indiana University
               Archivist.</p>
         </userestrict>
         <prefercite encodinganalog="524$a">
            <head>Preferred Citation</head>
            <p>[Item], Indiana School of Religion records, Collection C251, Indiana University
               Archives.</p>
         </prefercite>
         <custodhist encodinganalog="561">
            <head>Provenance</head>
            <p>There were several publications, mostly bulletins, that were added to the collection
               from the University Archives publication collection.</p>
         </custodhist>
         <processinfo encodinganalog="583">
            <head>Processing Information</head>
            <p>Processed by Ryan K. Lee.</p>
            <p>Completed in <date normal="2004" era="ce" calendar="gregorian">2004</date>.</p>
         </processinfo>

      </descgrp>
      <!-- optional, if applicable -->
      <dsc type="combined">
         <!-- unittitle is the only required element within component -->
         <!-- possible values for @level include: class, collection, file, fonds, item, otherlevel, recordgrp, series, subfonds, subgrp, subseries -->
         <c01 level="series">
            <did>
               <unittitle>Board of Directors administrative files, <unitdate normal="1910/1970"
                     type="inclusive" era="ce" calendar="gregorian">1910-1970</unitdate>
               </unittitle>
            </did>
            <c02 level="subseries">
               <did>
                  <unittitle>Committees, </unittitle>
               </did>
               <c03 level="file">
                  <did>
                     <container type="box" label="Box">1</container>
                     <unittitle>Committee on Instruction and Educational Policy, <unitdate
                           normal="1953/1960" type="inclusive" era="ce" calendar="gregorian"
                           >1953-1960</unitdate>
                     </unittitle>
                  </did>
                  <c04 level="file">
                     <did>
                        <unittitle>
                           <unitdate normal="1953/1960" type="inclusive" era="ce"
                              calendar="gregorian">1953-1960</unitdate>
                        </unittitle>
                     </did>
                  </c04>
                  <c04 level="file">
                     <did>
                        <unittitle>
                           <unitdate normal="1961/1963" type="inclusive" era="ce"
                              calendar="gregorian">1961-1963</unitdate>
                        </unittitle>
                     </did>
                  </c04>
               </c03>
               <c03 level="file">
                  <did>
                     <unittitle>Executive Committee, <unitdate normal="1952/1958" type="inclusive"
                           era="ce" calendar="gregorian">1952-1958</unitdate>
                     </unittitle>
                  </did>
                  <c04 level="file">
                     <did>
                        <unittitle>Minutes, <unitdate normal="1952/1958" type="inclusive" era="ce"
                              calendar="gregorian">1952-1958</unitdate>
                        </unittitle>
                     </did>
                  </c04>
                  <c04 level="file">
                     <did>
                        <unittitle>"Toward the Improvement of Religious Studies in Indiana
                           University," <unitdate normal="1961" era="ce" calendar="gregorian"
                              >1961</unitdate>
                        </unittitle>
                     </did>
                  </c04>
               </c03>
            </c02>
            <c02 level="subseries">
               <did>
                  <unittitle>Elections, <unitdate></unitdate></unittitle>
               </did>
               <c03 level="file">
                  <did>
                     <container type="box" label="Box">1</container>
                     <unittitle>Certification on Election of Members and Directors of Indiana School
                        of Religion from the years, <unitdate normal="1911/1921" type="inclusive"
                           era="ce" calendar="gregorian">1911-1921, </unitdate>
                        <unitdate normal="1922-06-08" era="ce" calendar="gregorian">8 Jun.
                           1922</unitdate>
                     </unittitle>
                  </did>
               </c03>
               <c03 level="file">
                  <did>
                     <unittitle>Terms to Expire, <unitdate normal="1954/1964" type="inclusive"
                           era="ce" calendar="gregorian">1954-1964</unitdate>
                     </unittitle>
                  </did>
               </c03>
            </c02>
            <c02 level="subseries">
               <did>
                  <unittitle>Governing documentation, </unittitle>
               </did>
               <c03 level="file">
                  <did>
                     <container type="box" label="Box">1</container>
                     <unittitle>Articles of Association, <unitdate normal="1917/1952"
                           type="inclusive" era="ce" calendar="gregorian">1917-1952</unitdate>
                     </unittitle>
                  </did>
               </c03>
               <c03 level="file">
                  <did>
                     <unittitle>Articles of Voluntary Dissolution, <unitdate normal="1970" era="ce"
                           calendar="gregorian">1970</unitdate>
                     </unittitle>
                  </did>
               </c03>
               <c03 level="file">
                  <did>
                     <unittitle>Building Contracts, <unitdate normal="1956" era="ce"
                           calendar="gregorian">1956</unitdate>
                     </unittitle>
                  </did>
               </c03>
               <c03 level="file">
                  <did>
                     <unittitle>Charter and Amendments, <unitdate normal="1910/1917"
                           type="inclusive" era="ce" calendar="gregorian">1910-1917</unitdate>
                     </unittitle>
                  </did>
               </c03>
               <c03 level="file">
                  <did>
                     <unittitle>Constitution and Bylaws,</unittitle>
                  </did>
                  <c04 level="file">
                     <did>
                        <unittitle>Indiana School of Religion, <unitdate normal="1922/1954"
                              type="inclusive" era="ce" calendar="gregorian">1922-1954</unitdate>
                        </unittitle>
                     </did>
                  </c04>
                  <c04 level="file">
                     <did>
                        <unittitle>Indiana School of Religion Association and Student Christian
                           Union, <unitdate normal="1923/1924" type="inclusive" era="ce"
                              calendar="gregorian">1923-1924</unitdate>
                        </unittitle>
                     </did>
                  </c04>
               </c03>
               <c03 level="file">
                  <did>
                     <unittitle>Notice of Change of Principal Office and Resident Agent, <unitdate
                           normal="1967" era="ce" calendar="gregorian">1967</unitdate>
                     </unittitle>
                  </did>
               </c03>
               <c03 level="file">
                  <did>
                     <unittitle>Policies, <unitdate normal="1951/1952" type="inclusive" era="ce"
                           calendar="gregorian">1951-1952</unitdate>
                     </unittitle>
                  </did>
               </c03>
            </c02>
            <c02 level="subseries">
               <did>
                  <unittitle>Meetings, </unittitle>
               </did>
               <c03 level="file">
                  <did>
                     <unittitle>Annual Meeting, </unittitle>
                  </did>
                  <c04 level="file">
                     <did>
                        <container type="box" label="Box">1</container>
                        <unittitle>
                           <unitdate normal="1935" era="ce" calendar="gregorian">1935</unitdate>
                        </unittitle>
                     </did>
                  </c04>
                  <c04 level="file">
                     <did>
                        <unittitle>
                           <unitdate normal="1952" era="ce" calendar="gregorian">1952</unitdate>
                        </unittitle>
                     </did>
                  </c04>
                  <c04 level="file">
                     <did>
                        <unittitle>
                           <unitdate normal="1953" era="ce" calendar="gregorian">1953</unitdate>
                        </unittitle>
                     </did>
                  </c04>
                  <c04 level="file">
                     <did>
                        <unittitle>
                           <unitdate normal="1954" era="ce" calendar="gregorian">1954</unitdate>
                        </unittitle>
                     </did>
                  </c04>
                  <c04 level="file">
                     <did>
                        <unittitle>
                           <unitdate normal="1955" era="ce" calendar="gregorian">1955</unitdate>
                        </unittitle>
                     </did>
                  </c04>
                  <c04 level="file">
                     <did>
                        <unittitle>
                           <unitdate normal="1956" era="ce" calendar="gregorian">1956</unitdate>
                        </unittitle>
                     </did>
                  </c04>
                  <c04 level="file">
                     <did>
                        <unittitle>
                           <unitdate normal="1957" era="ce" calendar="gregorian">1957</unitdate>
                        </unittitle>
                     </did>
                  </c04>
                  <c04 level="file">
                     <did>
                        <unittitle>
                           <unitdate normal="1958" era="ce" calendar="gregorian">1958</unitdate>
                        </unittitle>
                     </did>
                  </c04>
                  <c04 level="file">
                     <did>
                        <unittitle>
                           <unitdate normal="1959" era="ce" calendar="gregorian">1959</unitdate>
                        </unittitle>
                     </did>
                  </c04>
                  <c04 level="file">
                     <did>
                        <unittitle>
                           <unitdate normal="1960" era="ce" calendar="gregorian">1960</unitdate>
                        </unittitle>
                     </did>
                  </c04>
                  <c04 level="file">
                     <did>
                        <unittitle>
                           <unitdate normal="1961" era="ce" calendar="gregorian">1961</unitdate>
                        </unittitle>
                     </did>
                  </c04>
                  <c04 level="file">
                     <did>
                        <unittitle>
                           <unitdate normal="1962" era="ce" calendar="gregorian">1962</unitdate>
                        </unittitle>
                     </did>
                  </c04>
                  <c04 level="file">
                     <did>
                        <unittitle>
                           <unitdate normal="1963" era="ce" calendar="gregorian">1963</unitdate>
                        </unittitle>
                     </did>
                  </c04>
                  <c04 level="file">
                     <did>
                        <unittitle>
                           <unitdate normal="1964" era="ce" calendar="gregorian">1964</unitdate>
                        </unittitle>
                     </did>
                  </c04>
                  <c04 level="file">
                     <did>
                        <unittitle>
                           <unitdate normal="1965" era="ce" calendar="gregorian">1965</unitdate>
                        </unittitle>
                     </did>
                  </c04>
                  <c04 level="file">
                     <did>
                        <unittitle>
                           <unitdate normal="1966" era="ce" calendar="gregorian">1966</unitdate>
                        </unittitle>
                     </did>
                  </c04>
                  <c04 level="file">
                     <did>
                        <unittitle>
                           <unitdate normal="1967" era="ce" calendar="gregorian">1967</unitdate>
                        </unittitle>
                     </did>
                  </c04>
                  <c04 level="file">
                     <did>
                        <unittitle>
                           <unitdate normal="1969" era="ce" calendar="gregorian">1969</unitdate>
                        </unittitle>
                     </did>
                  </c04>
               </c03>
               <c03 level="file">
                  <did>
                     <unittitle>Special Meeting,</unittitle>
                  </did>
                  <c04 level="file">
                     <did>
                        <unittitle>
                           <unitdate normal="1953" era="ce" calendar="gregorian">1953</unitdate>
                        </unittitle>
                     </did>
                  </c04>
                  <c04 level="file">
                     <did>
                        <unittitle>
                           <unitdate normal="1959" era="ce" calendar="gregorian">1959</unitdate>
                        </unittitle>
                     </did>
                  </c04>
                  <c04 level="file">
                     <did>
                        <unittitle>
                           <unitdate normal="1965" era="ce" calendar="gregorian">1965</unitdate>
                        </unittitle>
                     </did>
                  </c04>
               </c03>
            </c02>
            <c02 level="subseries">
               <did>
                  <unittitle>Minutes, </unittitle>
               </did>
               <c03 level="file">
                  <did>
                     <unittitle>(Bound Copies), </unittitle>
                  </did>
                  <c04 level="file">
                     <did>
                        <container type="box" label="Box">1</container>
                        <unittitle>
                           <unitdate normal="1910/1925" type="inclusive" era="ce"
                              calendar="gregorian">1910-1925</unitdate>
                        </unittitle>
                     </did>
                  </c04>
                  <c04 level="file">
                     <did>
                        <unittitle>
                           <unitdate normal="1936/1952" type="inclusive" era="ce"
                              calendar="gregorian">1936-1952</unitdate>
                        </unittitle>
                     </did>
                  </c04>
               </c03>
               <c03 level="file">
                  <did>
                     <unittitle>(Loose Copies), </unittitle>
                  </did>
                  <c04 level="file">
                     <did>
                        <unittitle>
                           <unitdate normal="1910/1922" type="inclusive" era="ce"
                              calendar="gregorian">1910-1922</unitdate>
                        </unittitle>
                     </did>
                  </c04>
               </c03>
            </c02>
            <c02 level="subseries">
               <did>
                  <unittitle>Reports, </unittitle>
               </did>
               <c03 level="file">
                  <did>
                     <container type="box" label="Box">1</container>
                     <unittitle>Annual Reports of Professional Activities, <unitdate normal="1951"
                           era="ce" calendar="gregorian">1951</unitdate>
                     </unittitle>
                  </did>
               </c03>
               <c03 level="file">
                  <did>
                     <unittitle>Promotional Report,</unittitle>
                  </did>
                  <c04 level="file">
                     <did>
                        <unittitle>with letter to Thomas B. Appelget from Joseph C. Todd, <unitdate
                              normal="1927" era="ce" calendar="gregorian">1927</unitdate>
                        </unittitle>
                        <note>
                           <p>
                              <emph render="boldunderline">Note</emph>: These promotional reports
                              were sent to various individuals in order to solicit donations or
                              pledges.</p>
                        </note>
                     </did>
                  </c04>
                  <c04 level="file">
                     <did>
                        <unittitle>with letter to G. Harold Duling from D. J. Bowden, <unitdate
                              normal="1954" era="ce" calendar="gregorian">1954</unitdate>
                        </unittitle>
                        <note>
                           <p>
                              <emph render="boldunderline">Note</emph>: (2 copies)</p>
                        </note>
                     </did>
                  </c04>
                  <c04 level="file">
                     <did>
                        <unittitle>with letter to Perry W. Lesh from D. J. Bowden, <unitdate
                              normal="1954" era="ce" calendar="gregorian">1954</unitdate>
                        </unittitle>
                     </did>
                  </c04>
               </c03>
               <c03 level="file">
                  <did>
                     <unittitle>Prospectus of Indiana School of Religion,</unittitle>
                  </did>
                  <c04 level="file">
                     <did>
                        <unittitle>#1, <unitdate normal="1952/1957" type="inclusive" era="ce"
                              calendar="gregorian">ca. 1954</unitdate>
                        </unittitle>
                     </did>
                  </c04>
                  <c04 level="file">
                     <did>
                        <unittitle>#2, <unitdate normal="1956" era="ce" calendar="gregorian"
                              >1956</unitdate>
                        </unittitle>
                     </did>
                     <note>
                        <p>
                           <emph render="boldunderline">Note: </emph>This contains a letter from G.
                           Harold Duling, June 12, 1956.</p>
                     </note>
                  </c04>
               </c03>
            </c02>
         </c01>
         <c01 level="series">
            <did>
               <unittitle>Correspondence, <unitdate normal="1911/1967" type="inclusive" era="ce"
                     calendar="gregorian">1911-1967</unitdate>
               </unittitle>
            </did>
            <c02 level="file">
               <did>
                  <container type="box" label="Box">1</container>
                  <unittitle>General, A-S, <unitdate normal="1952/1967" type="inclusive" era="ce"
                        calendar="gregorian">1952-1967</unitdate>
                  </unittitle>
               </did>
            </c02>
            <c02 level="file">
               <did>
                  <unittitle>Holt, Henry, <unitdate normal="1967" era="ce" calendar="gregorian"
                        >1967</unitdate>
                  </unittitle>
               </did>
            </c02>
            <c02 level="file">
               <did>
                  <unittitle>Indiana State Board of Tax Commissioners, <unitdate normal="1937"
                        era="ce" calendar="gregorian">1937</unitdate>
                  </unittitle>
               </did>
            </c02>
            <c02 level="file">
               <did>
                  <unittitle>Indiana University,</unittitle>
               </did>
               <c03 level="file">
                  <did>
                     <unittitle>Administrators, <unitdate normal="1953/1956" type="inclusive"
                           era="ce" calendar="gregorian">1953-1956</unitdate>
                     </unittitle>
                  </did>
               </c03>
               <c03 level="file">
                  <did>
                     <unittitle>Board of Trustees to Joseph C. Todd, <unitdate normal="1920"
                           era="ce" calendar="gregorian">1920</unitdate>
                     </unittitle>
                  </did>
               </c03>
               <c03 level="file">
                  <did>
                     <unittitle>Foundation, <unitdate normal="1966/1967" type="inclusive" era="ce"
                           calendar="gregorian">1966-1967</unitdate>
                     </unittitle>
                  </did>
               </c03>
            </c02>
            <c02 level="file">
               <did>
                  <unittitle>Letters of Recommendation for Dr. D. J. Bowden, <unitdate normal="1953"
                        era="ce" calendar="gregorian">1953</unitdate>
                  </unittitle>
               </did>
            </c02>
            <c02 level="file">
               <did>
                  <unittitle>Memoranda to Board of Directors from:</unittitle>
               </did>
               <c03 level="file">
                  <did>
                     <unittitle>D. J. Bowden, <unitdate normal="1954/1959" type="inclusive" era="ce"
                           calendar="gregorian">1954-1959</unitdate>
                     </unittitle>
                  </did>
               </c03>
               <c03 level="file">
                  <did>
                     <unittitle>Joseph C. Todd, <unitdate normal="1952" era="ce"
                           calendar="gregorian">1952</unitdate>
                     </unittitle>
                  </did>
               </c03>
            </c02>
            <c02 level="file">
               <did>
                  <unittitle>Resignations of Board members, <unitdate normal="1954/1959"
                        type="inclusive" era="ce" calendar="gregorian">1954-1959</unitdate>
                  </unittitle>
               </did>
            </c02>
            <c02 level="file">
               <did>
                  <unittitle>Rounds, Walter S., <unitdate normal="1912" era="ce"
                        calendar="gregorian">1912</unitdate>
                  </unittitle>
                  <note>
                     <p>
                        <emph render="boldunderline">Note</emph>: Two letters printed on one page
                        concerning the need of a Bible Chair and a report on his work during the
                        first year of the Bloomington Bible Chair.</p>
                  </note>
               </did>
            </c02>
            <c02 level="file">
               <did>
                  <unittitle>Todd, Joseph C.,</unittitle>
               </did>
               <c03 level="file">
                  <did>
                     <unittitle>General, <unitdate normal="1911/1949" type="inclusive" era="ce"
                           calendar="gregorian">1911-1949</unitdate>
                     </unittitle>
                  </did>
               </c03>
               <c03 level="file">
                  <did>
                     <unittitle>to J. K. Lilly, <unitdate normal="1949/1951" type="inclusive"
                           era="ce" calendar="gregorian">1949-1951</unitdate>
                     </unittitle>
                  </did>
               </c03>
            </c02>
            <c02 level="file">
               <did>
                  <unittitle>U.S. Treasury Department, <unitdate normal="1941" era="ce"
                        calendar="gregorian">1941</unitdate>
                  </unittitle>
               </did>
            </c02>
         </c01>
         <c01 level="series">
            <did>
               <unittitle>Financial records, <unitdate normal="1910/1970" type="inclusive" era="ce"
                     calendar="gregorian">1910-1970</unitdate>
               </unittitle>
            </did>
            <c02 level="file">
               <did>
                  <container type="box" label="Box">2</container>
                  <unittitle>Annual Non-profit Corporation Reports, <unitdate normal="1959/1969"
                        type="inclusive" era="ce" calendar="gregorian">1959-1969</unitdate>
                  </unittitle>
               </did>
            </c02>
            <c02 level="file">
               <did>
                  <unittitle>Annual Report of Kirkwood Avenue Christian Church, <unitdate
                        normal="1910/1911" type="inclusive" era="ce" calendar="gregorian"
                        >1910-1911</unitdate>
                  </unittitle>
               </did>
            </c02>
            <c02 level="file">
               <did>
                  <unittitle>Applications for Property Tax Exemption, <unitdate normal="1960/1965"
                        type="inclusive" era="ce" calendar="gregorian">1960-1965</unitdate>
                  </unittitle>
               </did>
            </c02>
            <c02 level="file">
               <did>
                  <unittitle>Audit Reports,</unittitle>
               </did>
               <c03 level="file">
                  <did>
                     <unittitle>
                        <unitdate normal="1951/1954" type="inclusive" era="ce" calendar="gregorian"
                           >1951-1954</unitdate>
                     </unittitle>
                  </did>
               </c03>
               <c03 level="file">
                  <did>
                     <unittitle>
                        <unitdate normal="1955/1958" type="inclusive" era="ce" calendar="gregorian"
                           >1955-1958</unitdate>
                     </unittitle>
                  </did>
               </c03>
               <c03 level="file">
                  <did>
                     <unittitle>
                        <unitdate normal="1965/1968" type="inclusive" era="ce" calendar="gregorian"
                           >1965-1968</unitdate>
                     </unittitle>
                  </did>
               </c03>
            </c02>
            <c02 level="file">
               <did>
                  <unittitle>Bank Account with Citizens First National Bank, <unitdate normal="1954"
                        era="ce" calendar="gregorian">1954</unitdate>
                  </unittitle>
               </did>
            </c02>
            <c02 level="file">
               <did>
                  <unittitle>Bankers Trust Company, <unitdate normal="1967" era="ce"
                        calendar="gregorian">1967</unitdate>
                  </unittitle>
               </did>
            </c02>
            <c02 level="file">
               <did>
                  <unittitle>Bookshop, <unitdate normal="1953/1954" type="inclusive" era="ce"
                        calendar="gregorian">1953-1954</unitdate>
                  </unittitle>
               </did>
            </c02>
            <c02 level="file">
               <did>
                  <unittitle>Budget Proposal, <unitdate normal="1910/1970" type="inclusive" era="ce"
                        calendar="gregorian">undated</unitdate>
                  </unittitle>
               </did>
            </c02>
            <c02 level="file">
               <did>
                  <unittitle>Donors, <unitdate normal="1929/1964" type="inclusive" era="ce"
                        calendar="gregorian">1929-1964</unitdate>
                  </unittitle>
               </did>
            </c02>
            <c02 level="file">
               <did>
                  <unittitle>Ella Powell Estate, <unitdate normal="1953" era="ce"
                        calendar="gregorian">1953</unitdate>
                  </unittitle>
               </did>
            </c02>
            <c02 level="file">
               <did>
                  <unittitle>Financial Statements, <unitdate normal="1952/1953" type="inclusive"
                        era="ce" calendar="gregorian">1952-1953</unitdate>
                  </unittitle>
               </did>
            </c02>
            <c02 level="file">
               <did>
                  <unittitle>Income Tax Forms, <unitdate normal="1966/1967" type="inclusive"
                        era="ce" calendar="gregorian">1966-1967</unitdate>
                  </unittitle>
               </did>
            </c02>
            <c02 level="file">
               <did>
                  <unittitle>Indiana Gas and Water, <unitdate normal="1953" era="ce"
                        calendar="gregorian">1953</unitdate>
                  </unittitle>
               </did>
            </c02>
            <c02 level="file">
               <did>
                  <unittitle>Loan Application with Citizens Bank, <unitdate normal="1953" era="ce"
                        calendar="gregorian">1953</unitdate>
                  </unittitle>
               </did>
            </c02>
            <c02 level="file">
               <did>
                  <unittitle>Memorial Funds, <unitdate normal="1929/1963" type="inclusive" era="ce"
                        calendar="gregorian">1929-1963</unitdate>
                  </unittitle>
               </did>
            </c02>
            <c02 level="file">
               <did>
                  <unittitle>Mortgage Bonds, <unitdate normal="1934/1935" type="inclusive" era="ce"
                        calendar="gregorian">1934-1935</unitdate>
                  </unittitle>
               </did>
            </c02>
            <c02 level="file">
               <did>
                  <unittitle>Pledge Agreements, <unitdate normal="1915/1935" type="inclusive"
                        era="ce" calendar="gregorian">1915-1953</unitdate>
                  </unittitle>
               </did>
            </c02>
            <c02 level="file">
               <did>
                  <unittitle>Properties and Insurance, <unitdate normal="1951/1955" type="inclusive"
                        era="ce" calendar="gregorian">1951-1955</unitdate>
                  </unittitle>
               </did>
            </c02>
            <c02 level="file">
               <did>
                  <unittitle>Report on the Use of Funds, <unitdate normal="1966/1967"
                        type="inclusive" era="ce" calendar="gregorian">1966-1967</unitdate>
                  </unittitle>
               </did>
            </c02>
            <c02 level="file">
               <did>
                  <unittitle>Revenue and Expenditures, <unitdate normal="1953/1954" type="inclusive"
                        era="ce" calendar="gregorian">1953-1954</unitdate>
                  </unittitle>
               </did>
            </c02>
            <c02 level="file">
               <did>
                  <unittitle>Securities, <unitdate normal="1967" era="ce" calendar="gregorian"
                        >1967</unitdate>
                  </unittitle>
               </did>
            </c02>
            <c02 level="file">
               <did>
                  <unittitle>Statements of Account, <unitdate normal="1967/1969" type="inclusive"
                        era="ce" calendar="gregorian">1967-1969</unitdate>
                  </unittitle>
               </did>
            </c02>
            <c02 level="file">
               <did>
                  <unittitle>Ten Year Fiscal Report, <unitdate normal="1920" era="ce"
                        calendar="gregorian">1920</unitdate>
                  </unittitle>
               </did>
               <scopecontent>
                  <p>**See Box 5 and 6 for oversized material in this series.**</p>
               </scopecontent>
            </c02>
         </c01>
         <c01 level="series">
            <did>
               <unittitle>Publications, <unitdate normal="1910/1963" type="inclusive" era="ce"
                     calendar="gregorian">1910-1963</unitdate>
               </unittitle>
            </did>
            <c02 level="subseries">
               <did>
                  <unittitle>Announcement of Courses, </unittitle>
               </did>
               <c03 level="file">
                  <did>
                     <unittitle>Announcement of Courses,</unittitle>
                  </did>
                  <c04 level="file">
                     <did>
                        <container type="box" label="Box">2</container>
                        <unittitle>
                           <unitdate normal="1914/1922" type="inclusive" era="ce"
                              calendar="gregorian">1914-1922</unitdate>
                        </unittitle>
                     </did>
                  </c04>
                  <c04 level="file">
                     <did>
                        <unittitle>
                           <unitdate normal="1925/1927" type="inclusive" era="ce"
                              calendar="gregorian">1925-1927,</unitdate>
                           <unitdate normal="1910/1963" type="inclusive" era="ce"
                              calendar="gregorian">undated</unitdate>
                        </unittitle>
                     </did>
                  </c04>
                  <c04 level="file">
                     <did>
                        <unittitle>
                           <unitdate normal="1930/1934" type="inclusive" era="ce"
                              calendar="gregorian">1930-1934</unitdate>
                        </unittitle>
                     </did>
                  </c04>   
                  <c04 level="file">
                     <did>
                        <unittitle>
                           <unitdate normal="1940/1955" type="inclusive" era="ce"
                              calendar="gregorian">1940-1955</unitdate>
                        </unittitle>
                     </did>
                  </c04>
               </c03>
            </c02>
            <c02 level="subseries">
               <did>
                  <unittitle>Bloomington Bible Chair,</unittitle>
               </did>
               <c03 level="file">
                  <did>
                     <container type="box" label="Box">2</container>
                     <unittitle>Introductory Pamphlet, <unitdate normal="1910/1915" type="inclusive"
                           era="ce" calendar="gregorian">ca. 1912</unitdate>
                     </unittitle>
                     <note>
                        <p>
                           <emph render="boldunderline">Note</emph>: This pamphlet provides overview
                           of Bible Chair and the role of University Pastor; portrait of Joseph Todd
                           on cover.</p>
                     </note>
                  </did>
               </c03>
               <c03 level="file">
                  <did>
                     <unittitle>Pamphlet concerning nation-wide campaign for funds for Christian
                        Education, <unitdate normal="1914/1919" type="inclusive" era="ce"
                           calendar="gregorian">ca. 1916</unitdate>
                     </unittitle>
                  </did>
               </c03>
               <c03 level="file">
                  <did>
                     <unittitle>Announcement of Lectures, <unitdate normal="1910/1963"
                           type="inclusive" era="ce" calendar="gregorian">undated</unitdate>
                     </unittitle>
                  </did>
               </c03>
               <c03 level="file">
                  <did>
                     <unittitle>Kirkwood Avenue Christian Church Programs, <unitdate
                           normal="1910/1963" type="inclusive" era="ce" calendar="gregorian"
                           >undated</unitdate>
                     </unittitle>
                  </did>
               </c03>
            </c02>
            <c02 level="subseries">
               <did>
                  <unittitle>Bulletins,</unittitle>
               </did>
               <c03 level="file">
                  <did>
                     <unittitle>Bound Copies, </unittitle>
                  </did>
                  <c04 level="file">
                     <did>
                        <container type="box" label="Box">2</container>
                        <unittitle>
                           <unitdate normal="1910/1929" type="inclusive" era="ce"
                              calendar="gregorian">1910-1929</unitdate>
                        </unittitle>
                     </did>
                  </c04>
               </c03>
               <c03 level="file">
                  <did>
                     <unittitle>Loose Copies,</unittitle>
                  </did>
                  <c04 level="file">
                     <did>
                        <unittitle>
                           <unitdate normal="1913/1915" type="inclusive" era="ce"
                              calendar="gregorian">1913-1915</unitdate>
                        </unittitle>
                     </did>
                  </c04>
                  <c04 level="file">
                     <did>
                        <unittitle>
                           <unitdate normal="1922/1924" type="inclusive" era="ce"
                              calendar="gregorian">1922-1924</unitdate>
                        </unittitle>
                     </did>
                  </c04>
                  <c04 level="file">
                     <did>
                        <unittitle>
                           <unitdate normal="1925/1926" type="inclusive" era="ce"
                              calendar="gregorian">1925-1926</unitdate>
                        </unittitle>
                     </did>
                  </c04>
                  <c04 level="file">
                     <did>
                        <unittitle>
                           <unitdate normal="1927/1929" type="inclusive" era="ce"
                              calendar="gregorian">1927-1929</unitdate>
                        </unittitle>
                     </did>
                  </c04>
                  <c04 level="file">
                     <did>
                        <unittitle>
                           <unitdate normal="1939" era="ce" calendar="gregorian">1939</unitdate>
                        </unittitle>
                     </did>
                  </c04>
                  <c04 level="file">
                     <did>
                        <unittitle>
                           <unitdate normal="1952/1963" type="inclusive" era="ce"
                              calendar="gregorian">1952-1963</unitdate>
                        </unittitle>
                     </did>
                  </c04>
               </c03>
               <c03 level="file">
                  <did>
                     <unittitle>Introductory Bulletin, <unitdate normal="1910/1963" type="inclusive"
                           era="ce" calendar="gregorian">undated</unitdate>
                     </unittitle>
                     
                  </did>
               </c03>
            </c02>
            <c02 level="subseries">
               <did>
                  <unittitle>Pamphlets and Posters,</unittitle>
               </did>
               <c03 level="file">
                  <did>
                     <unittitle>Pamphlets and Posters,</unittitle>
                  </did>
                  <c04 level="file">
                     <did>
                        <container type="box" label="Box">2</container>
                        <unittitle>
                           <unitdate normal="1918/1923" type="inclusive" era="ce"
                              calendar="gregorian">ca. 1920</unitdate>
                        </unittitle>
                     </did>
                  </c04>
                  <c04 level="file">
                     <did>
                        <unittitle>
                           <unitdate normal="1935/1959" type="inclusive" era="ce"
                              calendar="gregorian">1935-1959</unitdate>
                        </unittitle>
                     </did>
                  </c04>
                  <c04 level="file">
                     <did>
                        <unittitle>
                           <unitdate normal="1910/1963" type="inclusive" era="ce"
                              calendar="gregorian">undated</unitdate>
                        </unittitle>
                     </did>
                  </c04>
               </c03>
            </c02>
            <c02 level="subseries">
               <did>
                  <unittitle>General,</unittitle>
               </did>
               <c03 level="file">
                  <did>
                     <container type="box" label="Box">2</container>
                     <unittitle>“Schools of Religion at State Universities,” by O. D. Foster,
                           <unitdate normal="1922" era="ce" calendar="gregorian">1922</unitdate>
                     </unittitle>
                  </did>
               </c03>
               <c03 level="file">
                  <did>
                     <unittitle>“Prescribed Biblical and Religious Courses in American Colleges and
                        Universities: A Survey,” <unitdate normal="1932/1937" type="inclusive"
                           era="ce" calendar="gregorian">ca. 1934</unitdate>
                     </unittitle>
                  </did>
               </c03>
               <c03 level="file">
                  <did>
                     <unittitle>
                        <title render="italic">Indiana University Newsletter, </title> vol. 30 no.
                        11, <unitdate normal="1942-11" type="inclusive" era="ce"
                           calendar="gregorian">November 1942,</unitdate>
                     </unittitle>
                  </did>
               </c03>
               <c03 level="file">
                  <did>
                     <unittitle>“Two Notable Addresses,” <unitdate normal="1944" era="ce"
                           calendar="gregorian">1944,</unitdate>
                     </unittitle>
                     <note label="Note">
                        <p>Titles of the addresses: <list>
                              <defitem>
                                 <label>I.</label>
                                 <item>“Youth and Higher Christian Education” by F. E. Davison,
                                    Pastor, First Christian Church, South Bend, Indiana, at the
                                    105th Annual State Convention of Christian Churches, Central
                                    Christian Church, Anderson, Indiana, <date normal="1944-05-16"
                                       era="ce" calendar="gregorian">Tuesday, May 16, 1944</date>
                                 </item>
                              </defitem>
                              <defitem>
                                 <label>II.</label>
                                 <item>“The Church’s Responsibility for Religion in Tax-supported
                                    Schools,” by Dean Carl Agee of the Bible College of Missouri at
                                    the International Convention of Disciples of Christ, Columbus,
                                    Ohio, <date normal="1944-10-19" era="ce" calendar="gregorian"
                                       >October 19, 1944</date>
                                 </item>
                              </defitem>
                           </list>
                        </p>
                     </note>
                  </did>
               </c03>
               <c03 level="file">
                  <did>
                     <unittitle>
                        <title render="italic">The Y-Angle,</title>
                        <unitdate normal="1950/1951" type="inclusive" era="ce" calendar="gregorian"
                           >1950-1951</unitdate>
                     </unittitle>
                  </did>
               </c03>
            </c02>
         </c01>
         <c01 level="series">
            <did>
               <unittitle>Subject files, <unitdate normal="1915/1970" type="inclusive" era="ce"
                     calendar="gregorian">1915-1970</unitdate>
               </unittitle>
            </did>
            <c02 level="file">
               <did>
                  <container type="box" label="Box">2</container>
                  <unittitle>Accreditation, <unitdate normal="1915/1970" type="inclusive" era="ce"
                        calendar="gregorian">undated</unitdate>
                  </unittitle>
               </did>
            </c02>
            <c02 level="file">
               <did>
                  <unittitle>Bethany Hall Menu Book, <unitdate normal="1920/1921" type="inclusive"
                        era="ce" calendar="gregorian">1920-1921</unitdate>
                  </unittitle>
               </did>
            </c02>
            <c02 level="file">
               <did>
                  <unittitle>Board of Directors,</unittitle>
               </did>
               <c03 level="file">
                  <did>
                     <unittitle>Biographical Information, <unitdate normal="1950/1959"
                           type="inclusive" era="ce" calendar="gregorian">ca. 1950’s</unitdate>
                     </unittitle>
                  </did>
               </c03>
               <c03 level="file">
                  <did>
                     <unittitle>Membership Lists, <unitdate normal="1951/1957" type="inclusive"
                           era="ce" calendar="gregorian">1951-1957</unitdate>
                     </unittitle>
                  </did>
               </c03>
            </c02>
            <c02 level="file">
               <did>
                  <unittitle>Clippings and Press Releases, <unitdate normal="1951/1970"
                        type="inclusive" era="ce" calendar="gregorian">1951-1970</unitdate>
                  </unittitle>
               </did>
            </c02>
            <c02 level="file">
               <did>
                  <unittitle>Conferences, <unitdate normal="1935/1952" type="inclusive" era="ce"
                        calendar="gregorian">1935-1952</unitdate>
                  </unittitle>
               </did>
            </c02>
            <c02 level="file">
               <did>
                  <unittitle>Curriculum, <unitdate normal="1948/1953" type="inclusive" era="ce"
                        calendar="gregorian">1948-1953</unitdate>
                  </unittitle>
               </did>
            </c02>
            <c02 level="file">
               <did>
                  <unittitle>Dedication of Religion Building, <unitdate normal="1956/1957"
                        type="inclusive" era="ce" calendar="gregorian">1956-1957</unitdate>
                  </unittitle>
               </did>
            </c02>
            <c02 level="file">
               <did>
                  <unittitle>Events of Fall Semester, <unitdate normal="1953" era="ce"
                        calendar="gregorian">1953</unitdate>
                  </unittitle>
               </did>
            </c02>
            <c02 level="file">
               <did>
                  <unittitle>Exams, <unitdate normal="1970" era="ce" calendar="gregorian"
                        >1970</unitdate>
                  </unittitle>
               </did>
            </c02>
            <c02 level="file">
               <did>
                  <unittitle>The Ideal School of Religion, <unitdate normal="1952" era="ce"
                        calendar="gregorian">ca. 1952</unitdate>
                  </unittitle>
               </did>
            </c02>
            <c02 level="file">
               <did>
                  <unittitle>Invitations, <unitdate normal="1956/1957" type="inclusive" era="ce"
                        calendar="gregorian">1956-1957</unitdate>
                  </unittitle>
               </did>
            </c02>
            <c02 level="file">
               <did>
                  <unittitle>Long Range Plan Report to Council of Agencies, <unitdate normal="1950"
                        era="ce" calendar="gregorian">1950</unitdate>
                  </unittitle>
               </did>
            </c02>
            <c02 level="file">
               <did>
                  <container type="box" label="Box">3</container>
                  <unittitle>Mailing Lists, <unitdate normal="1952/1960" type="inclusive" era="ce"
                        calendar="gregorian">1952-1960</unitdate>
                  </unittitle>
               </did>
            </c02>
            <c02 level="file">
               <did>
                  <unittitle>Map of School of Religion Buildings, <unitdate normal="1920/1929"
                        type="inclusive" era="ce" calendar="gregorian">ca. 1920’s</unitdate>
                  </unittitle>
               </did>
            </c02>
            <c02 level="file">
               <did>
                  <unittitle>Observation of Indiana School of Religion, <unitdate normal="1939"
                        era="ce" calendar="gregorian">1939</unitdate>
                  </unittitle>
               </did>
            </c02>
            <c02 level="file">
               <did>
                  <unittitle>A Plan to Unite Various Religious Bodies in the Work of Indiana School
                     of Religion, <unitdate normal="1922" era="ce" calendar="gregorian"
                        >1922</unitdate>
                  </unittitle>
               </did>
            </c02>
            <c02 level="file">
               <did>
                  <unittitle>Publicity and Announcements, <unitdate normal="1949/1959" era="ce"
                        calendar="gregorian" type="inclusive">1949-1959</unitdate>
                  </unittitle>
               </did>
            </c02>
            <c02 level="file">
               <did>
                  <unittitle>Religion in State Universities,</unittitle>
               </did>
               <c03 level="file">
                  <did>
                     <unittitle>
                        <unitdate normal="1946/1959" type="inclusive" era="ce" calendar="gregorian"
                           >1946-1959</unitdate>
                     </unittitle>
                  </did>
               </c03>
               <c03 level="file">
                  <did>
                     <unittitle>
                        <unitdate normal="1960/1964" type="inclusive" era="ce" calendar="gregorian"
                           >1960-1964</unitdate>
                     </unittitle>
                  </did>
               </c03>
               <c03 level="file">
                  <did>
                     <unittitle>
                        <unitdate normal="1915/1970" type="inclusive" era="ce" calendar="gregorian"
                           >undated</unitdate>
                     </unittitle>
                  </did>
               </c03>
            </c02>
            <c02 level="file">
               <did>
                  <unittitle>Statement Concerning Indiana School of Religion, <unitdate
                        normal="1950" era="ce" calendar="gregorian">ca. 1950</unitdate>
                  </unittitle>
               </did>
            </c02>
            <c02 level="file">
               <did>
                  <unittitle>Statements of Purpose and General Descriptions of School of Religion,
                        <unitdate normal="1949/1960" type="inclusive" era="ce" calendar="gregorian"
                        >1949-1960</unitdate>
                  </unittitle>
               </did>
            </c02>
            <c02 level="file">
               <did>
                  <unittitle>Statistics of College Students, <unitdate normal="1952/1954"
                        type="inclusive" era="ce" calendar="gregorian">1952-1954</unitdate>
                  </unittitle>
               </did>
            </c02>
            <c02 level="file">
               <did>
                  <unittitle>Teachers Association Questionnaire,</unittitle>
               </did>
               <c03 level="file">
                  <did>
                     <unittitle>
                        <unitdate normal="1963-04" type="inclusive" era="ce" calendar="gregorian"
                           >April 1963,</unitdate> pt. I</unittitle>
                     <note>
                        <p>
                           <emph render="boldunderline">Note</emph>: This questionnaire was
                           performed to gather demographic data on students in the School of
                           Religion.</p>
                     </note>
                  </did>
               </c03>
               <c03 level="file">
                  <did>
                     <unittitle>
                        <unitdate normal="1963-04" type="inclusive" era="ce" calendar="gregorian"
                           >April 1963,</unitdate> pt. II</unittitle>
                  </did>
               </c03>
               <c03 level="file">
                  <did>
                     <unittitle>
                        <unitdate normal="1963-04" type="inclusive" era="ce" calendar="gregorian"
                           >April 1963,</unitdate> pt. III</unittitle>
                  </did>
               </c03>
            </c02>
            <c02 level="file">
               <did>
                  <container type="box" label="Box">4</container>
                  <unittitle>Texts for the Study of Religion, <unitdate normal="1966" era="ce"
                        calendar="gregorian">ca. 1966</unitdate>
                  </unittitle>
               </did>
            </c02>
            <c02 level="file">
               <did>
                  <unittitle>Todd, Joseph C., <unitdate normal="1952" era="ce" calendar="gregorian"
                        >1952</unitdate>
                  </unittitle>
                  <note>
                     <p>
                        <emph render="boldunderline">Note</emph>: This folder contains biographical
                        information of Mr. and Mrs. Joseph Todd, as well as some material on his
                        retirement in 1952.</p>
                  </note>
               </did>
            </c02>
            <c02 level="file">
               <did>
                  <unittitle>University Relations, <unitdate normal="1923/1956" type="inclusive"
                        era="ce" calendar="gregorian">1923-1956</unitdate>
                  </unittitle>
               </did>
               <scopecontent>
                  <p>**See Box 6 for oversized material in this series**</p>
               </scopecontent>
            </c02>
         </c01>
         <c01 level="series">
            <did>
               <unittitle>Writings, <unitdate normal="1951/1970" type="inclusive" era="ce"
                     calendar="gregorian">1951-undated</unitdate>
               </unittitle>
            </did>
            <c02 level="file">
               <did>
                  <container type="box" label="Box">4</container>
                  <unittitle>Anonymous, “Religion in Indiana University,” <unitdate
                        normal="1951/1970" type="inclusive" era="ce" calendar="gregorian"
                        >undated</unitdate>
                  </unittitle>
               </did>
            </c02>
            <c02 level="file">
               <did>
                  <unittitle>Eccles, Robert S., “What is Sectarian Teaching?” <unitdate
                        normal="1951" era="ce" calendar="gregorian">1951</unitdate>
                  </unittitle>
                  <note>
                     <p>
                        <emph render="boldunderline">Note</emph>: Reprinted from <title
                           render="italic">The Journal of Bible and Religion</title> 19 (1951):
                        134-138.</p>
                  </note>
               </did>
            </c02>
            <c02 level="file">
               <did>
                  <unittitle>Todd, Joseph C., <unitdate normal="1951/1970" type="inclusive" era="ce"
                        calendar="gregorian">undated</unitdate>
                  </unittitle>
                  <note>
                     <p>
                        <emph render="boldunderline">Note</emph>: Contains 6 short papers by Mr.
                        Todd. Titles include: <list>
                           <item>“Creative Citizens,”</item>
                           <item>“The Teacher is the School,”</item>
                           <item>“Paramount Issue,”</item>
                           <item>"Here We Stand,” and</item>
                           <item>“The Age-Long Battle for Children.”</item>
                        </list>
                     </p>
                  </note>
               </did>
            </c02>
         </c01>
         <c01 level="series">
            <did>
               <unittitle>Financial Files Oversize, <unitdate normal="1910/1970" type="inclusive"
                     era="ce" calendar="gregorian">1910-1970</unitdate>
               </unittitle>
            </did>
            <c02 level="file">
               <did>
                  <container type="box" label="Box">5</container>
                  <unittitle>Treasurer Book, </unittitle>
               </did>
               <c03 level="file">
                  <did>
                     <unittitle>I, <unitdate normal="1910/1914" type="inclusive" era="ce"
                           calendar="gregorian">1910-1914</unitdate>
                     </unittitle>
                  </did>
               </c03>
               <c03 level="file">
                  <did>
                     <unittitle>II, <unitdate normal="1914/1918" type="inclusive" era="ce"
                           calendar="gregorian">1914-1918</unitdate>
                     </unittitle>
                  </did>
               </c03>
               <c03 level="file">
                  <did>
                     <unittitle>III, <unitdate normal="1914/1922" type="inclusive" era="ce"
                           calendar="gregorian">1914-1922</unitdate>
                     </unittitle>
                  </did>
               </c03>
               <c03 level="file">
                  <did>
                     <unittitle>IV, <unitdate normal="1922/1930" type="inclusive" era="ce"
                           calendar="gregorian">1922-1930</unitdate>
                     </unittitle>
                  </did>
               </c03>
               <c03 level="file">
                  <did>
                     <unittitle>V, <unitdate normal="1930/1945" type="inclusive" era="ce"
                           calendar="gregorian">1930-1945</unitdate>
                     </unittitle>
                  </did>
               </c03>
               <c03 level="file">
                  <did>
                     <unittitle>VI, <unitdate normal="1945/1953" type="inclusive" era="ce"
                           calendar="gregorian">1945-1953</unitdate>
                     </unittitle>
                  </did>
               </c03>
            </c02>
         </c01>
         <c01 level="series">
            <did>
               <unittitle>Financial and Subject Files Oversize, <unitdate normal="1910/1970"
                     type="inclusive" era="ce" calendar="gregorian">1910-1970</unitdate>
               </unittitle>
            </did>
            <c02 level="file">
               <did>
                  <container type="box" label="Box">6</container>
                  <unittitle>Book of Receipts and Expenditures,</unittitle>
               </did>
               <c03 level="file">
                  <did>
                     <unittitle>
                        <unitdate normal="1919/1920" type="inclusive" era="ce" calendar="gregorian"
                           >1919-1920</unitdate>
                     </unittitle>
                  </did>
               </c03>
               <c03 level="file">
                  <did>
                     <unittitle>Wharton Hall, <unitdate normal="1922/1929" type="inclusive" era="ce"
                           calendar="gregorian">1922-1929</unitdate>
                     </unittitle>
                  </did>
               </c03>
               <c03 level="file">
                  <did>
                     <unittitle>
                        <unitdate normal="1929" era="ce" calendar="gregorian">1929</unitdate>
                     </unittitle>
                  </did>
               </c03>
            </c02>
            <c02 level="file">
               <did>
                  <unittitle>Check Book, <unitdate normal="1965/1970" type="inclusive" era="ce"
                        calendar="gregorian">1965-1970</unitdate>
                  </unittitle>
               </did>
            </c02>
            <c02 level="file">
               <did>
                  <unittitle>Expense Account Book, <unitdate normal="1961/1966" type="inclusive"
                        era="ce" calendar="gregorian">1961-1966</unitdate>
                  </unittitle>
               </did>
            </c02>
            <c02 level="file">
               <did>
                  <unittitle>Bethany Hall Student Log Book, <unitdate normal="1910/1970" era="ce"
                        calendar="gregorian" type="inclusive">Sept.-June (yr.?)</unitdate>
                  </unittitle>
               </did>
            </c02>
            <c02 level="file">
               <did>
                  <unittitle>Chapel Register for Indiana School of Religion Association, <unitdate
                        normal="1923/1926" type="inclusive" era="ce" calendar="gregorian"
                        >1923-1926</unitdate>
                  </unittitle>
               </did>
            </c02>
            <c02 level="file">
               <did>
                  <unittitle>Enrollment Log Book, <unitdate normal="1915/1927" type="inclusive"
                        era="ce" calendar="gregorian">ca. 1915-1927</unitdate>
                  </unittitle>
               </did>
            </c02>
         </c01>
      </dsc>
   </archdesc>
</ead>
