<?xml version="1.0" encoding="UTF-8"?>
<!-- Indiana University EAD template draft: 2003-Jan-2, 
   revised 2004-09-15 JLR; 
   revised fall 2006 and spring/summer 2007 JLR w/ EAD Working Group  -->
<ead xmlns="urn:isbn:1-931666-22-9" xmlns:xlink="http://www.w3.org/1999/xlink"
   xmlns:xsi="http://www.w3.org/2001/XMLSchema-instance"
   xsi:schemaLocation="urn:isbn:1-931666-22-9 http://www.loc.gov/ead/ead.xsd">
   <eadheader relatedencoding="dublincore" audience="external" langencoding="iso639-2b"
      scriptencoding="iso15924" repositoryencoding="iso15511" countryencoding="iso3166-1"
      dateencoding="iso8601" findaidstatus="edited-full-draft">
      <eadid encodinganalog="identifier" identifier="InU-Ar-VAA1378" countrycode="US"
         mainagencycode="InU-Ar">InU-Ar-VAA1378</eadid>
      <filedesc>
         <!-- This is a description of the electronic finding aid, not the 
original finding aid or the collection -->
         <!-- Make title "The John Doe Papers, 1919-1965" rather than "The 
Papers of John Doe, 1919-1965" to eliminate 
potential confusion about the meaning of the dates -->
         <titlestmt>
            <titleproper encodinganalog="title">Conference on Problems of American Foreign Policy
               records, <date encodinganalog="coverage" normal="1950/1961" era="ce"
                  calendar="gregorian">1950-1961</date>
            </titleproper>
            <subtitle>A Guide to the Records at the Indiana University Archives</subtitle>
            <author encodinganalog="creator">Finding aid prepared by John Cash.</author>
         </titlestmt>
         <publicationstmt>
            <publisher encodinganalog="publisher">Indiana University Digital Library
               Program</publisher>
            <date encodinganalog="date" normal="2004" type="publication" era="ce"
               calendar="gregorian">© 2004</date>
         </publicationstmt>
         <notestmt>
            <note encodinganalog="rights">
               <p>
                  <date normal="2004" era="ce" calendar="gregorian">© 2004</date> Trustees of
                  Indiana University. All rights reserved.</p>
            </note>
         </notestmt>
      </filedesc>
      <profiledesc>
         <creation encodinganalog="source">
            <!--description of how the finding aid was created, for example: --> Machine-readable
            finding aid derived from word processing program and version number by cutting and
            pasting into XML.<lb/>date of source: <date normal="2004-11-16" type="source" era="ce"
               calendar="gregorian">November 16, 2004</date>
            <lb/>Finding aid encoded by Amanda Harlan, Indiana University Archives, <date
               normal="2004-11-16" era="ce" calendar="gregorian">November 16, 2004</date>
         </creation>
         <langusage>Description is in <language encodinganalog="language" langcode="eng"
               scriptcode="Latn">English.</language>
         </langusage>
      </profiledesc>
      <!-- revisiondesc is required -->
      <!-- record when the finding aid is completed in first change element, 
with subsequent changes
listed below the first -->
      <revisiondesc>
         <change audience="internal" encodinganalog="description">
            <date normal="2004-11-16" era="ce" calendar="gregorian">November 16, 2004</date>
            <item>Encoded finding aid begun.</item>
         </change>
         <change>
            <date normal="2004-11-16" era="ce" calendar="gregorian">November 16, 2004</date>
            <item>Encoded finding aid completed.</item>
         </change>
      </revisiondesc>
   </eadheader>
   <!-- frontmatter is meant for printed versions of the finding aid -->
   <!-- information should be included as you would wish it to appear on a 
titlepage of a printed finding aid -->
   <frontmatter audience="internal">
      <titlepage>
         <titleproper>Guide to the Conference on Problems of American Foreign Policy records, <date
               normal="1950/1961" era="ce" calendar="gregorian">1950-1961</date>
         </titleproper>
         <author>John Cash</author>
         <author>Encoded by Amanda Harlan</author>
         <!--use multiple author elements for both the original finding aid and encoded
version, if different -->
         <publisher>Indiana University Archives</publisher>
         <!--it is possible to include graphics using extptr -->
         <p>© 2004 Trustees of Indiana University. All rights reserved.</p>
      </titlepage>
   </frontmatter>
   <archdesc level="collection" audience="external" type="inventory" relatedencoding="marc">
      <!-- @type value may alternatively be 'bulk' -->
      <!-- use the label attribute for these elements to determine what label is
displayed -->
      <did>
         <head>Summary Information</head>
         <repository encodinganalog="850" label="Repository" id="archives">
            <corpname source="lcnaf"
               normal="Indiana University, Bloomington. Office of University Archives and Records Management"
               >Indiana University Office of University Archives and Records Management</corpname>
            <address>
                   <addressline>1320 East Tenth Street</addressline>
                   <addressline>Herman B Wells Library E460</addressline>
               <addressline>Bloomington, IN 47405-7000</addressline>
               <addressline>Phone: 812-855-1127</addressline>
               
               <addressline>Email: archives@indiana.edu</addressline>
                </address>
            <lb/>
            <extref xlink:href="http://www.libraries.iub.edu/archives"
               >http://www.libraries.iub.edu/archives</extref>
         </repository>
         <origination label="Creator">
            <corpname source="lcnaf" encodinganalog="110">Indiana University. President.</corpname>
         </origination>
         <unittitle encodinganalog="245$a" label="Title">Conference on Problems of American Foreign
            Policy records,</unittitle>
         <unitdate normal="1950/1961" type="inclusive" encodinganalog="245$f" era="ce"
            calendar="gregorian">1950-1961, </unitdate>
         <unitdate normal="1950/1956" type="bulk" label="Bulk" encodinganalog="245$g" era="ce"
            calendar="gregorian">bulk 1950-1956</unitdate>
         <unitid encodinganalog="099" countrycode="US" repositorycode="US-InU-Ar"
            label="Collection No.">C241</unitid>
         <physdesc encodinganalog="300$a$f" label="Extent">
            <extent>1 cubic foot</extent>
            <!-- if both linear feet and number of items included, separate by lb tag -->
         </physdesc>
         <langmaterial encodinganalog="546" label="Language">Materials are in <language
               langcode="eng" encodinganalog="008/35-37">English.</language>
         </langmaterial>
         <abstract encodinganalog="520$a" label="Abstract">This series of conferences was held
            annually at Indiana University from 1950 through 1956. They were organized by a
            committee under the general direction of the university president's office in
            cooperation with the U.S. Dept. of State and with funding from the Lilly Endowment.
            Collection consists of correspondence, financial records, working papers, invitations,
            programs, and publicity materials.</abstract>
      </did>

      <accessrestrict encodinganalog="506$a">
         <head>Access Restrictions</head>
         <p>This collection is open for research.</p>
         <p>Advance notice is required.</p>
      </accessrestrict>

      <bioghist encodinganalog="545">
         <head>Administrative History</head>
         <p>This series of conferences was held annually at IU from 1950 through 1956. It was
            organized by a committee under the general direction of the office of President Herman B
            Wells in co-operation with the US Department of State, and with funding from the Lilly
            Endowment. The primary organizational work was done by Peter Fraenkel of the President’s
            office and Austin V. Clifford of the Law School. Others who were active in organizing
            the conferences included Edward Buehrig, Department of Government; Frank Lee Benns,
            Department of History; and John T. Hays, of Hays &amp; Hays Law Firm.</p>
         <p>The conferences sought to bring State Department officials together with academic and
            civic leaders from the Midwest for frank discussions of current foreign policy problems.
            In this they were successful. However, recognizing that they were not moving beyond
            discussions of current events to the deeper issues of the nature and purpose of foreign
            policy per se, the committee determined to end the conference in its current form in the
            spring of 1957. Planning for a renewed conference continued into 1960, but none was
            held.</p>
      </bioghist>
      <!--optional -->
      <!-- element organization deprecated in DTD version 2002; @encodinganalog may be
used to differentiate between 351 subfield a (organization) and subfield b
(arrangement). -->
      <arrangement encodinganalog="351">
         <head>Arrangement</head>
         <p>Records organized into one series, Administrative files, and then further organized into
            nine subseries representing each planned conference.</p>
      </arrangement>

      <!-- required for collection level; optional for lower levels -->
      <scopecontent encodinganalog="520">
         <head>Scope and Content Note</head>
         <p>These files were generated by various IU participants, but seem to be primarily those of
            the President’s office. An inventory was made in 1994, and duplicate printed material
            was discarded, but no attempt was made to reorganize the material within the folders.
            During processing, working papers were unified, financial records combined,
            correspondence related to planning and organization was separated from invitations and
            correspondence with guests, and the records arranged in chronological order. The records
            are organized into one series, Administrative files. Each conference represents a
            sub-series. Within each sub-series, folders contain working papers, organizational
            correspondence, invitations and related correspondence, programs and packets,
            requisitions and vouchers, and publicity and news clippings, all in chronological
            order.</p>
      </scopecontent>
      <!-- recommended; this information would be included for marc amc record -->
      <!-- should include all personal and corporate names, and subject headings -->
      <controlaccess>
         <head>Indexing Terms</head>
         <p>The following terms have been used to index the description of this collection in
               <extref xlink:href="http://www.iucat.iu.edu">IUCAT</extref>, the IU Libraries' online
            catalog. Materials about related topics, persons or places can be found by searching the
            catalog using these terms. </p>
         <controlaccess>
            <head>Names</head>
            <list>
               <item>
                  <extref
                     xlink:href="http://purl.dlib.indiana.edu/iudl/iucat/Conference+on+Problems+of+American+Foreign+Policy+1950+1956+Indiana+University{su}">
                  <corpname encodinganalog="610" source="lcnaf">Conference on Problems of American
                     Foreign Policy (1950-1956 : Indiana University) --Records and
                     correspondence.</corpname>
                     </extref>
               </item>
               <item>
                  <extref
                     xlink:href="http://purl.dlib.indiana.edu/iudl/iucat/Conference+on+Problems+of+American+Foreign+Policy+1950+1956+Indiana+University{su}">
                  <corpname encodinganalog="610" source="lcnaf">Conference on Problems of American
                  Foreign Policy (1950-1956 : Indiana University) --History --Sources.</corpname>
                     </extref>
               </item>
               <item>
                  <extref
                     xlink:href="http://purl.dlib.indiana.edu/iudl/iucat/Conference+on+Problems+of+American+Foreign+Policy+1950+1956+Indiana+University{su}">
                  <corpname encodinganalog="610" source="lcnaf">Conference on Problems of American
                  Foreign Policy (1950-1956 : Indiana University) --Archives.</corpname>
                     </extref>
               </item>
               <item>
                  <extref
                     xlink:href="http://purl.dlib.indiana.edu/iudl/iucat/Conference+on+Problems+of+American+Foreign+Policy+1950+1956+Indiana+University{su}">
                  <corpname encodinganalog="710">Conference on Problems of American Foreign Policy
                  (1950-1956 : Indiana University).</corpname>
                     </extref>
               </item>
            </list>
         </controlaccess>
         <controlaccess>
            <head>Places</head>
            <list>
               <item>
                  <extref
                     xlink:href="http://purl.dlib.indiana.edu/iudl/iucat/United States+Foreign+relations+1945+1953{su}">
                  <geogname encodinganalog="651" source="aacr2">United States --Foreign relations
                  --1945-1953 --Congresses.</geogname>
                     </extref>
               </item>
               <item>
                  <extref
                     xlink:href="http://purl.dlib.indiana.edu/iudl/iucat/United States+Foreign+relations+1953+1961{su}">
                  <geogname encodinganalog="651" source="aacr2">United States --Foreign relations
                  --1953-1961 --Congresses.</geogname>
                     </extref>
               </item>
            </list>
         </controlaccess>
      </controlaccess>
      <!-- required -->
      <descgrp>
         <head>Administrative Information</head>

         <acqinfo encodinganalog="541">
            <head>Acquisition Information</head>
            <p>Accession 1059</p>
         </acqinfo>
         <userestrict encodinganalog="540">
            <head>Usage Restrictions</head>
            <p>Copyright interests for this collection have been transferred to the Trustees of
               Indiana University. For more information, contact the Indiana University
               Archivist.</p>
         </userestrict>
         <prefercite encodinganalog="524$a">
            <head>Preferred Citation</head>
            <p>[Item], Conference on Problems of American Foreign Policy records, Collection C241,
               Indiana University Archives.</p>
         </prefercite>
         <processinfo encodinganalog="583">
            <head>Processing Information</head>
            <p>Processed by John Cash.</p>
            <p>Completed in <date normal="2004" era="ce" calendar="gregorian">2004.</date>
            </p>
         </processinfo>

      </descgrp>
      <!-- required, if appropriate -->
      <!-- optional, if applicable -->
      <dsc type="combined">
         <c01 level="series">
            <did>
               <container type="box" label="Box">1</container>
               <unittitle>Administrative files, <unitdate normal="1950/1961" type="inclusive"
                     era="ce" calendar="gregorian">1950-1961</unitdate>
               </unittitle>
            </did>
            <c02 level="subseries">
               <did>
                  <unittitle>Conference on Problems of American Foreign Policy, <unitdate
                        normal="1950-06-22/1950-06-24" type="inclusive" era="ce"
                        calendar="gregorian">22-24 June 1950</unitdate>
                  </unittitle>
               </did>
               <c03 level="file">
                  <did>
                     <container type="box" label="Box">1</container>
                     <unittitle>Working papers, <unitdate normal="1950-04-22/1950-09-13"
                           type="inclusive" era="ce" calendar="gregorian">22 Apr. 1950 – 13 Sep.
                           1950,</unitdate>
                        <unitdate normal="1950/1961" type="inclusive" era="ce" calendar="gregorian"
                           >undated</unitdate>
                     </unittitle>
                  </did>
               </c03>
               <c03 level="file">
                  <did>
                     
                     <unittitle>Correspondence, <unitdate normal="1950-02-13/1950-06-25"
                           type="inclusive" era="ce" calendar="gregorian">13 Feb. 1950 – 25 Jun.
                           1950,</unitdate>
                        <unitdate normal="1950/1961" type="inclusive" era="ce" calendar="gregorian"
                           >undated</unitdate>
                     </unittitle>
                  </did>
               </c03>
               <c03 level="file">
                  <did>
                     <unittitle>Invitations, <unitdate normal="1950-06-06/1950-07-30"
                           type="inclusive" era="ce" calendar="gregorian">6 Jun. 1950 – 30 Jul.
                           1950</unitdate>
                     </unittitle>
                  </did>
               </c03>
               <c03 level="file">
                  <did>
                     <unittitle>Requisitions and vouchers, <unitdate normal="1950-06-09/1950-08-09"
                           type="inclusive" era="ce" calendar="gregorian">9 Jun. 1950 – 9 Aug.
                           1950</unitdate>
                     </unittitle>
                  </did>
               </c03>
               <c03 level="file">
                  <did>
                     <unittitle>Agendas, publicity and programs, <unitdate
                           normal="1950-06-18/1950-06-27" type="inclusive" era="ce"
                           calendar="gregorian">18 Jun. 1950 – 27 Jun. 1950,</unitdate>
                        <unitdate normal="1950/1961" type="inclusive" era="ce" calendar="gregorian"
                           >undated</unitdate>
                     </unittitle>
                  </did>
               </c03>
            </c02>
            <c02 level="subseries">
               <did>
                  <unittitle>2nd Conference on Problems of American Foreign Policy, <unitdate
                        normal="1951-07-20/1951-07-21" type="inclusive" era="ce"
                        calendar="gregorian">20-21 July 1951</unitdate>
                  </unittitle>
               </did>
               <c03 level="file">
                  <did>
                     <container type="box" label="Box">1</container>
                     <unittitle>Working papers (Fraenkel’s files), <unitdate
                           normal="1951-02-02/1951-08-24" type="inclusive" era="ce"
                           calendar="gregorian">2 Feb. 1951 – 24 Aug. 1951,</unitdate>
                        <unitdate normal="1950/1961" type="inclusive" era="ce" calendar="gregorian"
                           >undated</unitdate>
                     </unittitle>
                  </did>
               </c03>
               <c03 level="file">
                  <did>
                     <unittitle>Correspondence, <unitdate normal="1951-01-30/1951-12-18"
                           type="inclusive" era="ce" calendar="gregorian">30 Jan. 1951 – 18 Dec.
                           1951,</unitdate>
                        <unitdate normal="1950/1961" type="inclusive" era="ce" calendar="gregorian"
                           >undated</unitdate>
                     </unittitle>
                  </did>
               </c03>
               <c03 level="file">
                  <did>
                     <unittitle>Correspondence (Wells, Clifford, Fraenkel), <unitdate
                           normal="1951-05-17/1951-07-23" type="inclusive" era="ce"
                           calendar="gregorian">17 May 1951 – 23 Jul. 1951</unitdate>
                     </unittitle>
                  </did>
               </c03>
               <c03 level="file">
                  <did>
                     <unittitle>Invitations, rosters, and administrative arrangements, <unitdate
                           normal="1951-07-01/1951-07-31" type="inclusive" era="ce"
                           calendar="gregorian">July 1951,</unitdate>
                        <unitdate normal="1950/1961" type="inclusive" era="ce" calendar="gregorian"
                           >undated</unitdate>
                     </unittitle>
                  </did>
               </c03>
               <c03 level="file">
                  <did>
                     <unittitle>Requisitions and vouchers, <unitdate normal="1951-07-18/1951-09-20"
                           type="inclusive" era="ce" calendar="gregorian">18 Jul. 1951 – 20 Sep.
                           1951</unitdate>
                     </unittitle>
                  </did>
               </c03>
               <c03 level="file">
                  <did>
                     <unittitle>Agendas, publicity and publications, <unitdate normal="1950/1951"
                           type="inclusive" era="ce" calendar="gregorian">Summer 1950 – Summer
                           1951</unitdate>
                        <unitdate normal="1950/1961" type="inclusive" era="ce" calendar="gregorian"
                           >undated</unitdate>
                     </unittitle>
                  </did>
               </c03>
            </c02>
            <c02 level="subseries">
               <did>
                  <unittitle>3rd Conference on Problems of American Foreign Policy, <unitdate
                        normal="1952-07-11/1952-07-12" type="inclusive" era="ce"
                        calendar="gregorian">11-12 July 1952</unitdate>
                  </unittitle>
               </did>
               <c03 level="file">
                  <did>
                     <container type="box" label="Box">1</container>
                     <unittitle>Correspondence, <unitdate normal="1951-08-28/1952-08-06"
                           type="inclusive" era="ce" calendar="gregorian">28 Aug. 1951 – 6 Aug.
                           1952,</unitdate>
                        <unitdate normal="1950/1961" type="inclusive" era="ce" calendar="gregorian"
                           >undated</unitdate>
                     </unittitle>
                  </did>
               </c03>
               <c03 level="file">
                  <did>
                     <unittitle>Correspondence (Fraenkel’s file), <unitdate
                           normal="1952-06-22/1952-09-10" type="inclusive" era="ce"
                           calendar="gregorian">22 Jun. 1952 – 10 Sep. 1952,</unitdate>
                        <unitdate normal="1950/1961" type="inclusive" era="ce" calendar="gregorian"
                           >undated</unitdate>
                     </unittitle>
                  </did>
               </c03>
               <c03 level="file">
                  <did>
                     <unittitle>Programs, rosters, packets, <unitdate normal="1950/1961"
                           type="inclusive" era="ce" calendar="gregorian">undated</unitdate>
                     </unittitle>
                  </did>
               </c03>
               <c03 level="file">
                  <did>
                     <unittitle>Requisitions and vouchers, <unitdate normal="1953-07-03/1953-11-12"
                           type="inclusive" era="ce" calendar="gregorian">3 Jul. 1953 – 12 Nov.
                           1953</unitdate>
                     </unittitle>
                  </did>
               </c03>
            </c02>
            <c02 level="subseries">
               <did>
                  <unittitle>4th Conference on Problems of American Foreign Policy, <unitdate
                        normal="1953-07-10/1953-07-11" type="inclusive" era="ce"
                        calendar="gregorian">10-11 July 1953</unitdate>
                  </unittitle>
               </did>
               <c03 level="file">
                  <did>
                     <container type="box" label="Box">1</container>
                     <unittitle>Correspondence <unitdate normal="1952-12-01/1953-09-10"
                           type="inclusive" era="ce" calendar="gregorian">1 Dec. 1952 – 10 Sep.
                           1953,</unitdate>
                        <unitdate normal="1950/1961" type="inclusive" era="ce" calendar="gregorian"
                           >undated</unitdate>
                     </unittitle>
                  </did>
               </c03>
               <c03 level="file">
                  <did>
                     <unittitle>Pamphlets, agendas, press release, <unitdate normal="1950/1961"
                           type="inclusive" era="ce" calendar="gregorian">undated</unitdate>
                     </unittitle>
                  </did>
               </c03>
               <c03 level="file">
                  <did>
                     <unittitle>Receipts and vouchers, <unitdate normal="1953-07-03/1953-11-12"
                           type="inclusive" era="ce" calendar="gregorian">3 Jul. 1953 – 12 Nov.
                           1953</unitdate>
                     </unittitle>
                  </did>
               </c03>
            </c02>
            <c02 level="subseries">
               <did>
                  <unittitle>5th Conference on Problems of American Foreign Policy, <unitdate
                        normal="1954-07-09/1954-07-10" type="inclusive" era="ce"
                        calendar="gregorian">9-10 July 1954</unitdate>
                  </unittitle>
               </did>
               <c03 level="file">
                  <did>
                     <container type="box" label="Box">1</container>
                     <unittitle>Correspondence, <unitdate normal="1953-09-28/1954-10-14"
                           type="inclusive" era="ce" calendar="gregorian">28 Sep. 1953 – 14 Oct.
                           1954,</unitdate>
                        <unitdate normal="1950/1961" type="inclusive" era="ce" calendar="gregorian"
                           >undated</unitdate>
                     </unittitle>
                  </did>
               </c03>
               <c03 level="file">
                  <did>
                     <unittitle>General correspondence (Fraenkel’s file), <unitdate
                           normal="1954-03-18/1954-09-14" type="inclusive" era="ce"
                           calendar="gregorian">18 Mar. 1954 – 14 Sep. 1954,</unitdate>
                        <unitdate normal="1950/1961" type="inclusive" era="ce" calendar="gregorian"
                           >undated</unitdate>
                     </unittitle>
                  </did>
               </c03>
               <c03 level="file">
                  <did>
                     <unittitle>Requisitions and vouchers, <unitdate normal="1954-05-11/1954-07-20"
                           type="inclusive" era="ce" calendar="gregorian">11 May 1954 – 20 Jul.
                           1954</unitdate>
                     </unittitle>
                  </did>
               </c03>
               <c03 level="file">
                  <did>
                     <unittitle>Agendas, news clippings, guest book, <unitdate
                           normal="1953-10/1954-07-29" type="inclusive" era="ce"
                           calendar="gregorian">October 1953 – 29 Jul. 1954,</unitdate>
                        <unitdate normal="1950/1961" type="inclusive" era="ce" calendar="gregorian"
                           >undated</unitdate>
                     </unittitle>
                  </did>
               </c03>
            </c02>
            <c02 level="subseries">
               <did>
                  <unittitle>6th Conference on Problems of American Foreign Policy, <unitdate
                        normal="1955-06-24/1955-06-25" type="inclusive" era="ce"
                        calendar="gregorian">24-25 June 1955</unitdate>
                  </unittitle>
               </did>
               <c03 level="file">
                  <did>
                     <container type="box" label="Box">1</container>
                     <unittitle>Acknowledged correspondence (Fraenkel’s file), <unitdate
                           normal="1954-11-09/1955-08-18" type="inclusive" era="ce"
                           calendar="gregorian">9 Nov. 1954 – 18 Aug. 1955,</unitdate>
                        <unitdate normal="1950/1961" type="inclusive" era="ce" calendar="gregorian"
                           >undated</unitdate>
                     </unittitle>
                  </did>
               </c03>
               <c03 level="file">
                  <did>
                     <unittitle>General correspondence, <unitdate normal="1954-11-09/1955-04-08"
                           type="inclusive" era="ce" calendar="gregorian">9 Nov. 1954 – 8 Apr.
                           1955,</unitdate>
                        <unitdate normal="1950/1961" type="inclusive" era="ce" calendar="gregorian"
                           >undated</unitdate>
                     </unittitle>
                  </did>
               </c03>
               <c03 level="file">
                  <did>
                     <unittitle>“Conference on Values” materials from general correspondence,
                           <unitdate normal="1958-05-05" era="ce" calendar="gregorian">5 May 1958
                           (sic)</unitdate>
                     </unittitle>
                  </did>
               </c03>
               <c03 level="file">
                  <did>
                     <unittitle>Vouchers, news clippings, <unitdate normal="1955-04-26/1955-08-30"
                           type="inclusive" era="ce" calendar="gregorian">26 Apr. 1955 – 30 Aug.
                           1955</unitdate>
                     </unittitle>
                  </did>
               </c03>
            </c02>
            <c02 level="subseries">
               <did>
                  <unittitle>7th Conference on Problems of American Foreign Policy, <unitdate
                        normal="1956-06-29/1956-06-30" type="inclusive" era="ce"
                        calendar="gregorian">29-30 June 1956</unitdate>
                  </unittitle>
               </did>
               <c03 level="file">
                  <did>
                     <container type="box" label="Box">1</container>
                     <unittitle>Correspondence, <unitdate normal="1955-06-28/1956-12-07"
                           type="inclusive" era="ce" calendar="gregorian">28 Jun. 1955 – 7 Dec.
                           1956,</unitdate>
                        <unitdate normal="1950/1961" type="inclusive" era="ce" calendar="gregorian"
                           >undated</unitdate>
                     </unittitle>
                  </did>
               </c03>
               <c03 level="file">
                  <did>
                     <unittitle>Vouchers and receipts, <unitdate normal="1956-01-13/1956-08-28"
                           type="inclusive" era="ce" calendar="gregorian">13 Jan. 1956 – 28 Aug.
                           1956</unitdate>
                     </unittitle>
                  </did>
               </c03>
            </c02>
            <c02 level="subseries">
               <did>
                  <unittitle>1957 Conference on Problems of American Foreign Policy
                     (cancelled)</unittitle>
               </did>
               <c03 level="file">
                  <did>
                     <container type="box" label="Box">1</container>
                     <unittitle>Correspondence, receipts, <unitdate normal="1956-07-03/1957-06-18"
                           type="inclusive" era="ce" calendar="gregorian">3 Jul. 1956 – 18 Jun.
                           1957, </unitdate>
                        <unitdate normal="1950/1961" type="inclusive" era="ce" calendar="gregorian"
                           >undated</unitdate>
                     </unittitle>
                  </did>
               </c03>
            </c02>
            <c02 level="subseries">
               <did>
                  <unittitle>Conference on Problems of American Foreign Policy (not
                     held)</unittitle>
               </did>
               <c03 level="file">
                  <did>
                     <container type="box" label="Box">1</container>
                     <unittitle>Correspondence, account statements, <unitdate
                           normal="1959-10-31/1961-02-28" type="inclusive" era="ce"
                           calendar="gregorian">31 Oct. 1959 – 28 Feb. 1961</unitdate>
                     </unittitle>
                  </did>
               </c03>
            </c02>
         </c01>
      </dsc>
   </archdesc>
</ead>
