<?xml version="1.0" encoding="utf-8"?>
<!-- Lilly Library, Indiana University, EAD template, 2003-02-21  -->
<ead xmlns="urn:isbn:1-931666-22-9"
     xmlns:xlink="http://www.w3.org/1999/xlink"
     xmlns:xsi="http://www.w3.org/2001/XMLSchema-instance"
     xsi:schemaLocation="urn:isbn:1-931666-22-9 http://www.loc.gov/ead/ead.xsd"><!-- value of @findaidstatus should be 'originaldraft', 'inprogressdraft', 'editinprogress', or 'editedfulldraft' -->
   <eadheader audience="internal"
              langencoding="iso639-2b"
              scriptencoding="iso15924"
              repositoryencoding="iso15511"
              countryencoding="iso3166-1"
              dateencoding="iso8601"
              findaidstatus="originaldraft"><!-- replace [uniqueid] with collection LMC number -->
      <eadid encodinganalog="identifier"
             identifier="InU-Li-VAA1251"
             countrycode="US"
             mainagencycode="InU-Li">InU-Li-VAA1251</eadid>
      <filedesc><!-- This is a description of the electronic finding aid, not the original finding aid or the collection --><!-- Make title "xxxx mss., yyyy-yyyy"--><!--Make subtitle "Papers, yyyy-yyyy, of [person] at the Lilly Library, Indiana University, Bloomington, Indiana-->
         <titlestmt>
            <titleproper>Fellini mss., </titleproper>
            <subtitle>Papers, <date normal="1968/1983" era="ce" calendar="gregorian">1968-1983</date>, of Federico Fellini at the Lilly Library, Indiana University,
               Bloomington, Indiana</subtitle>
            <author>Electronic finding aid encoded by Beth Benda.</author>
         </titlestmt>
         <publicationstmt>
            <publisher>Indiana University Digital Library Program</publisher>
            <date normal="2003" type="publication" era="ce" calendar="gregorian">© 2003</date>
         </publicationstmt>
      </filedesc>
      <profiledesc>
         <creation>XML finding aid derived from rekeying from paper file. <!--description of how the finding aid was created, for example: XML finding aid derived from
[paper by means of scanning and OCR] [OCR file edited for typographical errors before encoding]
[typescript by rekeying] [word processing program and version number]
[<extref href=""  title="" actuate="onrequest" show="new">HTML collection description</extref>]. --><lb/>[date of source: <lb/>Finding aid encoded by Beth Benda, Lilly Library, Indiana
            University, <date normal="2003-10-27" era="ce" calendar="gregorian">October 27,
               2003</date>
         </creation>
         <!-- iso three-digit 639-2 value for @langcode can be found at http://www.loc.gov/standards/iso639-2/langcodes.html -->
         <langusage>Description is in <language encodinganalog="language" langcode="eng" scriptcode="Latn">English.</language>
         </langusage>
      </profiledesc>
      <!-- revisiondesc is required -->
      <!-- record when the finding aid is initiated in first 'change' element, with subsequent changes listed below the first, and the final 'change' element indicating date finding aid completed -->
      <revisiondesc>
         <change>
            <date normal="2003-10-27" era="ce" calendar="gregorian">October 27, 2003</date>
            <item>Encoded finding aid begun.</item>
         </change>
         <change>
            <date normal="2003-10-27" era="ce" calendar="gregorian">October 27, 2003</date>
            <item>Encoded finding aid completed.</item>
         </change>
         <change>
            <date normal="2003-12-01" era="ce" calendar="gregorian">December 1, 2003</date>
            <item>Finding aid edited.</item>
         </change>
         <change>
            <date normal="2004-07-15" era="ce" calendar="gregorian">July 15, 2004</date>
            <item>Finding aid display corrected</item>
         </change>
         <change>
            <date normal="2004-09-17" era="ce" calendar="gregorian">September 17, 2004</date>
            <item>EAD id changed from InU-Li-LMC1394 to InU-Li-VAA1251.</item>
         </change>
         <change>
            <date normal="2005-10-20" era="ce" calendar="gregorian">October 20, 2005</date>
            <item>File name changed from fellini to InU-Li-VAA1251</item>
         </change>
         <change>
            <date normal="2007-09-06" era="ce" calendar="gregorian">September 6, 2007</date>
            <item>Unit id label corrected to InU-Li-VAA1251</item>
         </change>
         <change audience="internal">
            <date normal="2017-11-29">November 29, 2017</date>
            <item>Batch update to change subject links.</item>
         </change>
      </revisiondesc>
   </eadheader>
   <!-- the 'frontmatter' element is a wrapper that bundles prefatory text found before the start of the archival description <archdesc>. It focuses on the creation, publication, or use of the finding aid rather than information
about the materials being described. Examples include a title page, preface, dedication, and instructions for
using a finding aid. -->
   <frontmatter audience="external"><!-- information should be included as you would wish it to appear on a titlepage of a printed finding aid -->
      <titlepage>
         <titleproper>Guide to the Fellini mss., <date normal="1968/1983" era="ce" calendar="gregorian">1968-1983</date>
         </titleproper>
         <publisher>Lilly Library, Indiana University, Bloomington, Indiana</publisher>
         <!--it is possible to include graphics using extptr -->
         <p>© 2003 Trustees of Indiana University. All rights reserved.</p>
      </titlepage>
   </frontmatter>
   <archdesc level="collection"
             audience="external"
             type="inventory"
             relatedencoding="marc"><!-- @type value may alternatively be 'bulk' --><!-- use the label attribute for these elements to determine what label is displayed -->
      <did>
         <head>Summary Information</head>
         <repository encodinganalog="850$a" label="Repository" id="lilly">
            <corpname source="lcnaf" normal="Lilly Library (Indiana University, Bloomington)">Lilly
               Library (Indiana University, Bloomington)</corpname>
            <address>
               <addressline>Indiana University</addressline>
               <addressline>1200 E. Seventh St.</addressline>
               <addressline>Bloomington, IN 47405-5500</addressline>
               <addressline>Phone: 812-855-2452</addressline>
               <addressline>Fax: 812-855-3143</addressline>
               <addressline>Email: liblilly@indiana.edu</addressline>
            </address>
            <lb/>
            <extref xlink:href="http://www.indiana.edu/~liblilly">http://www.indiana.edu/~liblilly</extref>
         </repository>
         <origination label="Creator">
            <persname source="lcnaf" encodinganalog="100$a$d"> Fellini, Federico </persname>
         </origination>
         <unittitle encodinganalog="245$a" label="Title">Fellini mss.,</unittitle>
         <unitdate normal="1968/1983"
                   type="inclusive"
                   encodinganalog="245$f"
                   era="ce"
                   calendar="gregorian">1968-1983</unitdate>
         <unitid encodinganalog="099"
                 countrycode="US"
                 repositorycode="US-InU-Li"
                 label="Collection no:">LMC 1394</unitid>
         <physdesc encodinganalog="300$a$f" label="Extent">
            <extent>11 items</extent>
            <!-- if both linear feet and number of items included, separate by lb tag -->
         </physdesc>
         <langmaterial label="Language">Materials are in <language langcode="ita" encodinganalog="008/35-37">Italian</language>and <language langcode="eng" encodinganalog="008/35-37">English.</language>
         </langmaterial>
         <abstract encodinganalog="520$a" label="Abstract">Consists of drawings, film scripts, and
            other writings by Italian filmmaker Federico Fellini, 1920-1993.</abstract>
      </did>
      <!-- required; 'descgrp' element replaces admininfo element in 2002 DTD -->
      <descgrp>
         <head>Administrative Information</head>
         <accessrestrict encodinganalog="506$a">
            <head>Access Restrictions</head>
            <p>This collection is open for research.</p>
         </accessrestrict>
         <acqinfo encodinganalog="541">
            <head>Acquisition Information</head>
            <p>Purchase 1988. </p>
         </acqinfo>
         <userestrict encodinganalog="540">
            <head>Usage Restrictions</head>
            <p>Prior arrangements are not necessary before coming to the Library, however, patrons
               from out of town are encouraged to communicate with the Library in advance of their
               visits to ascertain availability of materials.</p>
            <p>Photocopying permitted only with permission of the Curator of Manuscripts, Lilly
               Library.</p>
         </userestrict>
         <prefercite encodinganalog="524$a">
            <head>Preferred Citation</head>
            <p>[Item], Fellini mss., Lilly Library, Indiana University, Bloomington, Indiana.</p>
         </prefercite>
         <bioghist encodinganalog="545">
            <head>Biographical Note</head>
            <p>Italian filmmaker, 1920-1993, whose best known films include <title render="italic">La Dolce Vita</title> and <title render="italic">The Satyricon.</title> The term
               paparazzi comes from a character named Paparazzo in his film <title render="italic">La Dolce Vita.</title>
            </p>
         </bioghist>
      </descgrp>
      <!-- required for collection level; optional for lower levels -->
      <scopecontent encodinganalog="520$a$b">
         <head>Scope and Content Note</head>
         <p>Consists of drawings, film scripts, and other writings by Italian filmmaker Federico
            Fellini, 1920- 1993.</p>
      </scopecontent>
      <!--optional -->
      <!-- element organization deprecated in DTD version 2002; @encodinganalog may be used to differentiate between 351 subfield a (organization) and subfield b (arrangement). -->
      <arrangement encodinganalog="351$x">
         <head>Arrangement/Organization</head>
         <p>Materials arranged alphabetically by title.</p>
      </arrangement>
      <!-- recommended; this information would be included for marc amc record -->
      <!-- should include all personal and corporate names, and subject headings -->
      <controlaccess>
         <head>Indexing Terms</head>
         <p>The following terms have been used to index the description of this collection in
               <extref xlink:href="http://www.iucat.iu.edu">IUCAT</extref>, the IU Libraries' online
            catalog. Materials about related topics, persons or places can be found by searching the
            catalog using these terms. </p>
         <controlaccess>
            <head>Names</head>
            <list>
               <item>
                  <persname source="lcnaf" encodinganalog="100$a$d">Fellini, Federico.</persname>
               </item>
            </list>
         </controlaccess>
         <controlaccess>
            <head>Topics</head>
            <list>
               <item>
                  <subject encodinganalog="650$a" source="lcsh"> Motion picture producers and
                     directors --Italy. </subject>
               </item>
            </list>
         </controlaccess>
      </controlaccess>
      <!-- required, if appropriate -->
      <!-- optional, if applicable -->
      <relatedmaterial encodinganalog="544">
         <head>Related Material</head>
         <p>See Pinelli mss., Lillly Library, Indiana University, Bloomington.</p>
      </relatedmaterial>
      <dsc type="combined">
         <c01 level="item">
            <did>
               <container type="box" label="Box">1</container>
               <container type="folder" label="Folder">1</container>
               <unittitle>
                  <title render="italic">Fare un film.</title>
                  <unitdate normal="1976-10" era="ce" calendar="gregorian">October 1976</unitdate>
               </unittitle>
            </did>
            <scopecontent>
               <p>The original typescript manuscript of <title render="italic">Fare un film</title>
                  in Italian (Turin: Einaudi, 1980; Zurich: Diogenes Verlag, 1980). Signed by
                  director. Contains corrections in Fellini's hand. Includes a color sketch of
                  Gelsomina, the protagonist of <title render="italic">La Strada</title> on the
                  cover, which was eventually used as the cover for the Italian edition of the
                  book.</p>
            </scopecontent>
         </c01>
         <c01 level="item">
            <did>
               <container type="box" label="Box">1</container>
               <container type="folder" label="Folder">2</container>
               <unittitle>Block-notes di un regista.</unittitle>
            </did>
            <scopecontent>
               <p>Appunti di Federico Fellini (the first version of the script for the film, <title render="italic">Intervista</title>, 1987) in Italian.</p>
            </scopecontent>
         </c01>
         <c01 level="item">
            <did>
               <container type="box" label="Box">1</container>
               <container type="folder" label="Folder">3</container>
               <unittitle>
                  <title render="italic">Ginger e Fred. </title>
                  <unitdate normal="1985" era="ce" calendar="gregorian">1985</unitdate>
               </unittitle>
            </did>
            <scopecontent>
               <p>The original typescript manuscript in Italian. Bound and signed on the front page
                  by Federico Fellini.</p>
            </scopecontent>
         </c01>
         <c01 level="item">
            <did>
               <container type="box" label="Box">1</container>
               <container type="folder" label="Folder">4</container>
               <unittitle>
                  <title render="italic">Ginger and Fred.</title>
               </unittitle>
            </did>
            <scopecontent>
               <p>English translation. Xerox copy. Contains some corrections by Fellini.</p>
            </scopecontent>
         </c01>
         <c01 level="item">
            <did>
               <container type="box" label="Box">1</container>
               <container type="folder" label="Folder">5</container>
               <unittitle>
                  <title render="italic">Prova d'orchestra</title> in Italian, <unitdate normal="1979" era="ce" calendar="gregorian">1979</unitdate>
               </unittitle>
            </did>
            <scopecontent>
               <p>The front page contains Fellini's drawing of an orchestra director's arm, a baton,
                  and a music stand. Last page is a color sketch that contrasts Fellini as he dreams
                  of himself to Fellini as he actually is.</p>
            </scopecontent>
         </c01>
         <c01 level="item">
            <did>
               <container type="box" label="Box">1</container>
               <container type="folder" label="Folder">6</container>
               <unittitle>Notes on <title render="italic">Prova d'orchestra</title>
               </unittitle>
            </did>
            <scopecontent>
               <p>Italian xerox copy. Color drawing (orange) of orchestra director with outstretched
                  baton and music stand.</p>
            </scopecontent>
         </c01>
         <c01 level="item">
            <did>
               <container type="box" label="Box">2</container>
               <container type="folder" label="Folder">7</container>
               <unittitle>Italian script of television commercial for Campari Soda. <unitdate normal="1983" era="ce" calendar="gregorian">1983</unitdate>
               </unittitle>
            </did>
            <scopecontent>
               <p>Xerox copy. Signed by Fellini.</p>
            </scopecontent>
         </c01>
         <c01 level="item">
            <did>
               <container type="box" label="Box">2</container>
               <container type="folder" label="Folder">8</container>
               <unittitle>
                  <title render="italic">E la nava va</title>
               </unittitle>
            </did>
            <scopecontent>
               <p>Italian typescript first copy but with no corrections. Original story idea for the
                  film by Fellini and Tonino Guerra upon which the original shooting script was
                  based. Contains a color drawing on the cover, with Fellini's signature, of the
                  ominous battleship of the film.</p>
            </scopecontent>
         </c01>
         <c01 level="item">
            <did>
               <container type="box" label="Box">2</container>
               <container type="folder" label="Folder">9</container>
               <unittitle>
                  <title render="italic">Juliet of the Spirits</title>.</unittitle>
            </did>
            <scopecontent>
               <p>Original English translation of the screenplay.</p>
            </scopecontent>
         </c01>
         <c01 level="item">
            <did>
               <container type="box" label="Box">2</container>
               <container type="folder" label="Folder">10</container>
               <unittitle>
                  <title render="italic">Roma.</title>
                  <unitdate normal="1972" era="ce" calendar="gregorian">1972</unitdate>
               </unittitle>
               <physdesc>(6 notebooks. All Xerox copies and in Italian)</physdesc>
            </did>
            <c02 level="item">
               <did>
                  <container type="notebook" label="Notebook">1</container>
                  <unittitle>Introduzione/Inizio Roma</unittitle>
               </did>
               <scopecontent>
                  <p>Opening sequence. In Italian. Sequence #1. First page is color drawing of
                     principal and young scholar dressed in black uniform. Titled <title render="doublequote">Il preside Bosch, detto <emph render="singlequote">Zeus</emph>
                     </title>.</p>
               </scopecontent>
            </c02>
            <c02 level="item">
               <did>
                  <container type="notebook" label="Notebook">2</container>
                  <unittitle>L'arrivo a Roma</unittitle>
               </did>
               <scopecontent>
                  <p>Protagonist's arrival in the city. In Italian. Sequence #2. First page is color
                     drawing of heavyset woman carrying bag of groceries with a cigarette in her
                     mouth and a soldier holding a shield wearing an elaborate helmet with long
                     black tassel.</p>
               </scopecontent>
            </c02>
            <c02 level="item">
               <did>
                  <container type="notebook" label="Notebook">3</container>
                  <unittitle>Raccordo anulare</unittitle>
               </did>
               <scopecontent>
                  <p>Traffic jam on the autostrads. In Italian. Sequence #3. First page is color
                     drawing of the back of a heavyset person in motion.</p>
               </scopecontent>
            </c02>
            <c02 level="item">
               <did>
                  <container type="notebook" label="Notebook">4</container>
                  <unittitle>Il defile</unittitle>
               </did>
               <scopecontent>
                  <p>Sequence without number. In Italian. First page is color drawing of a cardinal,
                     front and side views.</p>
               </scopecontent>
            </c02>
            <c02 level="item">
               <did>
                  <container type="notebook" label="Notebook">5</container>
                  <unittitle>I casini</unittitle>
               </did>
               <scopecontent>
                  <p>In Italian. Sequence #7. First page is a brothel scene showing the legs of a
                     heavyset woman walking down a stairway.</p>
               </scopecontent>
            </c02>
            <c02 level="item">
               <did>
                  <container type="notebook" label="Notebook">6</container>
                  <unittitle>Gli aristocratici e il defile</unittitle>
               </did>
               <scopecontent>
                  <p>The aristocrats and the fashion show. In Italian. Sequence #8. First page is
                     color drawing of cardinal hat with sketching of cardinal in design of hat.</p>
               </scopecontent>
            </c02>
         </c01>
         <c01 level="item">
            <did>
               <container type="box" label="Box">2</container>
               <container type="folder" label="Folder">11</container>
               <unittitle>
                  <title render="italic">Toby Dammit.</title>
                  <unitdate normal="1968" era="ce" calendar="gregorian">1968</unitdate>
               </unittitle>
            </did>
            <scopecontent>
               <p>Carbon copy. Numerous corrections in Fellini's hand in Italian. Notations in
                  director's hand referring to various shots on location, plus numerous changes in
                  dialogue and shots. Small sketch on cover, cancelled in pencil but clearly
                  visible. Color drawing on last page (75) of decapitated head and beach ball on a
                  deck.</p>
            </scopecontent>
         </c01>
      </dsc>
   </archdesc>
</ead>
