<?xml version="1.0" encoding="UTF-8"?><ead xmlns="urn:isbn:1-931666-22-9" xmlns:xlink="http://www.w3.org/1999/xlink" xmlns:xsi="http://www.w3.org/2001/XMLSchema-instance" xsi:schemaLocation="urn:isbn:1-931666-22-9 http://www.loc.gov/ead/ead.xsd">
   <eadheader countryencoding="iso3166-1" audience="internal" dateencoding="iso8601" scriptencoding="iso15924" findaidstatus="originaldraft" langencoding="iso639-2b" repositoryencoding="iso15511">
      <eadid identifier="InU-Li-VAD6116" encodinganalog="identifier" mainagencycode="InU-Li" countrycode="US">InU-Li-VAD6116</eadid>
      <filedesc>
         <titlestmt>
            <titleproper encodinganalog="title">Borregaard mss., <date calendar="gregorian" normal="1961/1965" era="ce">1961-1965</date>
            </titleproper>
            <subtitle>Papers of Various at the Lilly Library, Indiana University, Bloomington,
               Indiana</subtitle>
            <author encodinganalog="creator">Electronic finding aid encoded by Indiana University
               Libraries.</author>
         </titlestmt>
         <publicationstmt>
            <publisher encodinganalog="publisher">Indiana University Digital Library
               Program</publisher>
            <date calendar="gregorian" normal="2017" encodinganalog="date" era="ce" type="publication">© 2017</date>
         </publicationstmt>
         <notestmt>
            <note encodinganalog="rights">
               <p>
                  <date normal="2017">© 2017</date> Trustees of Indiana University. All rights
                  reserved.</p>
            </note>
         </notestmt>
      </filedesc>
      <profiledesc>
         <creation>XML finding aid automatically generated from spreadsheet output of database.
            Finding aid encoded by Indiana University Libraries, <date calendar="gregorian" normal="2017-03-10" era="ce">March 10, 2017</date>
         </creation>
         <langusage>Description is in <language langcode="eng" scriptcode="Latn" encodinganalog="language">English.</language>
         </langusage>
      </profiledesc>
      <revisiondesc>
         <change audience="internal">
            <date calendar="gregorian" normal="2017-03-10" era="ce">March 10, 2017</date>
            <item>Encoded finding aid created.</item>
         </change>
         <change audience="internal">
            <date calendar="gregorian" normal="2017-12-08" era="ce">December 08, 2017</date>
            <item>Edits and rearrangement of content into requisite Lilly EAD structure, including
               addition of abstract, bioghist, scopecontent, controlaccess, relatedmaterial, and c01
               levels of container list. Haley Suby.</item>
         </change>
         <change audience="internal">
            <date normal="2018-04-27">April 27, 2018</date>
            <item>Batch update to change subject links.</item>
         </change>
      </revisiondesc>
   </eadheader>
   <archdesc audience="external" level="collection" type="inventory" relatedencoding="marc">
      <did>
         <head>Summary Information</head>
         <repository encodinganalog="852" label="Repository" id="lilly">
            <corpname normal="Lilly Library (Indiana University, Bloomington)" source="lcnaf">Lilly
               Library (Indiana University, Bloomington)</corpname>
            <address>
               <addressline>Indiana University</addressline>
               <addressline>1200 E. Seventh St.</addressline>
               <addressline>Bloomington, IN 47405-5500</addressline>
               <addressline>Phone: 812-855-2452</addressline>
               <addressline>Fax: 812-855-3143</addressline>
               <addressline>Email: liblilly@indiana.edu</addressline>
            </address>
            <lb/>
            <extref xlink:href="http://www.indiana.edu/~liblilly">http://www.indiana.edu/~liblilly</extref>
         </repository>
         <origination label="Creator">Various</origination>
         <unittitle encodinganalog="245$a" label="Title">Borregaard mss.</unittitle>
         <unitdate calendar="gregorian" normal="1961/1965" encodinganalog="245$f" era="ce" type="inclusive">1961-1965</unitdate>
         <unitid encodinganalog="099" repositorycode="US-InU-Li" countrycode="US" label="Collection No.">LMC 1109</unitid>
         <physdesc encodinganalog="300$a$f" label="Extent">
            <extent>1 box (44 items)</extent>
         </physdesc>
         <langmaterial encodinganalog="546" label="Language">Materials are in <language langcode="eng">English.</language>
         </langmaterial>
         <abstract encodinganalog="520" label="Abstract">The Borregaard mss., circa 1961-1965,
            consist of the papers of Ebbe Borregaard, 1933- , publisher of Oannes Press in San
            Francisco, California.</abstract>
      </did>
      <accessrestrict encodinganalog="506$a">
         <head>Access Restrictions</head>
         <p>This collection is open for research.</p>
      </accessrestrict>
      <bioghist encodinganalog="545">
         <head>Biographical Note</head>
         <p>Ebbe Borregaard, 1933- , publisher of Oannes Press in San Francisco, California.</p>
      </bioghist>
      <scopecontent encodinganalog="520">
         <head>Scope and Content Note</head>
         <p>The Borregaard mss., circa 1961-1965, consist of the papers of Ebbe Borregaard, 1933- ,
            publisher of Oannes Press in San Francisco, California. The collection includes the
            1961? typescript of <title render="doublequote">SAN FRANCISCO'S BURNING,</title> by
            Helen and Pat Adam, illustrated by Jess [Collins], published by Oannes Press in 1963;
            errata and costs sheets, announcements of the publication, an order form for the book, a
            record of sales, and a copy of the published book; a sample paste-up by Jess for a
            projected Oannes book, accompanied by a letter, 1963, from Jess to Borregaard; the
            type-script of <title render="doublequote">ETURNATURE</title> by James Alexander,
            published by Oannes - Open Space in 1965; a file of unpublished poems by Alexander,
            herein called <title render="doublequote">[POEMS] FOR BEAURREGARDLISS</title>; a file of
            drawings and sketches by Borregaard for the Oannes Press logos; a file of miscellaneous
            notes and figures relating to Oannes Press records. </p>
      </scopecontent>
      <controlaccess>
         <head>Indexing Terms</head>
         <controlaccess>
            <head>Names</head>
            <list>
               <item>
                  <extref xlink:href="https://iucat.iu.edu/?q=&#34;Borregaard+Ebbe&#34;&amp;search_field=subject_link">
                     <persname encodinganalog="600" source="lcnaf">Borregaard, Ebbe</persname>
                  </extref>
               </item>
               <item>
                  <extref xlink:href="https://iucat.iu.edu/?q=&#34;Oannes+Press&#34;&amp;search_field=subject_link">
                     <corpname encodinganalog="610">Oannes Press</corpname>
                  </extref>
               </item>
            </list>
         </controlaccess>
      </controlaccess>
      <descgrp>
         <head>Administrative Information</head>
         <acqinfo encodinganalog="541">
            <head>Acquisition Information</head>
            <p>Purchase: 1974</p>
         </acqinfo>
         <userestrict encodinganalog="540">
            <head>Usage Restrictions</head>
            <p>Prior arrangements are not necessary before coming to the Library, however, patrons
               from out of town are encouraged to communicate with the Library in advance of their
               visits to ascertain availability of materials.</p>
            <p>Photocopying permitted only with permission of the curator.</p>
         </userestrict>
         <prefercite encodinganalog="524$a">
            <head>Preferred Citation</head>
            <p>[Item], Borregaard mss., Lilly Library, Indiana University, Bloomington, Indiana.</p>
         </prefercite>
      </descgrp>
      <dsc type="combined">
         <c01 level="collection" id="VAD6116-00001">
            <did>
               <unittitle>Borregaard mss., circa 1961-1965</unittitle>
               <physdesc>
                  <extent>1 box (44 items)</extent>
               </physdesc>
            </did>
         </c01>
      </dsc>
   </archdesc>
</ead>