<?xml version="1.0" encoding="utf-8"?>
<!-- Indiana University EAD template draft: 2003-Jan-2, 
    revised 2004-09-15 JLR; 
    revised fall 2006 and spring/summer 2007 JLR w/ EAD Working Group
    added repository code to /ead/archdesc/did/repository/@id, 4/1/09 JLR
-->
<ead xmlns="urn:isbn:1-931666-22-9"
     xmlns:xlink="http://www.w3.org/1999/xlink"
     xmlns:xsi="http://www.w3.org/2001/XMLSchema-instance"
     xsi:schemaLocation="urn:isbn:1-931666-22-9 http://www.loc.gov/ead/ead.xsd">
   <eadheader repositoryencoding="iso15511"
              langencoding="iso639-2b"
              audience="external"
              countryencoding="iso3166-1"
              dateencoding="iso8601"
              scriptencoding="iso15924"
              relatedencoding="dublincore"
              findaidstatus="edited-full-draft">
      <eadid countrycode="US"
             encodinganalog="identifier"
             mainagencycode="InU-Li"
             identifier="InU-Li-VAC0092">InU-Li-VAC0092</eadid>
      <!-- The value of eadid should follow the pattern of archive or library code, and then a 
unique number for the collection, e.g. InU-Li-VAA1234. Put this full identifier both in the identifier attribute and in the value of the eadid element. -->
      <!-- Generate a unique number for the collection at http://www.dlib.indiana.edu/cgi-bin/testtrackedit/filename.pl -->
      <filedesc><!-- This is a description of the electronic finding aid, not the 
original finding aid or the collection --><!-- Make title "The John Doe Papers, 1919-1965" rather than "The 
Papers of John Doe, 1919-1965" to eliminate 
                potential confusion about the meaning of the dates -->
         <titlestmt>
            <titleproper encodinganalog="title">Straight mss., <date normal="1864/1881">1864-1881</date>
            </titleproper>
         </titlestmt>
         <publicationstmt>
            <publisher encodinganalog="publisher">Indiana University Digital Library
               Program</publisher>
            <date encodinganalog="date" normal="2010" type="publication">© 2010</date>
         </publicationstmt>
         <notestmt><!-- Change date to date of first publication, change rights statement if other entity claims rights over the finding aid (not the collection)-->
            <note encodinganalog="rights">
               <p>
                  <date normal="2010">© 2010</date> Trustees of Indiana University. All rights
                  reserved.</p>
            </note>
         </notestmt>
      </filedesc>
      <profiledesc>
         <creation> XML finding aid derived from HTML version through cutting and pasting <lb/>
            <date normal="2010" type="source">2010</date>
            <lb/>Finding aid encoded by Matt Carruthers, Library/Archives, Indiana University, <date normal="2010-10-04">October 4, 2010</date>
         </creation>
         <langusage>Description is in <language encodinganalog="language" langcode="eng">English.</language>
         </langusage>
      </profiledesc>
      <!-- revisiondesc is required -->
      <!-- record when the finding aid is completed in first change element, 
with subsequent changes
listed below the first -->
      <revisiondesc>
         <change audience="internal">
            <date normal="2010-10-04">October 4, 2010</date>
            <item>This is the first version of the encoded finding aid.</item>
         </change>
         <change audience="internal">
            <date normal="2017-11-29">November 29, 2017</date>
            <item>Batch update to change subject links.</item>
         </change>
      </revisiondesc>
   </eadheader>
   <archdesc audience="external"
             level="collection"
             type="inventory"
             relatedencoding="marc21"><!-- The TYPE attribute can be used to categorize the finding aid as an inventory, register, or other format. -->
      <did>
         <head>Summary Information</head>
         <repository id="lilly" encodinganalog="852" label="Repository">
            <corpname source="lcnaf" normal="Lilly Library (Indiana University, Bloomington)">Lilly
               Library (Indiana University, Bloomington)</corpname>
            <address>
               <addressline>Lilly Library</addressline>
               <addressline>Indiana University</addressline>
               <addressline>1200 E. Seventh St.</addressline>
               <addressline>Bloomington, IN 47405-5500</addressline>
               <addressline>Phone: 812-855-2452</addressline>
               <addressline>Fax: 812-855-3143</addressline>
               <addressline>Email: liblilly@indiana.edu</addressline>
            </address>
         </repository>
         <origination label="Creator"><!-- Or <corpname encodinganalog="110">, <meeting encodinganalog="111">, with source="lcnaf" if appropriate -->
            <persname encodinganalog="100" source="lcnaf">Straight, David Evander, 1832-1902</persname>
         </origination>
         <!-- per RLG guidelines recommendation, do not nest unitdate element within
unittitle element -->
         <unittitle encodinganalog="245$a" label="Title">Straight mss.</unittitle>
         <unitdate encodinganalog="245$f" normal="1864/1881" type="inclusive">1864-1881</unitdate>
         <!-- do not include separating punctuation between the unit title and the unit
date.  The stylesheets will supply a comma where appropriate. -->
         <!-- unitdate may be repeated if both bulk and inclusive dates are recorded -->
         <!-- record the type of date - bulk or inclusive - in the type attribute. if date is bulk, change encodinganalog to 245$g -->
         <!-- recommended -->
         <unitid encodinganalog="099" label="Collection No.">LMC 2498</unitid>
         <physdesc encodinganalog="300" label="Extent">
            <extent>32 items</extent>
         </physdesc>
         <!-- if both linear feet and number of items included, repeat extent-->
         <!-- if collection includes signinficant non-english material add code to
langmaterial element -->
         <langmaterial encodinganalog="546" label="Language">Materials are in <language langcode="eng">English.</language>
         </langmaterial>
         <abstract encodinganalog="520" label="Abstract">The Straight mss., 1864-1881, consists
            primarily of documents and papers relating to Captain David Evander Straight, 1832-1902,
            and the 100th Regiment, United States Colored Infantry, in the Civil War.</abstract>
      </did>
      <!-- required even if unrestricted -->
      <accessrestrict encodinganalog="506">
         <head>Access Restrictions</head>
         <p>This collection is open for research.</p>
      </accessrestrict>
      <!-- required; can be short -->
      <bioghist encodinganalog="545">
         <head>Biographical Note</head>
         <p>Captain David Evander Straight, 1832-1902, was born in Charlotte, New York, August 18,
            1832. In the mid-1850s, he attended Michigan State University then moved to Illinois
            with his brothers to farm and do carpentry. He married Mary Ann (Annie) Cassidy in 1858;
            they had four children.</p>
         <p>At the commencement of the Civil War in 1861, David Straight joined the 129th Illinois
            Volunteer Infantry. He was promoted to Captain in 1864 and given command of Company I,
            100th United States Colored Infantry shortly after that regiment was organized in
            Kentucky. The primary service of the regiment was to provide guard duty for Nashville,
            Tennessee and the Northwestern Railroad until December 26, 1865, when they were mustered
            out or disassembled at Beuton Barracks in St. Louis. During their service in Tennessee
            the regiment was involved in the Battle of Nashville, December 15-16, 1864, one of the
            last major engagements of the Civil War.</p>
      </bioghist>
      <!--optional -->
      <arrangement encodinganalog="351">
         <head>Arrangement</head>
         <p>The collection is arranged in chronological order.</p>
      </arrangement>
      <!-- required for collection level; optional for lower levels -->
      <scopecontent encodinganalog="520">
         <head>Scope and Content Note</head>
         <p>The Straight mss., 1864-1881, consists primarily of documents and papers relating to
            Captain David Evander Straight, 1832-1902, and the 100th Regiment, United States Colored
            Infantry, in the Civil War. The majority of the items in the collection are official
            inventories and reports of equipment and supplies of Captain Straight and other members
            of the regiment, many of which originated when the regiment was at Beuton Barracks
            outside of St. Louis, Missouri, November-December 1865. Among the items in this
            collection are clothing receipt rolls that include the names of the soldiers. Also
            present is one letter, dated July 16, 1865, special orders sent to Captain Straight for
            1864-1865, and a pension certificate and voucher dated 1881. Seven empty envelopes and a
            theatre announcement for <emph render="doublequote">Jim the Penman,</emph> written by
            Sir Charles Young, complete the collection.</p>
      </scopecontent>
      <!-- recommended; this information would be included for marc amc record -->
      <!-- should include all personal and corporate names, and subject headings -->
      <controlaccess>
         <head>Indexing Terms</head>
         <controlaccess>
            <head>Names</head>
            <list>
               <item>
                  <extref xlink:href="https://iucat.iu.edu/?q=&#34;straight+david+evander+1832-1902&#34;&amp;search_field=subject_link">
                     <persname encodinganalog="600" source="lcnaf">Straight, David Evander,
                        1832-1902 --Correspondence. </persname>
                  </extref>
               </item>
               <item>
                  <extref xlink:href="https://iucat.iu.edu/?q=&#34;united+states+army+colored+infantry+regiment+100th+1864-1865+company+i&#34;&amp;search_field=subject_link">
                     <corpname encodinganalog="610" source="lcnaf">United States. Army. Colored
                        Infantry Regiment, 100th (1864-1865). Company I. </corpname>
                  </extref>
               </item>
            </list>
         </controlaccess>
         <controlaccess>
            <head>Topics</head>
            <list>
               <item>
                  <extref xlink:href="https://iucat.iu.edu/?q=&#34;soldiers+united+states+biography&#34;&amp;search_field=subject_link">
                     <subject encodinganalog="650" source="lcsh">Soldiers --United States
                        --Biography. </subject>
                  </extref>
               </item>
            </list>
         </controlaccess>
         <controlaccess>
            <head>Places</head>
            <list>
               <item>
                  <extref xlink:href="https://iucat.iu.edu/?q=&#34;united+states+history+civil+war+1861-1865+african+american+troops&#34;&amp;search_field=subject_link">
                     <geogname encodinganalog="651" source="lcsh">United States --History --Civil
                        War, 1861-1865 --African American troops. </geogname>
                  </extref>
               </item>
               <item>
                  <extref xlink:href="https://iucat.iu.edu/?q=&#34;united+states+history+civil+war+1861-1865&#34;&amp;search_field=subject_link">
                     <geogname encodinganalog="651" source="lcsh">United States --History --Civil
                        War, 1861-1865. </geogname>
                  </extref>
               </item>
               <item>
                  <extref xlink:href="https://iucat.iu.edu/?q=&#34;united+states+history+civil+war+1861-1865+regimental+histories&#34;&amp;search_field=subject_link">
                     <geogname encodinganalog="651" source="lcsh">United States --History --Civil
                        War, 1861-1865 --Regimental histories. </geogname>
                  </extref>
               </item>
            </list>
         </controlaccess>
         <!-- <persname encodinganalog="100" source="lcnaf">[remove source attribute if name does not come from an authority file] </persname> -->
         <!-- <corpname encodinganalog="110" source="lcnaf">[remove source attribute if name does not come from an authority file]</corpname> -->
         <!--  <famname encodinganalog="100" source="lcnaf">[remove source attribute if name does not come from an authority file]</famname> -->
         <!--  <subject encodinganalog="650" source="lcsh"> </subject> -->
         <!--  <occupation encodinganalog="656" source="lcsh"> </occupation> -->
         <!--  <geogname encodinganalog="651" source="aacr2"> </geogname> -->
         <!-- <genreform encodinganalog="655" source="lcsh"> </genreform> -->
         <!-- <function encodinganalog="657" source="lcsh"/> -->
         <!-- <title encodinganalog="630"> </title> -->
      </controlaccess>
      <descgrp>
         <head>Administrative Information</head>
         <!-- required -->
         <acqinfo encodinganalog="541">
            <head>Acquisition Information</head>
            <p>Acquired: 2004</p>
         </acqinfo>
         <!-- required even if unrestricted -->
         <userestrict encodinganalog="540">
            <head>Usage Restrictions</head>
            <p>Prior arrangements are not necessary before coming to the Library, however, patrons
               from out of town are encouraged to communicate with the Library in advance of their
               visits to ascertain availability of materials.</p>
            <p>Photocopying permitted only with permission of the Curator of Manuscripts, Lilly
               Library.</p>
         </userestrict>
         <!-- required -->
         <prefercite encodinganalog="524">
            <head>Preferred Citation</head>
            <p>Straight mss., Lilly Library, Indiana University, Bloomington, Indiana.</p>
         </prefercite>
         <!--optional -->
      </descgrp>
      <dsc type="combined"><!-- unittitle is the only required element within component --><!-- possible values for @level include: class, collection, file, fonds, item,
                otherlevel, recordgrp, series, subfonds, subgrp, subseries -->
         <c01 id="VAC0092-00001" level="series">
            <did><!-- add type="bulk" or type="inclusive" to unitdate if appropriate -->
               <unittitle>Collection</unittitle>
            </did>
            <c02 id="VAC0092-00002" level="file">
               <did>
                  <container label="Folder" type="folder">1</container>
                  <unittitle>
                     <unitdate normal="1864/1865-06" type="inclusive">1864-1865, June</unitdate>
                  </unittitle>
                  <physdesc>(8 items)</physdesc>
               </did>
               <c03 id="VAC0092-00003" level="file">
                  <did>
                     <unittitle>
                        <unitdate normal="1864-06-30">1864, June 30.</unitdate> Inventory of
                        ordnance on hand</unittitle>
                  </did>
                  <dao xlink:href="http://purl.dlib.indiana.edu/iudl/lilly/VAC0092-00003"
                       altrender="simple"/>
               </c03>
               <c03 id="VAC0092-00004" level="file">
                  <did>
                     <unittitle>
                        <unitdate normal="1865-01-05">1865, Jan. 5.</unitdate> Ordnance issued to
                        recruits</unittitle>
                  </did>
                  <dao xlink:href="http://purl.dlib.indiana.edu/iudl/lilly/VAC0092-00004"
                       altrender="simple"/>
               </c03>
               <c03 id="VAC0092-00005" level="file">
                  <did>
                     <unittitle>
                        <unitdate normal="1865-01-25">1865, Jan. 25.</unitdate> List of ordnance
                        found on the battlefield.</unittitle>
                  </did>
                  <dao xlink:href="http://purl.dlib.indiana.edu/iudl/lilly/VAC0092-00005"
                       altrender="simple"/>
               </c03>
               <c03 id="VAC0092-00006" level="file">
                  <did>
                     <unittitle>
                        <unitdate normal="1865-05-23">1865, May 23.</unitdate> Envelope</unittitle>
                     <note>
                        <p>Inscribed <emph render="doublequote">Return of Ordnance...for the 4th Qu
                              December 31st 1864. Forwarded May 23, 1865</emph>
                        </p>
                     </note>
                  </did>
                  <dao xlink:href="http://purl.dlib.indiana.edu/iudl/lilly/VAC0092-00006"
                       altrender="simple"/>
               </c03>
               <c03 id="VAC0092-00007" level="file">
                  <did>
                     <unittitle>
                        <unitdate normal="1865-05-26">1865, May 26.</unitdate>
                        <emph render="doublequote">General Special Orders for 1864 and 1865
                           appertaining to Co. I 100th U.S.C. Infantry</emph>
                     </unittitle>
                  </did>
                  <dao xlink:href="http://purl.dlib.indiana.edu/iudl/lilly/VAC0092-00007"
                       altrender="simple"/>
               </c03>
               <c03 id="VAC0092-00008" level="file">
                  <did>
                     <unittitle>
                        <unitdate normal="1865-06-01">1865, June 1.</unitdate> Unserviceable
                        ordnance and ordnance stores</unittitle>
                     <physdesc>(2 copies)</physdesc>
                  </did>
                  <dao xlink:href="http://purl.dlib.indiana.edu/iudl/lilly/VAC0092-00008"
                       altrender="simple"/>
               </c03>
               <c03 id="VAC0092-00009" level="file">
                  <did>
                     <unittitle>
                        <unitdate normal="1865-06-15">1865, June 15.</unitdate> Blank report form of
                        enlisted men employed as servants.</unittitle>
                  </did>
                  <dao xlink:href="http://purl.dlib.indiana.edu/iudl/lilly/VAC0092-00009"
                       altrender="simple"/>
               </c03>
            </c02>
            <c02 id="VAC0092-00010" level="file">
               <did>
                  <container label="Folder" type="folder">2</container>
                  <unittitle>
                     <unitdate normal="1865-07/1865-11" type="inclusive">1865, July-Nov.</unitdate>
                  </unittitle>
                  <physdesc>(9 items)</physdesc>
               </did>
               <c03 id="VAC0092-00011" level="file">
                  <did>
                     <unittitle>
                        <unitdate normal="1865-07-16">1865, July 16.</unitdate> Letter from Bvt.
                        Major (H.A. Nuton?)</unittitle>
                  </did>
                  <dao xlink:href="http://purl.dlib.indiana.edu/iudl/lilly/VAC0092-00011"
                       altrender="simple"/>
               </c03>
               <c03 id="VAC0092-00012" level="file">
                  <did>
                     <unittitle>
                        <unitdate normal="1865-08-01">1865, Aug. 1.</unitdate> Bi-monthly ordnance
                        report</unittitle>
                  </did>
                  <dao xlink:href="http://purl.dlib.indiana.edu/iudl/lilly/VAC0092-00012"
                       altrender="simple"/>
               </c03>
               <c03 id="VAC0092-00013" level="file">
                  <did>
                     <unittitle>
                        <unitdate normal="1865-09-20">1865, Sept. 20.</unitdate> Receipt from
                        Quartermaster General's Office</unittitle>
                  </did>
                  <dao xlink:href="http://purl.dlib.indiana.edu/iudl/lilly/VAC0092-00013"
                       altrender="simple"/>
               </c03>
               <c03 id="VAC0092-00014" level="file">
                  <did>
                     <unittitle>
                        <unitdate normal="1865-11-10">1865, Nov. 10.</unitdate> Clothing receipt
                        roll</unittitle>
                  </did>
                  <dao xlink:href="http://purl.dlib.indiana.edu/iudl/lilly/VAC0092-00014"
                       altrender="simple"/>
               </c03>
               <c03 id="VAC0092-00015" level="file">
                  <did>
                     <unittitle>
                        <unitdate normal="1865-10-11">1865, Nov. 10.</unitdate> Invoice of clothing,
                        camp and garrison equipage</unittitle>
                  </did>
                  <dao xlink:href="http://purl.dlib.indiana.edu/iudl/lilly/VAC0092-00015"
                       altrender="simple"/>
               </c03>
               <c03 id="VAC0092-00016" level="file">
                  <did>
                     <unittitle>
                        <unitdate normal="1865-11-13">1865, Nov. 13.</unitdate> Envelope from
                        Adjutant General's Office, postmarked</unittitle>
                  </did>
                  <dao xlink:href="http://purl.dlib.indiana.edu/iudl/lilly/VAC0092-00016"
                       altrender="simple"/>
               </c03>
               <c03 id="VAC0092-00017" level="file">
                  <did>
                     <unittitle>
                        <unitdate normal="1865-11-14">1865, Nov. 14.</unitdate> Envelope from
                        Quartermaster General's Office, postmarked</unittitle>
                  </did>
                  <dao xlink:href="http://purl.dlib.indiana.edu/iudl/lilly/VAC0092-00017"
                       altrender="simple"/>
               </c03>
               <c03 id="VAC0092-00018" level="file">
                  <did>
                     <unittitle>
                        <unitdate normal="1865-11-16">1865, Nov. 16.</unitdate> Receipt of camp and
                        garrison equipage</unittitle>
                  </did>
                  <dao xlink:href="http://purl.dlib.indiana.edu/iudl/lilly/VAC0092-00018"
                       altrender="simple"/>
               </c03>
               <c03 id="VAC0092-00019" level="file">
                  <did>
                     <unittitle>
                        <unitdate normal="1865-11">1865. Nov.</unitdate> Inventory and inspection
                        report</unittitle>
                  </did>
                  <dao xlink:href="http://purl.dlib.indiana.edu/iudl/lilly/VAC0092-00019"
                       altrender="simple"/>
               </c03>
            </c02>
            <c02 id="VAC0092-00020" level="file">
               <did>
                  <container label="Folder" type="folder">3</container>
                  <unittitle>
                     <unitdate normal="1865-12">1865, Dec.</unitdate> -4th quarter</unittitle>
                  <physdesc>(9 items)</physdesc>
               </did>
               <c03 id="VAC0092-00021" level="file">
                  <did>
                     <unittitle>
                        <unitdate normal="1865-12-08">1865, Dec. 8.</unitdate> Clothing receipt
                        rolls</unittitle>
                  </did>
                  <dao xlink:href="http://purl.dlib.indiana.edu/iudl/lilly/VAC0092-00021"
                       altrender="simple"/>
               </c03>
               <c03 id="VAC0092-00022" level="file">
                  <did>
                     <unittitle>
                        <unitdate normal="1865-12-26">1865, Dec. 26.</unitdate> Envelope with
                        inscription</unittitle>
                  </did>
                  <dao xlink:href="http://purl.dlib.indiana.edu/iudl/lilly/VAC0092-00022"
                       altrender="simple"/>
               </c03>
               <c03 id="VAC0092-00023" level="file">
                  <did>
                     <unittitle>
                        <unitdate normal="1865-12-26">1865, Dec. 26.</unitdate> List of camp and
                        garrison equipage retained</unittitle>
                  </did>
                  <dao xlink:href="http://purl.dlib.indiana.edu/iudl/lilly/VAC0092-00023"
                       altrender="simple"/>
               </c03>
               <c03 id="VAC0092-00024" level="file">
                  <did>
                     <unittitle>
                        <unitdate normal="1865-12-26">1865, Dec. 26.</unitdate> List of clothing,
                        camp and garrison equipage lost</unittitle>
                  </did>
                  <dao xlink:href="http://purl.dlib.indiana.edu/iudl/lilly/VAC0092-00024"
                       altrender="simple"/>
               </c03>
               <c03 id="VAC0092-00025" level="file">
                  <did>
                     <unittitle>
                        <unitdate normal="1865-12-26">1865, Dec. 26.</unitdate> Monthly return of
                        clothing, camp and garrison equipage</unittitle>
                  </did>
                  <dao xlink:href="http://purl.dlib.indiana.edu/iudl/lilly/VAC0092-00025"
                       altrender="simple"/>
               </c03>
               <c03 id="VAC0092-00026" level="file">
                  <did>
                     <unittitle>
                        <unitdate normal="1865">1865</unitdate> Envelope with inscription, 2nd
                        quarter</unittitle>
                  </did>
                  <dao xlink:href="http://purl.dlib.indiana.edu/iudl/lilly/VAC0092-00026"
                       altrender="simple"/>
               </c03>
               <c03 id="VAC0092-00027" level="file">
                  <did>
                     <unittitle>
                        <unitdate normal="1865">1865</unitdate> Abstract of expenditures, 2nd, 3rd,
                        and 4th quarters</unittitle>
                     <physdesc>(3 items, 1 per quarter)</physdesc>
                  </did>
                  <dao xlink:href="http://purl.dlib.indiana.edu/iudl/lilly/VAC0092-00027"
                       altrender="simple"/>
               </c03>
            </c02>
            <c02 id="VAC0092-00028" level="file">
               <did>
                  <container label="Folder" type="folder">4</container>
                  <unittitle>
                     <unitdate normal="1866/1881" type="inclusive">1866-1881</unitdate>
                  </unittitle>
                  <physdesc>(2 items)</physdesc>
               </did>
               <c03 id="VAC0092-00029" level="file">
                  <did>
                     <unittitle>
                        <unitdate normal="1866-04-07">1866, Apr. 7.</unitdate> Receipt from ordnance
                        office</unittitle>
                  </did>
                  <dao xlink:href="http://purl.dlib.indiana.edu/iudl/lilly/VAC0092-00029"
                       altrender="simple"/>
               </c03>
               <c03 id="VAC0092-00030" level="file">
                  <did>
                     <unittitle>
                        <unitdate normal="1881-06-27">1881, June 27.</unitdate> Pension certificate
                        and voucher</unittitle>
                  </did>
                  <dao xlink:href="http://purl.dlib.indiana.edu/iudl/lilly/VAC0092-00030"
                       altrender="simple"/>
               </c03>
            </c02>
            <c02 id="VAC0092-00031" level="file">
               <did>
                  <container label="Folder" type="folder">5</container>
                  <unittitle>
                     <unitdate normal="1864/1881" type="inclusive">Undated</unitdate>
                  </unittitle>
                  <physdesc>(5 items)</physdesc>
               </did>
               <c03 id="VAC0092-00032" level="file">
                  <did>
                     <unittitle>Envelope from the U.S.A. Med. Department</unittitle>
                  </did>
                  <dao xlink:href="http://purl.dlib.indiana.edu/iudl/lilly/VAC0092-00032"
                       altrender="simple"/>
               </c03>
               <c03 id="VAC0092-00033" level="file">
                  <did>
                     <unittitle>Inventory of equipment issued.</unittitle>
                     <note>
                        <p>Names of soldiers included.</p>
                     </note>
                  </did>
                  <dao xlink:href="http://purl.dlib.indiana.edu/iudl/lilly/VAC0092-00033"
                       altrender="simple"/>
               </c03>
               <c03 id="VAC0092-00034" level="file">
                  <did>
                     <unittitle>Envelope</unittitle>
                     <note>
                        <p>Inscribed <emph render="doublequote">Deceased Soldiers</emph>
                        </p>
                     </note>
                  </did>
                  <dao xlink:href="http://purl.dlib.indiana.edu/iudl/lilly/VAC0092-00034"
                       altrender="simple"/>
               </c03>
               <c03 id="VAC0092-00035" level="file">
                  <did>
                     <unittitle>Envelope</unittitle>
                     <note>
                        <p>Inscribed <emph render="doublequote">Certificate to practice
                              law...,</emph>
                        </p>
                     </note>
                  </did>
                  <dao xlink:href="http://purl.dlib.indiana.edu/iudl/lilly/VAC0092-00035"
                       altrender="simple"/>
               </c03>
               <c03 id="VAC0092-00036" level="file">
                  <did>
                     <unittitle>Printed: Theater production announcement <emph render="doublequote">Jim, the Penman</emph>
                     </unittitle>
                  </did>
                  <dao xlink:href="http://purl.dlib.indiana.edu/iudl/lilly/VAC0092-00036"
                       altrender="simple"/>
               </c03>
            </c02>
         </c01>
      </dsc>
   </archdesc>
</ead>
