<?xml version="1.0" encoding="UTF-8"?><ead xmlns="urn:isbn:1-931666-22-9" xmlns:xlink="http://www.w3.org/1999/xlink" xmlns:xsi="http://www.w3.org/2001/XMLSchema-instance" xsi:schemaLocation="urn:isbn:1-931666-22-9 http://www.loc.gov/ead/ead.xsd">
   <eadheader countryencoding="iso3166-1" audience="internal" dateencoding="iso8601" scriptencoding="iso15924" findaidstatus="originaldraft" langencoding="iso639-2b" repositoryencoding="iso15511">
      <eadid identifier="InU-Li-VAD6169" encodinganalog="identifier" mainagencycode="InU-Li" countrycode="US">InU-Li-VAD6169</eadid>
      <filedesc>
         <titlestmt>
            <titleproper encodinganalog="title">Caine mss., <date calendar="gregorian" normal="1891/1931" era="ce">1891-1931</date>
            </titleproper>
            <subtitle>Papers of Various at the Lilly Library, Indiana University, Bloomington,
               Indiana</subtitle>
            <author encodinganalog="creator">Electronic finding aid encoded by Indiana University
               Libraries.</author>
         </titlestmt>
         <publicationstmt>
            <publisher encodinganalog="publisher">Indiana University Digital Library
               Program</publisher>
            <date calendar="gregorian" normal="2017" encodinganalog="date" era="ce" type="publication">© 2017</date>
         </publicationstmt>
         <notestmt>
            <note encodinganalog="rights">
               <p>
                  <date normal="2017">© 2017</date> Trustees of Indiana University. All rights
                  reserved.</p>
            </note>
         </notestmt>
      </filedesc>
      <profiledesc>
         <creation>XML finding aid automatically generated from spreadsheet output of database.
            Finding aid encoded by Indiana University Libraries, <date calendar="gregorian" normal="2017-03-10" era="ce">March 10, 2017</date>
         </creation>
         <langusage>Description is in <language langcode="eng" scriptcode="Latn" encodinganalog="language">English.</language>
         </langusage>
      </profiledesc>
      <revisiondesc>
         <change audience="internal">
            <date calendar="gregorian" normal="2017-03-10" era="ce">March 10, 2017</date>
            <item>Encoded finding aid created.</item>
         </change>
         <change audience="internal">
            <date calendar="gregorian" normal="2018-01-02" era="ce">January 2, 2018</date>
            <item>Edits and rearrangement of content into requisite Lilly EAD structure, including
               addition of abstract, bioghist, scopecontent, controlaccess, relatedmaterial, and c01
               levels of container list. Haley Suby.</item>
         </change>
         <change audience="internal">
            <date normal="2018-04-27">April 27, 2018</date>
            <item>Batch update to change subject links.</item>
         </change>
      </revisiondesc>
   </eadheader>
   <archdesc audience="external" level="collection" type="inventory" relatedencoding="marc">
      <did>
         <head>Summary Information</head>
         <repository encodinganalog="852" label="Repository" id="lilly">
            <corpname normal="Lilly Library (Indiana University, Bloomington)" source="lcnaf">Lilly
               Library (Indiana University, Bloomington)</corpname>
            <address>
               <addressline>Indiana University</addressline>
               <addressline>1200 E. Seventh St.</addressline>
               <addressline>Bloomington, IN 47405-5500</addressline>
               <addressline>Phone: 812-855-2452</addressline>
               <addressline>Fax: 812-855-3143</addressline>
               <addressline>Email: liblilly@indiana.edu</addressline>
            </address>
            <lb/>
            <extref xlink:href="http://www.indiana.edu/~liblilly">http://www.indiana.edu/~liblilly</extref>
         </repository>
         <origination label="Creator">Various</origination>
         <unittitle encodinganalog="245$a" label="Title">Caine mss.</unittitle>
         <unitdate calendar="gregorian" normal="1891/1931" encodinganalog="245$f" era="ce" type="inclusive">1891-1931</unitdate>
         <unitid encodinganalog="099" repositorycode="US-InU-Li" countrycode="US" label="Collection No.">LMC 1163</unitid>
         <physdesc encodinganalog="300$a$f" label="Extent">
            <extent>1 box (14 items)</extent>
         </physdesc>
         <langmaterial encodinganalog="546" label="Language">Materials are in <language langcode="eng">English.</language>
         </langmaterial>
         <abstract encodinganalog="520" label="Abstract">The Caine mss., 1891-1931, consist of
            papers of Sir Hall Caine, 1853-1931, novelist and playwright. Letters are addressed in
            1891 and 1892 from Caine to Miss A[delaide S.] Lauprecht of the Midland Institute,
            Birmingham, [England], who had written to him about translating <title render="italic">The Scapegoat</title> into German. Other letters are addressed to George Bowler in
            1918 concerning arrangements for his will; two replies from Bowler, chartered accountant
            of Liverpool, examine these arrangements. A letter from H. S. B. Goldsmith to Caine in
            1914 was readdressed to George Bowler and bears the dark blue wax seal of HC.</abstract>
      </did>
      <accessrestrict encodinganalog="506$a">
         <head>Access Restrictions</head>
         <p>This collection is open for research.</p>
      </accessrestrict>
      <bioghist encodinganalog="545">
         <head>Biographical Note</head>
         <p>Sir Hall Caine, 1853-1931, British novelist and playwriter.</p>
      </bioghist>
      <scopecontent encodinganalog="520">
         <head>Scope and Content Note</head>
         <p>The Caine mss., 1891-1931, consist of papers of Sir Hall Caine, 1853-1931, novelist and
            playwright. Letters are addressed in 1891 and 1892 from Caine to Miss A[delaide S.]
            Lauprecht of the Midland Institute, Birmingham, [England], who had written to him about
            translating <title render="italic">The Scapegoat</title> into German. Other letters are
            addressed to George Bowler in 1918 concerning arrangements for his will; two replies
            from Bowler, chartered accountant of Liverpool, examine these arrangements. A letter
            from H. S. B. Goldsmith to Caine in 1914 was readdressed to George Bowler and bears the
            dark blue wax seal of HC. </p>
         <p>A financial ledger of loose leaves in a dark brown binder with "Sir Hall Caine
            K.B.E." on the edge covers the years 1922, April 5, to 1931, August 31. Laid in the
            ledger is a separate leaf for the Isle of Man Bank, Ltd., 1931, September 2-October 16.
            Information in the ledger concerns deeds of conveyance which date from 1874. Literary
            Earnings and Royalties are summarized under the heading of Sundries in the ledger. Some
            ephemeral material is included. </p>
         <p>Collection size: 10 items</p>
         <p>Additions to the Caine mss., 1882-1926, consist primarily of letters from novelist and
            playwright, Hall Caine, 1853-1931, to various friends, writers, and business
            associates. Letters in 1882, 1888, and 1890 are addressed to William Cosmo Monkhouse,
            poet and critic, with whom Caine corresponded on matters of literature and art.
            Monkhouse wrote a review of Caine's <title render="italic">The Deemster</title> in
            1888. </p>
         <p>In 1905 Caine was associated with a publication of multiple authorship, <title render="doublequote">Queen's Carol</title>, the proceeds of which were to benefit the
            Queen's fund for the Unemployed. In a December form letter, here addressed to the Bishop
            of London, Caine asks for a statement that might be placed in the papers under the Lord
            Bishop's name. </p>
         <p>Other letters present are of both a business and personal nature concerning publishing
            activities and play productions. There is also one letter from Caine's sister Lily,
            addressed to William Morris Colles, that is on the verso of a letter from Caine himself
            to Colles. </p>
         <p>Corrected proof sheets of <title render="doublequote">Love of My Heart (Graih my
            Chree)</title>, translated and adapted from Manx Gaelic, complete the collection. </p>
         <p>Collection size: 14 items</p>
      </scopecontent>
      <controlaccess>
         <head>Indexing Terms</head>
         <controlaccess>
            <head>Names</head>
            <list>
               <item>
                  <extref xlink:href="https://iucat.iu.edu/?q=&#34;Caine+Hall+Sir+1853+1931&#34;&amp;search_field=subject_link">
                     <persname encodinganalog="600" role="subject" source="lcnaf">Caine, Hall, Sir,
                        1853-1931</persname>
                  </extref>
               </item>
            </list>
         </controlaccess>
      </controlaccess>
      <descgrp>
         <head>Administrative Information</head>
         <acqinfo encodinganalog="541">
            <head>Acquisition Information</head>
            <p>Purchase: <date normal="1989">1989</date>
            </p>
         </acqinfo>
         <userestrict encodinganalog="540">
            <head>Usage Restrictions</head>
            <p>Prior arrangements are not necessary before coming to the Library, however, patrons
               from out of town are encouraged to communicate with the Library in advance of their
               visits to ascertain availability of materials.</p>
            <p>Photocopying permitted only with permission of the curator.</p>
         </userestrict>
         <prefercite encodinganalog="524$a">
            <head>Preferred Citation</head>
            <p>[Item], Caine mss., Lilly Library, Indiana University, Bloomington, Indiana.</p>
         </prefercite>
      </descgrp>
      <dsc type="combined">
         <c01 level="collection" id="VAD6169-00001">
            <did>
               <unittitle>Caine mss.</unittitle>
               <physdesc>
                  <extent>1 box</extent>
                  <extent>(14 items)</extent>
               </physdesc>
            </did>
         </c01>
      </dsc>
   </archdesc>
</ead>