<?xml version="1.0" encoding="utf-8"?>
<!-- Indiana University EAD template draft: 2003-Jan-2, 
    revised 2004-09-15 JLR; 
    revised fall 2006 and spring/summer 2007 JLR w/ EAD Working Group
    added repository code to /ead/archdesc/did/repository/@id, 4/1/09 JLR
-->
<ead xmlns="urn:isbn:1-931666-22-9"
     xmlns:xlink="http://www.w3.org/1999/xlink"
     xmlns:xsi="http://www.w3.org/2001/XMLSchema-instance"
     xsi:schemaLocation="urn:isbn:1-931666-22-9 http://www.loc.gov/ead/ead.xsd">
   <eadheader repositoryencoding="iso15511"
              langencoding="iso639-2b"
              audience="external"
              countryencoding="iso3166-1"
              dateencoding="iso8601"
              scriptencoding="iso15924"
              relatedencoding="dublincore"
              findaidstatus="edited-full-draft">
      <eadid countrycode="US"
             encodinganalog="identifier"
             mainagencycode="InU-Li"
             identifier="InU-Li-VAD0997">InU-Li-VAD0997</eadid>
      <!-- The value of eadid should follow the pattern of archive or library code, and then a 
unique number for the collection, e.g. InU-Li-VAA1234. Put this full identifier both in the identifier attribute and in the value of the eadid element. -->
      <!-- Generate a unique number for the collection at http://www.dlib.indiana.edu/cgi-bin/testtrackedit/filename.pl -->
      <filedesc><!-- This is a description of the electronic finding aid, not the 
original finding aid or the collection --><!-- Make title "The John Doe Papers, 1919-1965" rather than "The 
Papers of John Doe, 1919-1965" to eliminate 
                potential confusion about the meaning of the dates -->
         <titlestmt>
            <titleproper encodinganalog="title">Wordsworth mss. II, <date normal="1848/1909" type="inclusive">1848-1909</date>
            </titleproper>
         </titlestmt>
         <publicationstmt>
            <publisher encodinganalog="publisher">Indiana University Digital Library
                    Program</publisher>
            <date encodinganalog="date" normal="2013" type="publication">© 2013</date>
         </publicationstmt>
         <notestmt><!-- Change date to date of first publication, change rights statement if other entity claims rights over the finding aid (not the collection)-->
            <note encodinganalog="rights">
               <p>
                  <date normal="2013">© 2013</date> Trustees of Indiana University. All rights
                        reserved.</p>
            </note>
         </notestmt>
      </filedesc>
      <profiledesc>
         <creation>XML finding aid derived from HTML version through cutting and pasting and
                through folder analysis. <date normal="2013" type="source">2013</date>
            <lb/>Finding aid encoded by Tiffany Saulter, Lilly Library, Indiana University,
                    <date normal="2013-10-22">October 22, 2013</date>
         </creation>
         <langusage>Description is in <language encodinganalog="language" langcode="eng">English.</language>
         </langusage>
      </profiledesc>
      <!-- revisiondesc is required -->
      <!-- record when the finding aid is completed in first change element, 
with subsequent changes
listed below the first -->
      <revisiondesc>
         <change audience="internal">
            <date normal="2013-10-22">October 22, 2013</date>
            <item>Encoded finding aid started.</item>
         </change>
         <change audience="internal">
            <date normal="2013-10-22">October 22, 2013</date>
            <item>Encoded finding aid completed.</item>
         </change>
         <change audience="internal">
            <date normal="2017-11-29">November 29, 2017</date>
            <item>Batch update to change subject links.</item>
         </change>
      </revisiondesc>
   </eadheader>
   <archdesc audience="external"
             level="collection"
             type="inventory"
             relatedencoding="marc21"><!-- The TYPE attribute can be used to categorize the finding aid as an inventory, register, or other format. -->
      <did>
         <head>Summary Information</head>
         <repository id="lilly" encodinganalog="852" label="Repository">
            <corpname source="lcnaf" normal="Lilly Library (Indiana University, Bloomington)">Lilly Library (Indiana University, Bloomington)</corpname>
            <address>
               <addressline>Lilly Library</addressline>
               <addressline>Indiana University</addressline>
               <addressline>1200 E. Seventh St.</addressline>
               <addressline>Bloomington, IN 47405-5500</addressline>
               <addressline>Phone: 812-855-2452</addressline>
               <addressline>Fax: 812-855-3143</addressline>
               <addressline>Email: liblilly@indiana.edu</addressline>
            </address>
         </repository>
         <origination label="Creator"><!-- Or <corpname encodinganalog="110">, <meeting encodinganalog="111">, with source="lcnaf" if appropriate -->
            <persname encodinganalog="100" source="lcnaf">Wordsworth, William,
                    1770-1850</persname>
         </origination>
         <!-- per RLG guidelines recommendation, do not nest unitdate element within
unittitle element -->
         <unittitle encodinganalog="245$a" label="Title">Wordsworth mss. II</unittitle>
         <unitdate encodinganalog="245$f" normal="1848/1909" type="inclusive">1848-1909</unitdate>
         <!-- do not include separating punctuation between the unit title and the unit
date.  The stylesheets will supply a comma where appropriate. -->
         <!-- unitdate may be repeated if both bulk and inclusive dates are recorded -->
         <!-- record the type of date - bulk or inclusive - in the type attribute. if date is bulk, change encodinganalog to 245$g -->
         <!-- recommended -->
         <unitid encodinganalog="099" label="Collection No.">LMC 2095</unitid>
         <physdesc encodinganalog="300" label="Extent">
            <extent>32 items</extent>
         </physdesc>
         <!-- if both linear feet and number of items included, repeat extent-->
         <!-- if collection includes signinficant non-english material add code to
langmaterial element -->
         <langmaterial encodinganalog="546" label="Language">Materials are in <language langcode="eng">English.</language>
         </langmaterial>
         <abstract encodinganalog="520" label="Abstract">The Wordsworth mss. II, 1848-1909,
                consist of letters and papers of the family of William Wordsworth, 1770-1850, and
                their friends. They are concerned chiefly with family matters, financial accounts,
                and the welfare of Dora Wordsworth, 1858-1934, his granddaughter, after the death of
                her mother.</abstract>
      </did>
      <!-- required even if unrestricted -->
      <accessrestrict encodinganalog="506">
         <head>Access Restrictions</head>
         <p>This collection is open for research.</p>
      </accessrestrict>
      <!-- required; can be short -->
      <bioghist encodinganalog="545">
         <head>Biographical Note</head>
         <p>Poet and author William Wordsworth was born on April 7, 1770 in Cockermouth,
                Cumberland, England. He began attending St. John's College, Cambridge the same
                year he published his first poem, in 1787, and he earned his B.A. in 1791. Along
                with Samuel Taylor Coleridge, Wordsworth is credited with originating the Romantic
                Age of English Literature with the joint publication Lyrical Ballads (1798). He was
                England's Poet Laureate from 1843 until his death in 1850. Wordsworth's
                most famous work, The Prelude, was published posthumously in 1850. </p>
      </bioghist>
      <!--optional -->
      <arrangement encodinganalog="351">
         <head>Arrangement</head>
         <p>Items are arranged chronologically. </p>
      </arrangement>
      <!-- required for collection level; optional for lower levels -->
      <scopecontent encodinganalog="520">
         <head>Scope and Content Note</head>
         <p>Included in the collection are an Account book of Dora Wordsworth for 1876-1885, ink
                sketches of cats on the verso of a letter dated August 6, 1872, an invitation to
                William Wordsworth from the Queen to attend a ball at Buckingham Palace, a rosewood
                lap desk that was owned by Mary (Hutchinson) Wordsworth, the wife of the poet, a
                lock of hair of William Wordsworth and a poem fragment with his signature on verso,
                a photograph of Dora Wordsworth, poems by F. A[rnold?], B. Buonomini (in honor of
                Dora), and Bennet Christian Huntington Calcraft Kennedy, a piece of yew tree planted
                by William Wordsworth in 1819, and a folder of printed materials.</p>
         <p>Correspondents include: Edmund Phillips; Edward Quillinan; Dora Wordsworth; John
                Wordsworth (1803-1875); John Wordsworth (1837-1927); Mary Harriet (Gamble)
                Wordsworth; Mary (Hutchinson) Wordsworth.</p>
         <p>The contents of the collection were formerly housed by Dora Kennedy in the rosewood
                lap desk bequeathed to her in 1932.</p>
      </scopecontent>
      <!-- recommended; this information would be included for marc amc record -->
      <!-- should include all personal and corporate names, and subject headings -->
      <controlaccess>
         <head>Indexing Terms</head>
         <controlaccess>
            <head>Names</head>
            <list>
               <item>
                  <extref xlink:href="https://iucat.iu.edu/?q=&#34;wordsworth+william+1770-1850+correspondence&#34;&amp;search_field=subject_link">
                     <persname encodinganalog="600" source="lcnaf">Wordsworth, William,
                                1770-1850 --Correspondence.</persname>
                  </extref>
               </item>
               <item>
                  <extref xlink:href="https://iucat.iu.edu/?q=&#34;wordsworth+dora+1804-1847+correspondence&#34;&amp;search_field=subject_link">
                     <persname encodinganalog="600" source="lcnaf">Wordsworth, Dora,
                                1804-1847--Correspondence. </persname>
                  </extref>
               </item>
               <item>
                  <extref xlink:href="https://iucat.iu.edu/?q=&#34;wordsworth+john+1803-1875+correspondence&#34;&amp;search_field=subject_link">
                     <persname encodinganalog="600" source="lcnaf">Wordsworth, John,
                                1803-1875--Correspondence.</persname>
                  </extref>
               </item>
               <item>
                  <extref xlink:href="https://iucat.iu.edu/?q=&#34;wordsworth+john+1843-1911+correspondence&#34;&amp;search_field=subject_link">
                     <persname encodinganalog="600" source="lcnaf">Wordsworth, John,
                                1843-1911--Correspondence. </persname>
                  </extref>
               </item>
               <item>
                  <extref xlink:href="https://iucat.iu.edu/?q=&#34;wordsworth+mary+1770-1859+correspondence&#34;&amp;search_field=subject_link">
                     <persname encodinganalog="600" source="lcnaf">Wordsworth, Mary,
                                1770-1859--Correspondence. </persname>
                  </extref>
               </item>
            </list>
         </controlaccess>
         <controlaccess>
            <head>Topics</head>
            <list>
               <item>
                  <extref xlink:href="https://iucat.iu.edu/?q=&#34;poets+english+19th+century+biography&#34;&amp;search_field=subject_link">
                     <subject encodinganalog="650" source="lcsh">Poets, English--19th
                                century--Biography. </subject>
                  </extref>
               </item>
               <item>
                  <extref xlink:href="https://iucat.iu.edu/?q=&#34;poets+english+19th+century+correspondence&#34;&amp;search_field=subject_link">
                     <subject encodinganalog="650" source="lcsh">Poets, English--19th
                                century--Correspondence. </subject>
                  </extref>
               </item>
               <item>
                  <extref xlink:href="https://iucat.iu.edu/?q=&#34;poets+english+20th+century+biography&#34;&amp;search_field=subject_link">
                     <subject encodinganalog="650" source="lcsh">Poets, English--20th
                                century--Biography.</subject>
                  </extref>
               </item>
               <item>
                  <extref xlink:href="https://iucat.iu.edu/?q=&#34;poets+english+20th+century+correspondence&#34;&amp;search_field=subject_link">
                     <subject encodinganalog="650" source="lcsh">Poets, English--20th
                                century--Correspondence. </subject>
                  </extref>
               </item>
            </list>
         </controlaccess>
         <!-- <persname encodinganalog="600" source="lcnaf">[remove source attribute if name does not come from an authority file] </persname> -->
         <!-- <corpname encodinganalog="610" source="lcnaf">[remove source attribute if name does not come from an authority file]</corpname> -->
         <!--  <famname encodinganalog="600" source="lcnaf">[remove source attribute if name does not come from an authority file]</famname> -->
         <!--  <subject encodinganalog="650" source="lcsh"> </subject> -->
         <!--  <occupation encodinganalog="656" source="lcsh"> </occupation> -->
         <!--  <geogname encodinganalog="651" source="aacr2"> </geogname> -->
         <!-- <genreform encodinganalog="655" source="lcsh"> </genreform> -->
         <!-- <function encodinganalog="657" source="lcsh"/> -->
         <!-- <title encodinganalog="630"> </title> -->
      </controlaccess>
      <!-- optional, if applicable -->
      <relatedmaterial encodinganalog="544 1">
         <head>Related Material</head>
         <p>
            <extref xlink:href="http://www.indiana.edu/~liblilly/lilly/mss/index.php?p=wordswo">Wordsworth mss. I</extref> and<extref xlink:href="http://www.indiana.edu/~liblilly/lilly/mss/index.php?p=wordswo3">Wordsworth mss. III</extref> also located at the Lilly Library, Indiana
                University, Bloomington, Indiana.</p>
      </relatedmaterial>
      <descgrp>
         <head>Administrative Information</head>
         <!-- required -->
         <acqinfo encodinganalog="541">
            <head>Acquisition Information</head>
            <p>Acquired: 1961</p>
         </acqinfo>
         <!-- required even if unrestricted -->
         <userestrict encodinganalog="540">
            <head>Usage Restrictions</head>
            <p>Prior arrangements are not necessary before coming to the Library, however,
                    patrons from out of town are encouraged to communicate with the Library in
                    advance of their visits to ascertain availability of materials.</p>
            <p>Photocopying permitted only with permission of the Curator of Manuscripts, Lilly
                    Library.</p>
         </userestrict>
         <!-- required -->
         <prefercite encodinganalog="524">
            <head>Preferred Citation</head>
            <p>[Item], Wordsworth mss. II, Lilly Library, Indiana University, Bloomington,
                    Indiana.</p>
         </prefercite>
         <!--required by Archives, optional for Lilly -->
         <processinfo encodinganalog="583">
            <head>Processing Information</head>
            <p>Processed by Staff.</p>
            <p>Completed in <date normal="2013">2013</date>
            </p>
         </processinfo>
      </descgrp>
      <dsc type="combined"><!-- unittitle is the only required element within component --><!-- possible values for @level include: class, collection, file, fonds, item,
                otherlevel, recordgrp, series, subfonds, subgrp, subseries -->
         <c01 id="VAD0997-00001" level="file">
            <did>
               <container label="Box" type="Box">1</container>
               <unittitle>
                  <emph render="bold">Folder 1:</emph>
                  <unitdate normal="1848/1872" type="inclusive">
                     <emph render="bold">1848-1872</emph>
                  </unitdate>
               </unittitle>
            </did>
            <c02 id="VAD0997-00002" level="item">
               <did>
                  <unittitle>"Isabella C[urwen] Wordsworth. Died in Italy."
                                <unitdate normal="1848-09-13">Sept. 13, 1848</unitdate>
                  </unittitle>
               </did>
            </c02>
            <c02 id="VAD0997-00003" level="item">
               <did>
                  <unittitle>Quillinan, Edward to Charlotte Elliott. <unitdate normal="1849-07-28">Jul. 28, 1849</unitdate>
                  </unittitle>
               </did>
            </c02>
            <c02 id="VAD0997-00004" level="item">
               <did>
                  <unittitle>[?] to Mrs. [Luke?] Dolan. <unitdate normal="1854-10-25">Oct. 25,
                                1854</unitdate>
                  </unittitle>
               </did>
            </c02>
            <c02 id="VAD0997-00005" level="item">
               <did>
                  <unittitle>Wordsworth, Mary (Hutchinson) to Wordsworth, Marion (Dolan).
                                <unitdate normal="1858-11-03">Nov. 3, 1858</unitdate>
                  </unittitle>
               </did>
            </c02>
            <c02 id="VAD0997-00006" level="item">
               <did>
                  <unittitle>Wordsworth, Mary (Hutchinson) to Kennedy, Jane Stanley
                            (Wordsworth). <unitdate normal="1858">1858</unitdate>
                  </unittitle>
               </did>
            </c02>
            <c02 id="VAD0997-00007" level="item">
               <did>
                  <unittitle>Envelope addressed to Mrs. Wordsworth, Rydal Mount, nr Ambleside.
                                <unitdate normal="1859-04-08">Apr. 8, 1859</unitdate>
                  </unittitle>
               </did>
            </c02>
            <c02 id="VAD0997-00008" level="item">
               <did>
                  <unittitle>[Wordsworth, John] to unidentified correspondent. <unitdate normal="1867-03-30">Mar. 30, 1867</unitdate>
                  </unittitle>
               </did>
            </c02>
            <c02 id="VAD0997-00009" level="item">
               <did>
                  <unittitle>Wordsworth, John to Phillips, Mrs. [Charlotte?]. <unitdate normal="1867-04-02">Apr. 2, 1867</unitdate>
                  </unittitle>
               </did>
            </c02>
            <c02 id="VAD0997-00010" level="item">
               <did>
                  <unittitle>[Fletcher, G.?] to Saidler, Mrs. <unitdate normal="1867-04-07">Apr. 7, 1867</unitdate>
                  </unittitle>
               </did>
            </c02>
            <c02 id="VAD0997-00011" level="item">
               <did>
                  <unittitle>Wordsworth, John to Dolan, Mrs. [Luke?]. <unitdate normal="1867-05-08">May 8, 1867</unitdate>
                  </unittitle>
               </did>
            </c02>
            <c02 id="VAD0997-00012" level="item">
               <did>
                  <unittitle>Poem by B. Buonomini. <unitdate normal="1868-03-30">Mar. 30,
                                1868</unitdate>
                  </unittitle>
               </did>
            </c02>
            <c02 id="VAD0997-00013" level="item">
               <did>
                  <unittitle>"Miss Dora Wordsworth, in reverent recollection of another
                                <emph render="underline">Dora</emph> and another <emph render="underline">Wordsworth.</emph>" Florence. <unitdate normal="1871">1871</unitdate>
                  </unittitle>
               </did>
            </c02>
            <c02 id="VAD0997-00014" level="item">
               <did>
                  <unittitle>Legg, R., manager, Hampshire Banking Company to Kennedy, Rev. B.
                            S. Receipt, with pen and ink sketch of three carnival figures, and
                            sketch of 14 cats with French captions. 
                            <unitdate normal="1872-08-06">Aug. 6, 1872</unitdate>
                  </unittitle>
               </did>
            </c02>
         </c01>
         <c01 id="VAD0997-00015" level="file">
            <did>
               <unittitle>
                  <emph render="bold">Folder 2:</emph>
                  <unitdate normal="1873/1909" type="inclusive">
                     <emph render="bold">1873-1909</emph>
                  </unitdate>
               </unittitle>
            </did>
            <c02 id="VAD0997-00016" level="item">
               <did>
                  <unittitle>Account book of Dora Wordsworth. 
                            <unitdate normal="1876-02-23/1889-07-06" type="inclusive">Feb. 23, 1876-Jul. 6, 1889</unitdate>
                  </unittitle>
               </did>
            </c02>
            <c02 id="VAD0997-00017" level="item">
               <did>
                  <unittitle>hillips, Edmund to "My dear little Pet" [Dora].
                            <unitdate normal="1876-12-11">Dec. 11, 1876</unitdate>
                  </unittitle>
               </did>
            </c02>
            <c02 id="VAD0997-00018" level="item">
               <did>
                  <unittitle>Wordsworth, M[ary Harriett] to Wordsworth, Dora. 
                            <unitdate normal="1877-01-01">Jan. 1, 1877</unitdate>
                  </unittitle>
               </did>
            </c02>
            <c02 id="VAD0997-00019" level="item">
               <did>
                  <unittitle>Houlgate, William to Wordsworth, Rev. John. 
                            <unitdate normal="1877-03-24">Mar. 24, 1877</unitdate>
                  </unittitle>
               </did>
            </c02>
            <c02 id="VAD0997-00020" level="item">
               <did>
                  <unittitle>Wordsworth, John to Wordsworth, Dora. 
                            <unitdate normal="1881-05-20">May 20, 1881[?]</unitdate>
                  </unittitle>
               </did>
            </c02>
            <c02 id="VAD0997-00021" level="item">
               <did>
                  <unittitle>Wordsworth, John to Wordsworth, Dora. 
                            <unitdate normal="1881-05-24">May 24, 1881[?]</unitdate>
                  </unittitle>
               </did>
            </c02>
            <c02 id="VAD0997-00022" level="item">
               <did>
                  <unittitle>Harris, Edith M. to Wordsworth, Dora. 
                            <unitdate normal="1894-11-05">Nov. 5, 1894</unitdate>
                  </unittitle>
               </did>
            </c02>
            <c02 id="VAD0997-00023" level="item">
               <did>
                  <unittitle>Poem by B. C. H. Kennedy. 
                            <unitdate normal="1909-03-18">Mar. 18, 1909</unitdate>
                  </unittitle>
               </did>
            </c02>
         </c01>
         <c01 id="VAD0997-00024" level="file">
            <did>
               <unittitle>
                  <emph render="bold">Folder 3:</emph>
                  <unitdate normal="1848/1909" type="inclusive">
                     <emph render="bold">undated</emph>
                  </unitdate>
               </unittitle>
            </did>
            <c02 id="VAD0997-00025" level="item">
               <did>
                  <unittitle>Arnold, F. to Wordsworth, Mrs. 
                            <unitdate normal="1848/1909" type="inclusive">undated</unitdate>
                  </unittitle>
               </did>
            </c02>
            <c02 id="VAD0997-00026" level="item">
               <did>
                  <unittitle>A[rnold?] F. <title render="doublequote">Wordsworth.</title> Poem.
                            <unitdate normal="1848/1909" type="inclusive">undated</unitdate>
                  </unittitle>
               </did>
            </c02>
            <c02 id="VAD0997-00027" level="item">
               <did>
                  <unittitle>Fragment of letter: "of Dora W. Miss Coleridge says..."
                            <unitdate normal="1848/1909" type="inclusive">undated</unitdate>
                  </unittitle>
               </did>
            </c02>
            <c02 id="VAD0997-00028" level="item">
               <did>
                  <unittitle>Kennedy, [?] to "My very dear Dora..."
                            <unitdate normal="1848/1909" type="inclusive">undated</unitdate>
                  </unittitle>
               </did>
            </c02>
            <c02 id="VAD0997-00029" level="item">
               <did>
                  <unittitle>Kennedy, E. D. to Turner, Mrs. Includes lock of Wordsworth's hair. 
                            <unitdate normal="1848/1909" type="inclusive">undated</unitdate>
                  </unittitle>
               </did>
            </c02>
            <c02 id="VAD0997-00030" level="item">
               <did>
                  <unittitle>[Phillips, Charlotte?]. Incomplete letter to Dora. 
                            <unitdate normal="1848/1909" type="inclusive">undated</unitdate>
                  </unittitle>
               </did>
            </c02>
            <c02 id="VAD0997-00031" level="item">
               <did>
                  <unittitle>Wordsworth, Dora to "My dear Grdma" [Mrs. Luke Dolan].
                            <unitdate normal="1848/1909" type="inclusive">undated</unitdate>
                  </unittitle>
               </did>
            </c02>
            <c02 id="VAD0997-00032" level="item">
               <did>
                  <unittitle>Wordsworth, Dora to "Dear Papa" [John Wordsworth]. 
                        <unitdate normal="1848/1909" type="inclusive">undated</unitdate>
                  </unittitle>
               </did>
            </c02>
            <c02 id="VAD0997-00033" level="item">
               <did>
                  <unittitle>Wordsworth, John to Wordsworth, Dora. <unitdate normal="1848-09-19/1909-09-19" type="inclusive">Sept. 19,</unitdate>
                     <unitdate normal="1848/1909" type="inclusive">[undated]</unitdate>
                  </unittitle>
               </did>
            </c02>
            <c02 id="VAD0997-00034" level="item">
               <did>
                  <unittitle>Wordsworth, M H to Stanger, Mrs.
                        <unitdate normal="1848/1909" type="inclusive">undated</unitdate>
                  </unittitle>
               </did>
            </c02>
            <c02 id="VAD0997-00035" level="item">
               <did>
                  <unittitle>Wordsworth, Marion to "My dear little girl..." 
                      <unitdate normal="1848-03-19/1909-03-19" type="inclusive">Mar.19,</unitdate>
                     <unitdate normal="1848/1909" type="inclusive">[undated]</unitdate>
                  </unittitle>
               </did>
            </c02>
            <c02 id="VAD0997-00036" level="item">
               <did>
                  <unittitle>Invitation for William Wordsworth: "The Lord Chamberlain is commanded by The Queen..."
                        <unitdate normal="1848/1909" type="inclusive">undated</unitdate>
                  </unittitle>
               </did>
            </c02>
            <c02 id="VAD0997-00037" level="item">
               <did>
                  <unittitle>[Unidentified]. "With a Father's love and best wishes."
                        <unitdate normal="1848/1909" type="inclusive">undated</unitdate>
                  </unittitle>
               </did>
            </c02>
            <c02 id="VAD0997-00038" level="item">
               <did>
                  <unittitle>Unidentified]. Two letters in blue pencil. 
                        <unitdate normal="1848/1909" type="inclusive">undated</unitdate>
                  </unittitle>
               </did>
            </c02>
         </c01>
         <c01 id="VAD0997-00039" level="file">
            <did>
               <unittitle>
                  <emph render="bold">Folder 4: Photographs</emph>
               </unittitle>
            </did>
            <c02 id="VAD0997-00040" level="item">
               <did>
                  <unittitle>Dora Wordsworth, granddaughter of William Wordsworth</unittitle>
               </did>
            </c02>
            <c02 id="VAD0997-00041" level="item">
               <did>
                  <unittitle>Group of men attending dedication</unittitle>
               </did>
            </c02>
            <c02 id="VAD0997-00042" level="item">
               <did>
                  <unittitle>Monument in cemetery of Mary (Calvert) Stanger, 
                        <unitdate normal="1804/1890" type="inclusive">1804-1890</unitdate>
                  </unittitle>
               </did>
            </c02>
         </c01>
         <c01 id="VAD0997-00043" level="file">
            <did>
               <unittitle>
                  <emph render="bold">Folder 5: Printed</emph>
               </unittitle>
            </did>
            <c02 id="VAD0997-00044" level="item">
               <did>
                  <unittitle>Clipping on death of Rear Admiral Inglefield</unittitle>
               </did>
            </c02>
            <c02 id="VAD0997-00045" level="item">
               <did>
                  <unittitle>Clipping on influence of Wordsworth on John Stuart Mill</unittitle>
               </did>
            </c02>
            <c02 id="VAD0997-00046" level="item">
               <did>
                  <unittitle>Clipping on unveiling ceremony of monument to John Ruskin, reprinted, 
                        <unitdate normal="1890-02-08">Feb. 8, 1890</unitdate>
                  </unittitle>
               </did>
            </c02>
            <c02 id="VAD0997-00047" level="item">
               <did>
                  <unittitle>Three clippings mounted on one page about marriage of Rev. John Wordsworth and Mary Harriet Gamble; the death of John Wordsworth,
                        <unitdate normal="1875-07">July, 1875;</unitdate> and the death of Mary Wordsworth, <unitdate normal="1902-09">Sept. 1902</unitdate>
                  </unittitle>
               </did>
            </c02>
            <c02 id="VAD0997-00048" level="item">
               <did>
                  <unittitle>Clipping: <title render="doublequote">England's Debt to Wordsworth,</title>
                     <emph render="italic">The Spectator,</emph>
                     <unitdate normal="1899-08-05">Aug. 5, 1899,</unitdate> 
                        with note in pencil by D. Wordsworth</unittitle>
               </did>
            </c02>
         </c01>
         <c01 id="VAD0997-00049" level="file">
            <did>
               <container label="Box" type="Box">2</container>
               <unittitle>Piece of cherry tree</unittitle>
            </did>
         </c01>
         <c01 id="VAD0997-00050" level="file">
            <did>
               <container label="Box" type="Box">3</container>
               <unittitle>Piece of yew tree, planted by William Wordsworth in<unitdate normal="1819">1819</unitdate>
               </unittitle>
            </did>
         </c01>
      </dsc>
   </archdesc>
</ead>
