<?xml version="1.0" encoding="utf-8"?>
<!-- Indiana University EAD template draft: 2003-Jan-2, 
    revised 2004-09-15 JLR; 
    revised fall 2006 and spring/summer 2007 JLR w/ EAD Working Group
    added repository code to /ead/archdesc/did/repository/@id, 4/1/09 JLR
-->
<ead xmlns="urn:isbn:1-931666-22-9"
     xmlns:xlink="http://www.w3.org/1999/xlink"
     xmlns:xsi="http://www.w3.org/2001/XMLSchema-instance"
     xsi:schemaLocation="urn:isbn:1-931666-22-9 http://www.loc.gov/ead/ead.xsd">
   <eadheader repositoryencoding="iso15511"
              langencoding="iso639-2b"
              audience="external"
              countryencoding="iso3166-1"
              dateencoding="iso8601"
              scriptencoding="iso15924"
              relatedencoding="dublincore"
              findaidstatus="edited-full-draft">
      <eadid countrycode="US"
             encodinganalog="identifier"
             mainagencycode="InU-Li"
             identifier="InU-Li-VAD3415">InU-Li-VAD3415</eadid>
      <!-- The value of eadid should follow the pattern of archive or library code, and then a 
unique number for the collection, e.g. InU-Li-VAA1234. Put this full identifier both in the identifier attribute and in the value of the eadid element. -->
      <!-- Generate a unique number for the collection at http://www.dlib.indiana.edu/cgi-bin/testtrackedit/filename.pl -->
      <filedesc><!-- This is a description of the electronic finding aid, not the 
original finding aid or the collection --><!-- Make title "The John Doe Papers, 1919-1965" rather than "The 
Papers of John Doe, 1919-1965" to eliminate 
                potential confusion about the meaning of the dates -->
         <titlestmt>
            <titleproper encodinganalog="title">Hills mss., <date normal="1954/1996" type="inclusive">1954-1996</date>
            </titleproper>
         </titlestmt>
         <publicationstmt>
            <publisher encodinganalog="publisher">Indiana University Libraries</publisher>
            <date encodinganalog="date" normal="2014" type="publication">© 2014</date>
         </publicationstmt>
         <notestmt><!-- Change date to date of first publication, change rights statement if other entity claims rights over the finding aid (not the collection)-->
            <note encodinganalog="rights">
               <p>
                  <date normal="2014">© 2014</date> Trustees of Indiana University. All rights
                        reserved.</p>
            </note>
         </notestmt>
      </filedesc>
      <profiledesc>
         <creation>XML finding aid derived from HTML version through cutting and pasting and
                through folder analysis. <date normal="2014" type="source">2014</date>
            <lb/>Finding aid encoded by Abi Parker, Lilly Library, Indiana University, <date normal="2014-11-17">2014</date>
         </creation>
         <langusage>Description is in <language encodinganalog="language" langcode="eng">English.</language>
         </langusage>
      </profiledesc>
      <!-- revisiondesc is required -->
      <!-- record when the finding aid is completed in first change element, 
with subsequent changes
listed below the first -->
      <revisiondesc>
         <change audience="internal">
            <date normal="2014-11-17">November 17, 2014</date>
            <item>Encoded finding aid started.</item>
         </change>
         <change audience="internal">
            <date normal="2017-11-29">November 29, 2017</date>
            <item>Batch update to change subject links.</item>
         </change>
      </revisiondesc>
   </eadheader>
   <archdesc audience="external"
             level="collection"
             type="inventory"
             relatedencoding="marc21"><!-- The TYPE attribute can be used to categorize the finding aid as an inventory, register, or other format. -->
      <did>
         <head>Summary Information</head>
         <repository id="lilly" encodinganalog="852" label="Repository">
            <corpname source="lcnaf" normal="Lilly Library (Indiana University, Bloomington)">Lilly Library (Indiana University, Bloomington)</corpname>
            <address>
               <addressline>Lilly Library</addressline>
               <addressline>Indiana University</addressline>
               <addressline>1200 E. Seventh St.</addressline>
               <addressline>Bloomington, IN 47405-5500</addressline>
               <addressline>Phone: 812-855-2452</addressline>
               <addressline>Fax: 812-855-3143</addressline>
               <addressline>Email: liblilly@indiana.edu</addressline>
            </address>
         </repository>
         <origination label="Creator"><!-- Or <corpname encodinganalog="110">, <meeting encodinganalog="111">, with source="lcnaf" if appropriate -->
            <persname encodinganalog="100" source="lcnaf">Hills, L. Rust. </persname>
         </origination>
         <!-- per RLG guidelines recommendation, do not nest unitdate element within
unittitle element -->
         <unittitle encodinganalog="245$a" label="Title">Hills mss., </unittitle>
         <unitdate encodinganalog="245$f" normal="1954/1996" type="inclusive">1954-1996</unitdate>
         <!-- do not include separating punctuation between the unit title and the unit
date.  The stylesheets will supply a comma where appropriate. -->
         <!-- unitdate may be repeated if both bulk and inclusive dates are recorded -->
         <!-- record the type of date - bulk or inclusive - in the type attribute. if date is bulk, change encodinganalog to 245$g -->
         <!-- recommended -->
         <unitid encodinganalog="099" label="Collection No.">LMC 2305</unitid>
         <physdesc encodinganalog="300" label="Extent">
            <extent>ca. 3000 items</extent>
         </physdesc>
         <!-- if both linear feet and number of items included, repeat extent-->
         <!-- if collection includes signinficant non-english material add code to
langmaterial element -->
         <langmaterial encodinganalog="546" label="Language">Materials are in <language langcode="eng">English.</language>
         </langmaterial>
         <abstract encodinganalog="520" label="Abstract">The Hills mss., 1954-1996, consist of
                the papers of editor and author L. Rust Hills, 1924- .</abstract>
      </did>
      <!-- required even if unrestricted -->
      <accessrestrict encodinganalog="506">
         <head>Access Restrictions</head>
         <p>This collection is open for research.</p>
      </accessrestrict>
      <!-- required; can be short -->
      <bioghist encodinganalog="545">
         <head>Biographical Note</head>
         <p>Hills was fiction editor for Esquire magazine from 1956-1963. While there he arranged
                a series of symposiums on "The Role of the Writer in America." He continued as a
                fiction editor with Saturday Evening Post (1963-1965) and then Audience magazine
                (1969-1972). He returned to Esquire as the book review columnist in 1973 and in 1977
                became fiction editor there once again. He has also taught writing or literature at
                Carlton College, Columbia University, New School for Social Research, New York
                University, and University of Maryland Overseas Program. He has written several
                books and edited anthologies of writings from Esquire and Saturday Evening Post.</p>
      </bioghist>
      <!--optional -->
      <arrangement encodinganalog="351">
         <head>Arrangement</head>
         <p>The collection is organized into the following series: I. Correspondence; II.
                Authors; III. Books; IV. Magazines; V. Symposia, etc.; VI. Miscellaneous; VII. Audio
                Tapes. </p>
      </arrangement>
      <!-- required for collection level; optional for lower levels -->
      <scopecontent encodinganalog="520">
         <head>Scope and Content Note</head>
         <p>The correspondence, mostly concerning articles and short stories submitted to Hills
                for inclusion in the various magazines, is arranged in chronological order.
                Correspondents include: John Barth, Saul Bellow, Thomas Louis Berger, Vance Nye
                Bourjaily, Kay Boyle, R.V. Cassill, John Cheever, Stanley Lawrence Elkin, George
                Paul Elliott, Paul Hamilton Engle, Frederick Exley, Leslie Aaron Fiedler, Herbert
                Gold, Mark Harris, William Humphrey, Norman Mailer, Bernard Malamud, Arthur Miller,
                Jay Neugeboren, Philip Roth, James Salter, Irwin Shaw, William Styron, Harvey
                Swados, John Hoyer Updike, Kurt Vonnegut, Thomas Williams, and Richard Yates.
                Authors' files include submitted short stories and articles. Some are accompanied by
                comments from Hills and other readers as to their suitability for publication.
                Materials covering his time at <emph render="italic">Esquire</emph>, <emph render="italic">Saturday Evening Post</emph>, and <emph render="italic">Audience</emph> include inter-office memos, production materials, and some of
                Hills own articles and columns. Files concerning symposiums or writing programs
                include brochures, press releases, correspondence with local arrangements persons,
                programs, bills and related clippings. 44 audio tapes, mostly recordings of the
                symposiums, complete the collection.</p>
      </scopecontent>
      <!-- recommended; this information would be included for marc amc record -->
      <!-- should include all personal and corporate names, and subject headings -->
      <controlaccess>
         <head>Indexing Terms</head>
         <controlaccess>
            <head>Names</head>
            <list>
               <item>
                  <extref xlink:href="http://www.iucat.iu.edu/catalog?q=+%2BHills+%2BL+%2BRust+%2BCorrespondence&amp;search_field=subject">
                     <persname encodinganalog="600" source="lcnaf">Hills, L. Rust
                                --Correspondence.</persname>
                  </extref>
               </item>
            </list>
         </controlaccess>
         <controlaccess>
            <list>
               <item>
                  <extref xlink:href="http://www.iucat.iu.edu/catalog?q=+%2BRole+%2Bof+%2Bthe+%2Bwriter+%2Bin+%2BAmerica&amp;search_field=subject">
                     <corpname encodinganalog="610">Role of the writer in
                                America.</corpname>
                  </extref>
               </item>
               <item>
                  <extref xlink:href="http://www.iucat.iu.edu/catalog?q=+%2BAuthors+%2BAmerican+%2BCorrespondence&amp;search_field=subject">
                     <corpname encodinganalog="610" source="lcnaf">Authors, American
                                --Correspondence.</corpname>
                  </extref>
               </item>
               <item>
                  <extref xlink:href="http://www.iucat.iu.edu/catalog?q=+%2BPeriodical+%2Beditors+%2BUnited+%2BStates+%2BCorrespondence&amp;search_field=subject">
                     <corpname encodinganalog="610" source="lcnaf">Periodical editors
                                --United States --Correspondence.</corpname>
                  </extref>
               </item>
            </list>
         </controlaccess>
         <!-- <persname encodinganalog="600" source="lcnaf">[remove source attribute if name does not come from an authority file] </persname> -->
         <!-- <corpname encodinganalog="610" source="lcnaf">[remove source attribute if name does not come from an authority file]</corpname> -->
         <!--  <famname encodinganalog="600" source="lcnaf">[remove source attribute if name does not come from an authority file]</famname> -->
         <!--  <subject encodinganalog="650" source="lcsh"> </subject> -->
         <!--  <occupation encodinganalog="656" source="lcsh"> </occupation> -->
         <!--  <geogname encodinganalog="651" source="aacr2"> </geogname> -->
         <!-- <genreform encodinganalog="655" source="lcsh"> </genreform> -->
         <!-- <function encodinganalog="657" source="lcsh"/> -->
         <!-- <title encodinganalog="630"> </title> -->
      </controlaccess>
      <descgrp>
         <head>Administrative Information</head>
         <!-- required -->
         <acqinfo encodinganalog="541">
            <head>Acquisition Information</head>
            <p>Purchase. Key West Island Books. Key West, FL 33040. 1995</p>
         </acqinfo>
         <!-- required even if unrestricted -->
         <userestrict encodinganalog="540">
            <head>Usage Restrictions</head>
            <p>Prior arrangements are not necessary before coming to the Library, however,
                    patrons from out of town are encouraged to communicate with the Library in
                    advance of their visits to ascertain availability of materials.</p>
            <p>Photocopying permitted only with permission of the Curator of Manuscripts, Lilly
                    Library.</p>
         </userestrict>
         <!-- required -->
         <prefercite encodinganalog="524">
            <head>Preferred Citation</head>
            <p>[Item], Hills mss., Lilly Library, Indiana University, Bloomington, Indiana.</p>
         </prefercite>
         <!--required -->
         <processinfo encodinganalog="583">
            <head>Processing Information</head>
            <p>Processed by staff.</p>
         </processinfo>
      </descgrp>
      <dsc type="combined"><!-- unittitle is the only required element within component --><!-- possible values for @level include: class, collection, file, fonds, item,
                otherlevel, recordgrp, series, subfonds, subgrp, subseries -->
         <c01 id="VAD3415-00001" level="series">
            <did>
               <container label="Box" type="Box">1</container>
               <!-- add type="bulk" or type="inclusive" to unitdate if appropriate -->
               <unittitle>I. Correspondence <unitdate type="inclusive" normal="1954/1996">1954-1996.</unitdate>
               </unittitle>
               <note>
                  <p>Arranged in
                            chronological order. The correspondence mostly concerns articles and
                            short stories submitted to Hills for inclusion in the various
                            magazines. Significant correspondents have been indexed below.</p>
                  <list>
                     <item>
                        <emph render="bold"> Albee, Edward, 1928-</emph>
                     </item>
                     <item>To Hills, L. Rust</item>
                     <item>1963 (appended to Hills to Albee, Feb. 26, 1963)</item>
                     <item>1964, Oct. 7</item>
                     <item>
                        <emph render="bold">Algren, Nelson, 1909-1981</emph>
                     </item>
                     <item>To Farbar, Bernard</item>
                     <item>1964, Nov. 6</item>
                     <item>To Hills, L. Rust</item>
                     <item>1961, Aug. 10; Sept. 28; Oct. 13; Oct.; Dec. 4</item>
                     <item>1965, Mar. 25</item>
                     <item>
                        <emph render="bold">Auchincloss, Louis Stanton, 1917-</emph>
                     </item>
                     <item> To Hills, L. Rust 1964, Mar. 2; Apr. 13</item>
                     <item> 1978, Jan. 16</item>
                     <item>
                        <emph render="bold">Baker, Russell, 1925-</emph>
                     </item>
                     <item> To Hills, L. Rust</item>
                     <item> 1985, Feb. 24; Oct. 22</item>
                     <item>
                        <emph render="bold">Baldwin, Faith, 1893-1978</emph>
                     </item>
                     <item> To Hills, L. Rust</item>
                     <item> 1963, Feb. 6</item>
                     <item>
                        <emph render="bold">Banks, Russell, 1940-</emph>
                     </item>
                     <item> To Hills, L. Rust</item>
                     <item> 1986, Apr. 1</item>
                     <item> 1993, Feb. 27; Apr. 22 (postcard)</item>
                     <item>
                        <emph render="bold">Barker, Dudley, 1910-1980</emph>
                     </item>
                     <item> To Hills, L. Rust</item>
                     <item> 1962, Mar. 19, 27; Nov. 12, 27</item>
                     <item>
                        <emph render="bold">Barth, John, 1930-</emph>
                     </item>
                     <item> To Hills, L. Rust 1958, Jan. 25; Feb. 12, 26; Nov. 14 (postcard)</item>
                     <item> 1961, Feb. 14; Oct. 10</item>
                     <item> 1962, Mar. 28; May 10; June 5, 14</item>
                     <item> 1969, Apr. 29</item>
                     <item> 1973, Nov. 6, 28</item>
                     <item> 1974, Jan. 2, 2 (sec'y signed - enclosure), 21</item>
                     <item> 1978, Oct. 17; Nov. 7</item>
                     <item> 1986, Mar. 11</item>
                     <item> 1995, Feb. 14</item>
                     <item> n.d.</item>
                     <item>
                        <emph render="bold">Barthelme, Donald, 1931-</emph>
                     </item>
                     <item> To Hills, L. Rust</item>
                     <item> 1971, June 21 1973, Nov. (enclosure); 1973</item>
                     <item>
                        <emph render="bold">Barzun, Jacques Martin, 1907-</emph>
                     </item>
                     <item> To Hills, L. Rust</item>
                     <item> 1958, Apr. 8; Oct. 27</item>
                     <item> 1963, Apr. 25 (per sec'y)</item>
                     <item>
                        <emph render="bold">Bass, Rick, 1958-</emph>
                     </item>
                     <item> To Hills, L. Rust</item>
                     <item> 1986, Sept. 6, 10</item>
                     <item> 1987, Sept. 13</item>
                     <item> 1989, Apr. 10, 24</item>
                     <item>
                        <emph render="bold">Bellow, Saul, 1915-</emph>
                     </item>
                     <item> To Hills, L. Rust</item>
                     <item> 1958, Sept. 20; Oct. 23 (telegram)</item>
                     <item> 1964 (2)</item>
                     <item> 1965, Apr. 4</item>
                     <item> 1969, Apr. 30</item>
                     <item> 1971, May 25</item>
                     <item> 1973, Nov. (appended to Hills to Bellow, Oct. 15, 1973)</item>
                     <item> 1978, June 1 (per sec'y)</item>
                     <item> 1984, July 14</item>
                     <item> n.d.</item>
                     <item>
                        <emph render="bold">Berger, Thomas Louis, 1924-</emph>
                     </item>
                     <item> To Hills, L. Rust</item>
                     <item> 1960, Feb. 27; June 3; Aug. 21; Sept. 7</item>
                     <item> 1961, Jan. 13</item>
                     <item> 1964, June 15</item>
                     <item> 1965, Mar. 29</item>
                     <item> 1969, May 5</item>
                     <item> 1971, Apr. 15; June 14; July 23</item>
                     <item> 1972, Nov. 2</item>
                     <item>
                        <emph render="bold">Blixen, Karen, 1885-1962</emph>
                     </item>
                     <item> To Hills, L. Rust</item>
                     <item> 1960, July 9</item>
                     <item>
                        <emph render="bold">Blount, Roy</emph>
                     </item>
                     <item> To Hills, L. Rust</item>
                     <item> n.d. (2)</item>
                     <item>
                        <emph render="bold">Bourjaily, Vance Nye, 1922-</emph>
                     </item>
                     <item> To Hills, L. Rust</item>
                     <item> 1961, Oct. 3, 31; Dec. 1</item>
                     <item> 1964, Feb. 4; Mar. 7, 31; May 13; Sept. 28</item>
                     <item> 1971, Sept. 24</item>
                     <item> 1979, July 17</item>
                     <item> 1980, Mar. 12</item>
                     <item> 1982, Aug. 10</item>
                     <item>
                        <emph render="bold">Boyle, Kay, 1903-</emph>
                     </item>
                     <item> To Hills, L. Rust</item>
                     <item> 1963, Feb. 22; Mar. 7, 14</item>
                     <item> 1964, Oct. 2</item>
                     <item> 1965, Mar. 18; Apr. 5, 13</item>
                     <item> 1970, Oct. 7</item>
                     <item> 1973, Oct. 26</item>
                     <item>
                        <emph render="bold">Boyle, T. Coraghessan</emph>
                     </item>
                     <item> To Hills, L. Rust</item>
                     <item> 1979, Sept. 7</item>
                     <item> n.d. (8 - one copy)</item>
                     <item>
                        <emph render="bold">Bradbury, Ray Douglas, 1920-</emph>
                     </item>
                     <item> To Hills, L. Rust</item>
                     <item> 1965, Mar. 26</item>
                     <item>
                        <emph render="bold">Brinnin, John Malcolm, 1916-</emph>
                     </item>
                     <item> Hills, L. Rust</item>
                     <item> 1986, Mar. 29; May 20</item>
                     <item>
                        <emph render="bold">Brodkey, Harold</emph>
                     </item>
                     <item> To Hills, L. Rust</item>
                     <item> 1963, Feb. 3</item>
                     <item> 1986, Mar. 13</item>
                     <item>
                        <emph render="bold">Buckley, Christopher, 1948-</emph>
                     </item>
                     <item> To Felker, Clay S.</item>
                     <item>1979</item>
                     <item> To Hills, L. Rust</item>
                     <item> 1979, Oct. 25, 31</item>
                     <item> 1986, Mar. 6</item>
                     <item> 1993, Apr. 2</item>
                     <item> To Williams, Joy</item>
                     <item> 1979, Nov. 8</item>
                     <item>
                        <emph render="bold">Calisher, Hortense, 1911-</emph>
                     </item>
                     <item> To Hills, L. Rust</item>
                     <item> 1964,Sept. 28</item>
                     <item> 1973, Oct. 28; Dec. 16</item>
                     <item>
                        <emph render="bold">Cantor, Eddie, 1892-1964</emph>
                     </item>
                     <item> To Hills, L. Rust</item>
                     <item> 1958, July 5</item>
                     <item> To Roth, Paul</item>
                     <item> 1958, July 1 (telegram)</item>
                     <item>
                        <emph render="bold">Capote, Truman, 1924-1984</emph>
                     </item>
                     <item> To Hills, L. Rust</item>
                     <item> 1964, May 24; Dec. 29</item>
                     <item> 1973, Dec. 15</item>
                     <item>
                        <emph render="bold">Capouya, Emile</emph>
                     </item>
                     <item> To Hills, L. Rust</item>
                     <item> 1980, Oct. 21</item>
                     <item>
                        <emph render="bold">Carver, Raymond, 1938-1988</emph>
                     </item>
                     <item> To Hills, L. Rust</item>
                     <item> 1981, June 18; July 10</item>
                     <item> 1982, Aug. 11; Dec. 31</item>
                     <item> To Weber, Bruce</item>
                     <item> 1982, July 24</item>
                     <item>
                        <emph render="bold">Cassill, R. V. (Ronald Verlin), 1919-</emph>
                     </item>
                     <item> To Hills, L. Rust</item>
                     <item> 1957, Mar. 13</item>
                     <item> 1962, Feb. 1</item>
                     <item> 1966, Dec. 17</item>
                     <item> 1967, Jan. 5; June 11</item>
                     <item> 1973, Oct.; Nov. 18; Dec. 4</item>
                     <item> 1979, July 22</item>
                     <item> n.d. (2 - one copy)</item>
                     <item>
                        <emph render="bold">Cheever, John, 1912-1982</emph>
                     </item>
                     <item> To Hills, L. Rust</item>
                     <item> n.d. (12)</item>
                     <item>
                        <emph render="bold">Clark, Walter van Tilburg, 1909-1971</emph>
                     </item>
                     <item> To Hills, L. Rust</item>
                     <item> 1963, Feb. 2, 15</item>
                     <item> 1964, Oct. 9</item>
                     <item> 1965, Apr. 10</item>
                     <item> n.d. (2)</item>
                     <item>
                        <emph render="bold">Connell, Evan Shelby, 1924-</emph>
                     </item>
                     <item> To Hills, L. Rust</item>
                     <item> 1964, Apr. 26 (postcard); May 9; Sept. 22, 23</item>
                     <item> 1965, Jan. 21</item>
                     <item> n.d. (11)</item>
                     <item>
                        <emph render="bold">Coover, Robert, 1932-</emph>
                     </item>
                     <item> To Hills, L. Rust</item>
                     <item> 1969, Mar. 19; Apr. 29</item>
                     <item> 1971, June 28</item>
                     <item>
                        <emph render="bold">Cozzens, James Gould, 1903-1978</emph>
                     </item>
                     <item> To Hills, L. Rust</item>
                     <item> 1964, Jan. 2; Apr. 1; May 29</item>
                     <item> 1968, May 23 (postcard)</item>
                     <item>
                        <emph render="bold">Crews, Harry, 1935-</emph>
                     </item>
                     <item> To Hills, L. Rust</item>
                     <item> n.d.</item>
                     <item>
                        <emph render="bold">Delillo, Don</emph>
                     </item>
                     <item> To Hills, L. Rust</item>
                     <item> n.d. (2)</item>
                     <item>
                        <emph render="bold">DeVries, Peter, 1910-1993</emph>
                     </item>
                     <item> To Hills, L. Rust</item>
                     <item> 1964, Mar. 6; Sept. 19</item>
                     <item>
                        <emph render="bold">Dickey, James, 1923-</emph>
                     </item>
                     <item> To Hills, L. Rust</item>
                     <item> 1986, Apr. 16</item>
                     <item> To Hills, L. Rust and Ms. Johnson</item>
                     <item> 1979, May 15</item>
                     <item>
                        <emph render="bold">Doctorow, Edgar Lawrence, 1931-</emph>
                     </item>
                     <item> To Hills, L. Rust</item>
                     <item> 1983, Nov. 15</item>
                     <item>
                        <emph render="bold">Donleavy, J. P. (James Patrick), 1926-</emph>
                     </item>
                     <item> To Hills, L. Rust</item>
                     <item> 1964, Sept. 23</item>
                     <item> 1965, May 31</item>
                     <item> 1986, Feb. 26; Mar. 13</item>
                     <item>
                        <emph render="bold">Dos Passos, John, 1896-1970</emph>
                     </item>
                     <item> To Hills, L. Rust</item>
                     <item> 1965, Apr. 4</item>
                     <item>
                        <emph render="bold">Elkin, Stanley Lawrence, 1930-</emph>
                     </item>
                     <item> To Hills, L. Rust</item>
                     <item> 1963, Feb. 16</item>
                     <item> 1964, Feb. 7, 29; Apr. 11; Oct. 30; Nov. 13</item>
                     <item> 1965, May 13; Oct. 1</item>
                     <item> 1973, Oct. 29; Nov. 19; Dec. 3</item>
                     <item> 1980, Nov. 3</item>
                     <item>
                        <emph render="bold">Elliott, George Paul, 1918-1980</emph>
                     </item>
                     <item> To Hills, L. Rust</item>
                     <item> 1957, Feb. 16</item>
                     <item> 1958, Oct. 3</item>
                     <item> 1962, Jan. 31 (postcard)</item>
                     <item> 1964, Mar. 6</item>
                     <item> 1971, June 22</item>
                     <item> 1973, Oct. 26; Nov. 21</item>
                     <item> 1979, June 1 (postcard)</item>
                     <item>
                        <emph render="bold">Engle, Paul Hamilton, 1908-1991</emph>
                     </item>
                     <item> To Hills, L. Rust</item>
                     <item> 1959, Sept. 15, 16, 19, 21; Nov. 14; Dec. 25</item>
                     <item> 1960, Apr. 23</item>
                     <item> 1962, May 15</item>
                     <item> 1963, Aug. 14</item>
                     <item> n.d.</item>
                     <item> To Lichtenstein, Eugene</item>
                     <item> 1959, June 16; July 28; Oct. 17, 18, 21, 25</item>
                     <item>
                        <emph render="bold">Exley, Frederick</emph>
                     </item>
                     <item> To Hills, L. Rust</item>
                     <item> 1978, May 8</item>
                     <item> 1980, Dec. 15</item>
                     <item> 1981, May 11</item>
                     <item> 1982, Feb. 14 (enclosures)</item>
                     <item> 1986, Feb. 28</item>
                     <item> n.d. (2)</item>
                     <item> To Williams, Joy</item>
                     <item> 1980, Dec. 1</item>
                     <item>
                        <emph render="bold">Fairbairn, Douglas, 1926-</emph>
                     </item>
                     <item> To Hills, L. Rust</item>
                     <item> 1972, Oct. 22</item>
                     <item> 1973, Dec. 21 (enclosures)</item>
                     <item> 1976, Jan.; May 4</item>
                     <item> 1979, Feb. 19; June 19</item>
                     <item>
                        <emph render="bold">Farrell, James Thomas, 1904-1979</emph>
                     </item>
                     <item> To Hills, L. Rust</item>
                     <item> 1968, Mar. 17</item>
                     <item>
                        <emph render="bold">Faust, Irvin, 1924-</emph>
                     </item>
                     <item> To Hills, L. Rust</item>
                     <item> 1978, Sept. 3</item>
                     <item>
                        <emph render="bold">Fiedler, Leslie Aaron, 1917-</emph>
                     </item>
                     <item> To Hills, L. Rust</item>
                     <item> 1958, May 12; Aug. 27; Sept. 18; Oct. 2, 8 (telegram), 22</item>
                     <item> 1961, Dec. 24</item>
                     <item> 1964, Feb. 7; Sept. 30</item>
                     <item> 1969, May 12</item>
                     <item> 1971, Sept. 8</item>
                     <item> 1978, Jan. 31; Feb. 10 (enclosure)</item>
                     <item> 1979, May 16</item>
                     <item> 1980, Sept. 17</item>
                     <item>
                        <emph render="bold">Ford, Richard, 1944-</emph>
                     </item>
                     <item> To Hills, L. Rust</item>
                     <item> 1980, Nov. 25</item>
                     <item> 1981, Jan. 13</item>
                     <item> 1983, Mar. 10; Oct. 18</item>
                     <item> 1986, Jan. 30; Mar. 4</item>
                     <item> 1993, Feb. 26 (postcard)</item>
                     <item> 1994, June 27; Dec. 15 (postcard)</item>
                     <item> 1995, Jan. 26</item>
                     <item> n.d. (2)</item>
                     <item> To Hills, L. Rust and Joy Williams</item>
                     <item> 1982, Feb. 12</item>
                     <item> 1983, Jan. 12</item>
                     <item>
                        <emph render="bold">Fowles, John, 1926-</emph>
                     </item>
                     <item> To Hills, L. Rust</item>
                     <item> 1965, Sept. 6</item>
                     <item>
                        <emph render="bold">Friedman, Bruce Jay, 1930-</emph>
                     </item>
                     <item> To Hills, L. Rust</item>
                     <item> 1964, May 11 1973, Nov. 10 (enclosure), 23</item>
                     <item> 1979, June 12</item>
                     <item> 1983, Oct. 11, 19</item>
                     <item> 1985, Feb. 6; Mar. 13;</item>
                     <item> 1988, Mar. 7</item>
                     <item> 1990, Oct. 24</item>
                     <item> n.d.</item>
                     <item>
                        <emph render="bold">Gaddis, William, 1922-</emph>
                     </item>
                     <item> To Hills, L. Rust</item>
                     <item> 1964, Sept. 23</item>
                     <item> 1965, Aug. 14</item>
                     <item> 1986, Mar. 12 (postcard); May 5</item>
                     <item> n.d. (postcard)</item>
                     <item>
                        <emph render="bold">Galbraith, John Kenneth, 1908-</emph>
                     </item>
                     <item> To Felker, Clay</item>
                     <item> 1978, Nov. 28</item>
                     <item> To Hills, L. Rust</item>
                     <item> 1962, Feb. 6</item>
                     <item>
                        <emph render="bold">Gibson, William, 1948-</emph>
                     </item>
                     <item> To Hills, L. Rust</item>
                     <item> 1964, Mar. 16</item>
                     <item>
                        <emph render="bold">Gold, Herbert, 1924-</emph>
                     </item>
                     <item> To Hills, L. Rust</item>
                     <item> 1964, Oct. 3 (appended to Gold to James Oliver Brown, Oct. 3, 1964)</item>
                     <item> 1969, Sept. (postcard)</item>
                     <item> 1973, Oct. 29 (enclosure)</item>
                     <item> 1978, Feb. 17</item>
                     <item> 1979, Aug. 4</item>
                     <item> n.d. (5)</item>
                     <item>
                        <emph render="bold">Golding, William Gerald, 1911-1993</emph>
                     </item>
                     <item> To Hills, L. Rust</item>
                     <item> 1962, Nov. 5</item>
                     <item> n.d.</item>
                     <item>
                        <emph render="bold">Gordon, Caroline, 1895-1981</emph>
                     </item>
                     <item> To Hills, L. Rust</item>
                     <item> 1964, Sept. 24</item>
                     <item> n.d. (2)</item>
                     <item> To McDowell, David</item>
                     <item> 1964, Nov.</item>
                     <item>
                        <emph render="bold">Goyen, William, 1915-1983</emph>
                     </item>
                     <item> To Hills, L. Rust</item>
                     <item> 1964, Oct. 30</item>
                     <item> 1978, Nov. 20</item>
                     <item> 1979, July 3; Oct. 21</item>
                     <item>
                        <emph render="bold">Hall, Donald, 1928-</emph>
                     </item>
                     <item> To Hills, L. Rust</item>
                     <item> 1964, Sept. 21; Oct. 28</item>
                     <item> 1985, July 24 (postcard)</item>
                     <item> n.d.</item>
                     <item>
                        <emph render="bold">Hall, Oakley Maxwell, 1920-</emph>
                     </item>
                     <item> To Hills, L. Rust</item>
                     <item> 1958, Sept. 1</item>
                     <item> 1985, July 15</item>
                     <item> To Hills, L. Rust and Joy Williams</item>
                     <item> 1979, May 7</item>
                     <item> 1984, May 24</item>
                     <item>
                        <emph render="bold">Harris, Mark, 1922-</emph>
                     </item>
                     <item> To Hills, L. Rust</item>
                     <item> 1957, May 15; June 15</item>
                     <item> 1958, Nov. 11</item>
                     <item> 1959, Jan. 7; Feb. 4, 12, 17, 27; Mar. 13; June 18; Aug. 24; Nov. 17; Dec. 13</item>
                     <item> 1964, Sept. 24</item>
                     <item> 1968, Mar. 22 (enclosure)</item>
                     <item> 1978, Feb. 4; May 2; Dec. 19</item>
                     <item> To Hills, L. Rust and Gene Lichtenstein</item>
                     <item> 1959, Nov. 24</item>
                     <item>
                        <emph render="bold">Harrison, James, 1937-</emph>
                     </item>
                     <item> To Hills, L. Rust</item>
                     <item> 1978, Sept.</item>
                     <item>1982</item>
                     <item> 1986, Mar. 10</item>
                     <item> n.d. (2)</item>
                     <item>
                        <emph render="bold">Hawkes, John Clendennin Burne, 1925-</emph>
                     </item>
                     <item> To Hills, L. Rust</item>
                     <item> 1973, Oct. 27</item>
                     <item> 1980, Mar. 15</item>
                     <item> 1982, Mar. 22; May 2</item>
                     <item>
                        <emph render="bold">Heller, Joseph, 1923-</emph>
                     </item>
                     <item> To Blythe, William Legette</item>
                     <item> n.d.</item>
                     <item> To Hills, L. Rust</item>
                     <item> 1974, July 18</item>
                     <item> 1986, Feb. 24</item>
                     <item> n.d.</item>
                     <item>
                        <emph render="bold">Herbst, Josephine, 1892-1969</emph>
                     </item>
                     <item> To Hills, L. Rust</item>
                     <item> 1963, Apr. 9</item>
                     <item>
                        <emph render="bold">Hersey, John Richard, 1914-1993</emph>
                     </item>
                     <item> To Hills, L. Rust</item>
                     <item> 1964, Sept. 27</item>
                     <item> 1986, Aug. 22</item>
                     <item>
                        <emph render="bold">Hicks, Granville, 1901-1982</emph>
                     </item>
                     <item> To Hills, L. Rust</item>
                     <item> 1960, July 25 (enclosure)</item>
                     <item> 1963, Apr. 12</item>
                     <item> 1964, Dec. 20</item>
                     <item>
                        <emph render="bold">Hoagland, Edward, 1932-</emph>
                     </item>
                     <item> To Hills, L. Rust</item>
                     <item> 1963, Mar. 16; June 30</item>
                     <item> 1968, Mar. 14 (postcard)</item>
                     <item> 1969, Mar. 7</item>
                     <item>
                        <emph render="bold">Houston, James D., 1933-</emph>
                     </item>
                     <item> To Hills, L. Rust</item>
                     <item> 1978, Jan. 24</item>
                     <item>
                        <emph render="bold">Howland, Bette</emph>
                     </item>
                     <item> To Hills, L. Rust</item>
                     <item> 1969, June 19</item>
                     <item>
                        <emph render="bold">Humphrey, William</emph>
                     </item>
                     <item> To Hills, L. Rust</item>
                     <item> 1959, Nov. 25</item>
                     <item> 1963, Oct. 12</item>
                     <item> 1964, Feb. 1, 6; Apr. 3; May 2; June 13; July 24; Aug. 2; Sept. 26; Oct. 21; Nov. 23; Dec. 10, 21, 24</item>
                     <item> 1965, Mar. 20; Apr. 19; May 10; June 22; July 5; Aug. 19; Oct. 18</item>
                     <item> 1968, Mar. 17</item>
                     <item> 1969, Aug. 12</item>
                     <item> 1973, May 31; Aug. 4</item>
                     <item> 1986, Feb. 24</item>
                     <item> 1988, May 22</item>
                     <item> To McDonnell, Terry</item>
                     <item> 1990, Oct. 2</item>
                     <item>
                        <emph render="bold">Inge, William</emph>
                     </item>
                     <item> To Hills, L. Rust</item>
                     <item> 1965, Aug. 24</item>
                     <item>
                        <emph render="bold">Irving, John, 1942-</emph>
                     </item>
                     <item> To Hills, L. Rust</item>
                     <item> 1980, Sept. 18; Oct. 20 (postcard)</item>
                     <item> 1993, Nov. 15</item>
                     <item>
                        <emph render="bold">Jackson, Shirley, 1919-1965</emph>
                     </item>
                     <item> To Hills, L. Rust</item>
                     <item> 1964, Oct. 14</item>
                     <item>
                        <emph render="bold">Jarrell, Randall, 1914-1965</emph>
                     </item>
                     <item> To Hills, L. Rust</item>
                     <item> 1964 (2)</item>
                     <item>
                        <emph render="bold">Jones, James, 1921-1977</emph>
                     </item>
                     <item> To Hills, L. Rust</item>
                     <item> 1960, June 3, 25; Aug. 23</item>
                     <item> 1964, Sept. 30</item>
                     <item> 1969, Oct. 24 (enclosure)</item>
                     <item> 1973, Nov. 24</item>
                     <item> 1974, Jan. 22 (enclosure); June 23</item>
                     <item>
                        <emph render="bold">Kaufman, George Simon, 1889-1961</emph>
                     </item>
                     <item> To Hills, L. Rust</item>
                     <item> n.d.</item>
                     <item>
                        <emph render="bold">Kazan, Elia, 1909-</emph>
                     </item>
                     <item> To Hills, L. Rust</item>
                     <item> 1979, May 31</item>
                     <item> To Lichtenstein, Gene</item>
                     <item> 1959, Aug. 12</item>
                     <item>
                        <emph render="bold">Kennedy, William, 1928-</emph>
                     </item>
                     <item> To Hills, L. Rust</item>
                     <item> 1969, Apr. 26</item>
                     <item>
                        <emph render="bold">Kesey, Ken Elton, 1935-</emph>
                     </item>
                     <item> To Hills, L. Rust</item>
                     <item> 1984, Jan. 13</item>
                     <item> 1985, Jan. 9</item>
                     <item>
                        <emph render="bold">Knowles, John, 1926-</emph>
                     </item>
                     <item> To Hills, L. Rust</item>
                     <item> 1978, July 12; Sept. 30</item>
                     <item> 1984, Apr. 25</item>
                     <item> 1986, June 4</item>
                     <item> 1987, June 5</item>
                     <item> 1990, Mar. 9</item>
                     <item> To Hills, L. Rust and Joy Williams</item>
                     <item> 1986, Feb. 26</item>
                     <item>
                        <emph render="bold">Kumin, Maxine (Winokur), 1925-</emph>
                     </item>
                     <item> To Hills, L. Rust</item>
                     <item> 1971, Sept. 16; Nov. 10 (postcard)</item>
                     <item> 1973, Aug. 7</item>
                     <item>
                        <emph render="bold">Leonard, Elmore, 1925-</emph>
                     </item>
                     <item> To Hills, L. Rust</item>
                     <item> 1986, Feb. 27</item>
                     <item>
                        <emph render="bold">Lowell, Robert, 1917-1977</emph>
                     </item>
                     <item> To Hills, L. Rust</item>
                     <item> 1961, Jan. 7 (postcard)</item>
                     <item>
                        <emph render="bold">Lurie, Alison</emph>
                     </item>
                     <item> To Johnson, Marilyn</item>
                     <item> 1979, May 16</item>
                     <item>
                        <emph render="bold">McCarthy, Mary, 1912-1989</emph>
                     </item>
                     <item> To Hills, L. Rust</item>
                     <item> 1973, Nov. 6</item>
                     <item>
                        <emph render="bold">MacDonald, John D. (John Dann), 1916-1986</emph>
                     </item>
                     <item> To Hills, L. Rust</item>
                     <item> 1978, Aug. 23</item>
                     <item>
                        <emph render="bold">McGuane, Thomas</emph>
                     </item>
                     <item> To Hills, L. Rust</item>
                     <item> 1978, Apr.1; July 27; Sept. 21</item>
                     <item> 1983, July 13</item>
                     <item>
                        <emph render="bold">McInerney, Jay</emph>
                     </item>
                     <item> To Hills, L. Rust</item>
                     <item> 1989, Feb. 24</item>
                     <item>
                        <emph render="bold">MacLeish, Archibald, 1892-1982</emph>
                     </item>
                     <item> To Engle, Paul</item>
                     <item> 1959, June 10</item>
                     <item>
                        <emph render="bold">Mailer, Norman, 1923-</emph>
                     </item>
                     <item> To Hills, L. Rust</item>
                     <item> 1968, Mar. 19; May 6</item>
                     <item> 1973, Nov. 19; Dec. 9 (enclosure)</item>
                     <item> 1979, Aug. 20; Nov. 5</item>
                     <item> 1985, Oct. 14</item>
                     <item> 1988, Aug. 25</item>
                     <item> To Lichtenstein, Gene</item>
                     <item> 1959, Nov. 10</item>
                     <item>
                        <emph render="bold">Malamud, Bernard, 1914-1986</emph>
                     </item>
                     <item> To Hills, L. Rust</item>
                     <item> 1962, Jan. 17; Feb. 2; June 7</item>
                     <item> 1963, Mar. 2, 15 (enclosure); Apr. 12, 16, 22</item>
                     <item> 1964, Mar. 3</item>
                     <item> 1969, Feb. 17</item>
                     <item> 1973, Oct. 29; Dec. 3</item>
                     <item> To Brown, Robert</item>
                     <item> 1962, June 25</item>
                     <item>
                        <emph render="bold">Marquand, John Phillips, 1893-1960</emph>
                     </item>
                     <item> To Hills, L. Rust</item>
                     <item> 1964, Mar. 16; Dec. 31</item>
                     <item> 1965, Apr. 18</item>
                     <item>
                        <emph render="bold">Michaels, Leonard, 1933-</emph>
                     </item>
                     <item> To Hills, L. Rust</item>
                     <item> 1978, July 10</item>
                     <item> 1979, Oct.8</item>
                     <item> 1980, May 28; Aug. 24; Aug.</item>
                     <item> n.d. (3)</item>
                     <item>
                        <emph render="bold">Miller, Arthur, 1915-</emph>
                     </item>
                     <item> To Hills, L. Rust</item>
                     <item> 1964, Mar. 9; Sept. 28 (postcard)</item>
                     <item> 1973, Oct. 24; Nov. 25 (sec'y signed)</item>
                     <item> 1978, Feb. 24; May 30</item>
                     <item>
                        <emph render="bold">Miller, Henry, 1891-1980</emph>
                     </item>
                     <item> To Hills, L. Rust</item>
                     <item> 1969, Feb. 8</item>
                     <item>
                        <emph render="bold">Moore, Marianne, 1887-1972</emph>
                     </item>
                     <item> To Hills, L. Rust</item>
                     <item> 1961, July 2</item>
                     <item>
                        <emph render="bold">Morris, Willie, 1934-</emph>
                     </item>
                     <item> To Hills, L. Rust</item>
                     <item> 1985, Nov. 28</item>
                     <item> 1986, Mar. 5 (postcard)</item>
                     <item> 1990, Oct. 9</item>
                     <item>
                        <emph render="bold">Morris, Wright, 1910-</emph>
                     </item>
                     <item> To Hills, L. Rust</item>
                     <item> 1958, Oct. 25 (postcard)</item>
                     <item> 1969, Mar. 25</item>
                     <item> 1971, July 2 (postcard)</item>
                     <item> n.d. (4)</item>
                     <item>
                        <emph render="bold">Nemerov, Howard, 1920-</emph>
                     </item>
                     <item> To Hills, L. Rust</item>
                     <item> 1964, Sept. 24</item>
                     <item> n.d.</item>
                     <item>
                        <emph render="bold">Neugeboren, Jay, 1938-</emph>
                     </item>
                     <item> To Hills, L. Rust</item>
                     <item> 1969, Oct. 9</item>
                     <item> 1972, Oct. 30</item>
                     <item> 1974, Feb. 10; May 13</item>
                     <item> 1978, Mar. 30 ; June 5; July 14; Aug. 9</item>
                     <item> 1987, Mar. 27</item>
                     <item>
                        <emph render="bold">Oates, Joyce Carol, 1938-</emph>
                     </item>
                     <item> To Hills, L. Rust</item>
                     <item> 1984, July 25</item>
                     <item> 1986, Feb. 22 (postcard); Mar. 2, 10 (postcard)</item>
                     <item> 1990, June 26; July 12</item>
                     <item>
                        <emph render="bold">O'Brien, Tim, 1946-</emph>
                     </item>
                     <item> To Blythe, Will</item>
                     <item> 1989, Feb. 18</item>
                     <item> To Hills, L. Rust</item>
                     <item> 1980, Oct. 5; Dec. 19</item>
                     <item> 1987, May 28</item>
                     <item> 1992, June 30</item>
                     <item> 1996, Mar. 12</item>
                     <item> To Hills, L. Rust and Joy Williams</item>
                     <item> 1986, Sept. 23</item>
                     <item>
                        <emph render="bold">O'Hara, John, 1905-1970</emph>
                     </item>
                     <item> To Hills, L. Rust</item>
                     <item> 1964, June 4, 19</item>
                     <item>
                        <emph render="bold">Ozick, Cynthia, 1928-</emph>
                     </item>
                     <item> To Hills, L. Rust</item>
                     <item> 1985, July 15</item>
                     <item> 1986, Mar. 12; Apr. 1</item>
                     <item> 1987, May 29</item>
                     <item> n.d.</item>
                     <item>
                        <emph render="bold">Paley, Grace</emph>
                     </item>
                     <item> To Hills, L. Rust</item>
                     <item>1973</item>
                     <item>
                        <emph render="bold">Parker, Dorothy (Rothschild), 1893-1967</emph>
                     </item>
                     <item> To Hills, L. Rust</item>
                     <item> n.d.</item>
                     <item>
                        <emph render="bold">Percy, Walker, 1916-</emph>
                     </item>
                     <item> To Hills, L. Rust</item>
                     <item> 1965, Mar. 31</item>
                     <item>
                        <emph render="bold">Podhoretz, Norman</emph>
                     </item>
                     <item> To Hills, L. Rust</item>
                     <item> 1963, Apr. 11</item>
                     <item>
                        <emph render="bold">Powers, James Farl, 1917-</emph>
                     </item>
                     <item> To Hills, L. Rust</item>
                     <item> 1959, Oct. 21</item>
                     <item> 1961, July 24; Aug. 21 (enclosure), 22 1962, Jan. 22</item>
                     <item> 1964, Sept. 21</item>
                     <item> 1970, Oct. 11</item>
                     <item> 1973, Nov. 7</item>
                     <item>
                        <emph render="bold">Price, Reynolds, 1933-</emph>
                     </item>
                     <item> To Hills, L. Rust</item>
                     <item> 1964, Sept. 29</item>
                     <item> 1973, Oct. 27; Dec. 9; Dec.</item>
                     <item> 1974, Jan. 2 (enclosure)</item>
                     <item> 1983, Nov. 2</item>
                     <item>
                        <emph render="bold">Proulx, Annie</emph>
                     </item>
                     <item> To Hills, L. Rust</item>
                     <item> 1987, Mar. 23 (enclosure)</item>
                     <item>
                        <emph render="bold">Purdy, James, 1923-</emph>
                     </item>
                     <item> To Hills, L. Rust</item>
                     <item> 1973, Oct. 27; Nov. 8 (enclosure), 15, 16</item>
                     <item>
                        <emph render="bold">Puzo, Mario, 1920-</emph>
                     </item>
                     <item> To Hills, L. Rust</item>
                     <item> n.d.</item>
                     <item>
                        <emph render="bold">Pynchon, Thomas</emph>
                     </item>
                     <item> To Donadio, Candida</item>
                     <item> 1964, Oct. 28</item>
                     <item>
                        <emph render="bold">Ravenel, Shannon, 1938-</emph>
                     </item>
                     <item> To Hills, L. Rust</item>
                     <item> 1979, June 4</item>
                     <item> 1987, May 27</item>
                     <item>
                        <emph render="bold">Richard, Mark, 1955-</emph>
                     </item>
                     <item> To Hills, L. Rust</item>
                     <item> 1992,June 11 (postcard)</item>
                     <item> To Hills, L. Rust and Joy Williams</item>
                     <item> n.d.</item>
                     <item>
                        <emph render="bold">Roth, Philip, 1933-</emph>
                     </item>
                     <item> To Hills, L. Rust</item>
                     <item> 1960, May 3, 26; July 31; Aug. 19; Oct. 1, 14</item>
                     <item> 1969, May 6 1973, Aug. 22; Sept. 22 (postcard); Nov. 16; Dec. 3 (enclosure)</item>
                     <item> 1977, Dec. 5</item>
                     <item> 1978, Apr. 1 (appended to Hills to Roth, Mar. 1978)</item>
                     <item> 1984, July 24</item>
                     <item> 1985, July 15</item>
                     <item> n.d. (2); n.d. (appended to Hills to Roth, n.d.)</item>
                     <item>
                        <emph render="bold">Rudd, Hughes, 1921-1992</emph>
                     </item>
                     <item> To Hills, L. Rust</item>
                     <item> 1963, Mar. 26</item>
                     <item> 1978, Feb. 15</item>
                     <item>
                        <emph render="bold">Salter, James</emph>
                     </item>
                     <item> To Hills, L. Rust</item>
                     <item> 1979, July 11</item>
                     <item> 1989, Jan. 13; Feb. 2; Mar. 6 (postcard); June 24</item>
                     <item> 1990, Apr. 2, 6; June 11</item>
                     <item> 1992, Sept. 17 (postcard)</item>
                     <item> 1994, Sept. 30 (postcard); Nov. 9; Dec. (postcard)</item>
                     <item> n.d. (22)</item>
                     <item> To Hills, L. Rust and Joy Williams</item>
                     <item> 1983, Dec. 25 (postcard)</item>
                     <item> 1994, Aug. 20</item>
                     <item> To Jenks, Tom</item>
                     <item> n.d.</item>
                     <item>
                        <emph render="bold">Sanchez, Thomas</emph>
                     </item>
                     <item> To Hills, L. Rust</item>
                     <item> 1983, Mar. 12; Aug. 18, 21, 27; Dec. 1</item>
                     <item> 1985, Apr. 20 1986, Oct. 6</item>
                     <item>
                        <emph render="bold">Saroyan, William, 1908-1981</emph>
                     </item>
                     <item> To Hills, L. Rust</item>
                     <item> 1965, June 7</item>
                     <item>
                        <emph render="bold">Schorer, Mark, 1908-1977</emph>
                     </item>
                     <item> To Hills, L. Rust</item>
                     <item> 1957, June 11</item>
                     <item> 1960, June 4; July 19; Aug. 1; Sept. 1, 23, 26; Oct. 3</item>
                     <item> 1964, Sept. 22</item>
                     <item>
                        <emph render="bold">Seager, Allan, 1906-1968</emph>
                     </item>
                     <item> To Gingrich, Arnold</item>
                     <item> 1961, May 12</item>
                     <item> To Hills, L. Rust</item>
                     <item> 1957, Apr. 6</item>
                     <item> 1959, Oct. 9</item>
                     <item> 1961, July 31; Aug. 11</item>
                     <item> 1964, Sept. 30</item>
                     <item> To Newman, Dave</item>
                     <item> 1961, Aug. 18, 22; Sept. 8, 26</item>
                     <item>
                        <emph render="bold">Shacochis, Bob</emph>
                     </item>
                     <item> To Hills, L. Rust</item>
                     <item> 1983, Sept. 23</item>
                     <item> 1985, Feb. 12; Mar. 28; Apr. 1</item>
                     <item>
                        <emph render="bold">Shaw, Irwin, 1913-1984</emph>
                     </item>
                     <item> To Hills, L. Rust</item>
                     <item> 1963, May 27; Apr. 23 (telegram)</item>
                     <item> 1964, May 18</item>
                     <item> 1965, Mar. 31</item>
                     <item> 1970, Sept. 29</item>
                     <item> 1978, Sept. 17</item>
                     <item> 1983, July 16 (photocopy)</item>
                     <item>
                        <emph render="bold">Simon, Neil</emph>
                     </item>
                     <item> To Hills, L. Rust</item>
                     <item> n.d.</item>
                     <item>
                        <emph render="bold">Singer, Isaac Bashevis, 1904-</emph>
                     </item>
                     <item> To Hills, L. Rust</item>
                     <item> 1964, Sept. 20</item>
                     <item>
                        <emph render="bold">Southern, Terry</emph>
                     </item>
                     <item> To Hills, L. Rust</item>
                     <item> 1973, Nov. 12</item>
                     <item> 1974, Apr. 29</item>
                     <item> 1977, Dec. 14 (enclosure)</item>
                     <item> 1978, Feb. 29 (enclosures)</item>
                     <item>
                        <emph render="bold">Spencer, Elizabeth, 1921-</emph>
                     </item>
                     <item> To Hills, L. Rust</item>
                     <item> 1964, Apr. 24; May 12; July 17, 27; Sept. 19</item>
                     <item> 1965, Feb. 8</item>
                     <item>
                        <emph render="bold">Stegner, Wallace Earle, 1909-1993</emph>
                     </item>
                     <item> To Hills, L. Rust</item>
                     <item> 1960, May 12; June 9; July 17 (enclosure); Aug. 4; Oct. 1, 27</item>
                     <item>
                        <emph render="bold">Steinbeck, John Ernst, 1902-1968</emph>
                     </item>
                     <item> To Hills, L. Rust</item>
                     <item> 1964, Sept. 30</item>
                     <item>
                        <emph render="bold">Stern, Richard G., 1928-</emph>
                     </item>
                     <item> To Hills, L. Rust</item>
                     <item> 1957, July 15</item>
                     <item> 1985, Feb. 15</item>
                     <item> n.d. (3)</item>
                     <item>
                        <emph render="bold">Styron, William, 1925-</emph>
                     </item>
                     <item> To Hills, L. Rust</item>
                     <item> 1961, June 29 (postcard)</item>
                     <item> 1964, May 27 (postcard)</item>
                     <item> 1971, Apr. 10 (postcard); June 20 (postcard)</item>
                     <item> 1976, Jan. 21</item>
                     <item> 1978, Aug. 1; Oct. 2, 15; Oct. (3); (all postcards)</item>
                     <item> 1985, July 1</item>
                     <item>1986</item>
                     <item> 1988, July 21</item>
                     <item> n.d.</item>
                     <item>
                        <emph render="bold">Swados, Harvey, 1920-</emph>
                     </item>
                     <item> To Hills, L. Rust</item>
                     <item> 1960, Jan. 5</item>
                     <item> 1961, Oct. 18</item>
                     <item> 1963, Apr. 13 (postcard)</item>
                     <item> 1964, Mar. 5; May 11</item>
                     <item> 1967, Feb. 11</item>
                     <item>
                        <emph render="bold">Swarthout, Glendon Fred, 1918-</emph>
                     </item>
                     <item> To Hills, L. Rust</item>
                     <item> 1959, Aug. 22</item>
                     <item> 1990, Aug. 14</item>
                     <item>
                        <emph render="bold">Talese, Gay</emph>
                     </item>
                     <item> To Hills, L. Rust</item>
                     <item> 1970, May 20</item>
                     <item> 1979, June 16 (postcard)</item>
                     <item> 1993, Aug. 7; Sept. 17 (postcard)</item>
                     <item>
                        <emph render="bold">Theroux, Alexander Louis, 1939-</emph>
                     </item>
                     <item> To Hills, L. Rust</item>
                     <item> 1973, July 29</item>
                     <item> 1979, Mar. 4</item>
                     <item>
                        <emph render="bold">Theroux, Paul, 1941-</emph>
                     </item>
                     <item> To Hills, L. Rust</item>
                     <item> 1978, Jan. 4 (postcard)</item>
                     <item>
                        <emph render="bold">Updike, John Hoyer, 1932-</emph>
                     </item>
                     <item> To Eisenberg, Lee</item>
                     <item> n.d.</item>
                     <item> To Hills, L. Rust</item>
                     <item> 1978, Jan. 7</item>
                     <item> 1985, Feb. 20 (postcard)</item>
                     <item> 1986, Mar. 6 (postcard); Sept. 13</item>
                     <item> 1994, Dec. 3 (postcard)</item>
                     <item> n.d. (11); n.d. (enclosure - appended to Hills to Updike)</item>
                     <item>
                        <emph render="bold">Vidal, Gore, 1925-</emph>
                     </item>
                     <item> To Hills, L. Rust</item>
                     <item> 1964 (postcard)</item>
                     <item> n.d. (3)</item>
                     <item>
                        <emph render="bold">Vonnegut, Kurt</emph>
                     </item>
                     <item> To Hills, L. Rust</item>
                     <item> 1964, May 25; Sept. 18</item>
                     <item> 1965, Mar. 24; Sept. 29</item>
                     <item> 1966, Nov. 5</item>
                     <item> 1972, Aug. 1</item>
                     <item> 1983, Aug. 8, 24</item>
                     <item>
                        <emph render="bold">Wald, Jerry, 1912-1962</emph>
                     </item>
                     <item> To Gingrich, Arnold</item>
                     <item> 1960, Sept. 23 (telegram)</item>
                     <item> To Hills, L. Rust</item>
                     <item> 1960, Oct. 6, 18, 25</item>
                     <item>
                        <emph render="bold">Ward, Andrew, 1946-</emph>
                     </item>
                     <item> To Hills, L. Rust</item>
                     <item> 1971, June 26</item>
                     <item> 1975, Apr. 9</item>
                     <item> 1985, Mar. 30</item>
                     <item>
                        <emph render="bold">Warren, Robert Penn, 1905-1989</emph>
                     </item>
                     <item> To Hills, L. Rust</item>
                     <item> 1962, Mar. 8; July 3; Dec. 10</item>
                     <item> 1963, Apr. 26</item>
                     <item> 1964, Sept. 20</item>
                     <item> To Newman, Dave 1961, July 29</item>
                     <item>
                        <emph render="bold">Welty, Eudora, 1909-</emph>
                     </item>
                     <item> To Hills, L. Rust</item>
                     <item> 1974, Jan. 13</item>
                     <item>
                        <emph render="bold">Wescott, Glenway, 1901-</emph>
                     </item>
                     <item> To Hills, L. Rust</item>
                     <item> 1963 June 22</item>
                     <item> 1964, Sept. 23</item>
                     <item> 1965, Apr. 24</item>
                     <item>
                        <emph render="bold">Williams, Joan, 1928-</emph>
                     </item>
                     <item> To Hills, L. Rust</item>
                     <item> 1977, Dec. 13</item>
                     <item> 1978, Jan. 4</item>
                     <item> 1994, Jan. 10</item>
                     <item> n.d.</item>
                     <item>
                        <emph render="bold">Williams, Thomas, 1926-</emph>
                     </item>
                     <item> To Hills, L. Rust</item>
                     <item> 1957, Oct. 16</item>
                     <item> 1963, May 4, 16</item>
                     <item> 1964, Apr. 3</item>
                     <item> 1971, June 4</item>
                     <item> 1973, Oct. 30; Dec. 11 (enclosures)</item>
                     <item> 1974, Aug. 9; Sept. 1</item>
                     <item> 1978, Sept. 5</item>
                     <item> 1986, Feb. 28; Mar. 17</item>
                     <item>
                        <emph render="bold">Wilner, Herbert, 1925-1977</emph>
                     </item>
                     <item> To Hills, L. Rust</item>
                     <item> 1957, Nov. 14</item>
                     <item> 1959, Sept. 28</item>
                     <item> 1964, Mar. 26</item>
                     <item> 1965, May 29</item>
                     <item> 1967, Mar. 4 (enclosures)</item>
                     <item>
                        <emph render="bold">Wolfe, Tom</emph>
                     </item>
                     <item> To Hills, L. Rust</item>
                     <item> 1984, Aug. 27</item>
                     <item> n.d.</item>
                     <item>
                        <emph render="bold">Wolff, Geoffrey, 1937-</emph>
                     </item>
                     <item> To Hills, L. Rust</item>
                     <item> 1979, May 28</item>
                     <item> 1994, Sept. 2</item>
                     <item>
                        <emph render="bold">Yates, Richard, 1926-</emph>
                     </item>
                     <item> 1961, Feb. 25</item>
                     <item> 1964, July 12</item>
                     <item> 1965, Sept. 2</item>
                     <item> 1970, Oct. 28</item>
                     <item> 1973, Nov. 11, 29 (enclosure)</item>
                     <item> 1974, Jan. 18</item>
                     <item>
                        <emph render="bold">Young, Marguerite, 1908-1995</emph>
                     </item>
                     <item> To Hills, L. Rust</item>
                     <item> 1957, June 11</item>
                  </list>
               </note>
            </did>
         </c01>
         <c01 id="VAD3415-00002" level="series">
            <did>
               <container label="Box" type="Box">2</container>
               <unittitle>II. Authors</unittitle>
               <note>
                  <p>Arranged alphabetically by author. Contains short stories and articles
                            submitted to Hills and some notes concerning them.</p>
                  <list>
                     <item>
                        <persname>Apple, Max.</persname> "Stepdaughters" </item>
                     <item>
                        <persname>Baldwin, James.</persname> "The man child" </item>
                     <item>
                        <persname>Barth, John.</persname> "Ambrose his mark" </item>
                     <item>
                        <persname>Capote, Truman.</persname> "Dazzle" </item>
                     <item>
                        <persname>Caputo, Philip.</persname> "Styron's choices" </item>
                     <item>
                        <persname>Carver, Raymond.</persname> "Where he was: Memories of my father" </item>
                     <item>
                        <persname>Cheever, John.</persname> "The fourth alarm" </item>
                     <item>
                        <persname>Exley, Frederick.</persname> "The time I shot my sister" </item>
                     <item>
                        <persname>Harris, Mark.</persname> "Ida Mae Low" </item>
                     <item>
                        <persname>Harrison, James.</persname> "Legends of the fall" </item>
                     <item>
                        <persname>Kazin, Alfred.</persname> "re: Maureen Howard &amp; fiction from China" </item>
                     <item>
                        <persname>Malamud, Bernard.</persname> "A lost grave" </item>
                     <item>
                        <persname>Michaels, Leonard.</persname> "The men's club" </item>
                     <item>
                        <persname>Miller, Arthur.</persname> "White puppies" </item>
                     <item>
                        <persname>Mooney, Ted.</persname> "The salt wife" </item>
                     <item>
                        <persname>Salter, James.</persname> "Geese" </item>
                     <item>
                        <persname>Southern, Terry.</persname> "A hustle not wholly devoid…" </item>
                     <item>
                        <persname>Spencer, Elizabeth.</persname> "A college education." </item>
                     <item>
                        <persname>Stone, Robert.</persname> "Not for love" </item>
                     <item>
                        <persname>Styron, William.</persname> "Shadrach" </item>
                     <item>
                        <persname>Styron, William.</persname> "Sophie's choice" </item>
                     <item>
                        <persname>Updike, John Hoyer.</persname> "The lucid eye in Silver Town" </item>
                     <item>
                        <persname>Wolff, Tobias.</persname> "re: Raymond Carver" </item>
                     <item>
                        <persname>Yates, Richard.</persname> "The right" </item>
                  </list>
               </note>
            </did>
         </c01>
         <c01 id="VAD3415-00003" level="series">
            <did>
               <unittitle>III. Books</unittitle>
               <container label="Box" type="Box">2</container>
               <note>
                  <p>Includes materials relating to books edited by Hills: <emph render="italic">Armchair Esquire; Great Esquire fiction: The finest
                                stories from the first fifty years</emph> (2 folders); and, <emph render="italic">Writer's Choice</emph> (2 folders)</p>
               </note>
            </did>
            <note>
               <list>
                  <item/>
               </list>
            </note>
         </c01>
         <c01 id="VAD3415-00004" level="series">
            <did>
               <container label="Box" type="Box">2 and 3</container>
               <unittitle>IV. Magazines</unittitle>
               <note>
                  <p>Hills's files for <emph render="italic">Audience,</emph>
                     <emph render="italic">Esquire,</emph> and <emph render="italic">Saturday
                                Evening Post</emph>. Includes interoffice memos, production
                            materials, Hills's columns and articles, etc. (25 folders)</p>
               </note>
            </did>
         </c01>
         <c01 id="VAD3415-00005" level="series">
            <did>
               <container label="Box" type="Box">3</container>
               <unittitle>V. Symposia, etc.</unittitle>
               <note>
                  <p>Includes: brochures, press releases, correspondence with local
                            arrangements persons, photographs, programs, bills, printed ads and
                            related clippings</p>
               </note>
            </did>
            <c02 id="VAD3415-00006" level="file">
               <did>
                  <unittitle>Associated Writing Programs</unittitle>
               </did>
            </c02>
            <c02 id="VAD3415-00007" level="otherlevel">
               <did>
                  <unittitle>Esquire symposia:</unittitle>
               </did>
               <c03 id="VAD3415-00008" level="file">
                  <did>
                     <unittitle>
                        <unitdate normal="1958-10-09/1958-10-10" type="inclusive">1958, Oct. 9-10. </unitdate>Columbia University</unittitle>
                  </did>
               </c03>
               <c03 id="VAD3415-00009" level="file">
                  <did>
                     <unittitle>
                        <unitdate normal="1959-12-04/1959-12-05" type="inclusive">1959, Dec. 4-5. </unitdate>Iowa University (2
                                folders)</unittitle>
                  </did>
               </c03>
               <c03 id="VAD3415-00010" level="file">
                  <did>
                     <unittitle>
                        <unitdate normal="1960-10-20/1960-10-22" type="inclusive">1960, Oct. 20-22. </unitdate>San Francisco</unittitle>
                  </did>
               </c03>
               <c03 id="VAD3415-00011" level="file">
                  <did>
                     <unittitle>
                        <unitdate normal="1961-10-27/1961-10-28" type="inclusive">1961, Oct. 27-28. </unitdate>University of Michigan (2
                                folders)</unittitle>
                  </did>
               </c03>
               <c03 id="VAD3415-00012" level="file">
                  <did>
                     <unittitle>
                        <unitdate normal="1963-04-19/1963-04-20" type="inclusive">1963, Apr. 19-20. </unitdate>Princeton University (2
                                folders)</unittitle>
                  </did>
               </c03>
            </c02>
            <c02 id="VAD3415-00013" level="file">
               <did>
                  <unittitle>Radio broadcast</unittitle>
               </did>
            </c02>
            <c02 id="VAD3415-00014" level="file">
               <did>
                  <unittitle>New York City Writer's Conference. <unitdate normal="1961-07-11/1961-07-21" type="inclusive">1961, July
                            11-21</unitdate>
                  </unittitle>
               </did>
            </c02>
         </c01>
         <c01 id="VAD3415-00015" level="series">
            <did>
               <container label="Box" type="Box">4</container>
               <unittitle>VI. Miscellaneous</unittitle>
               <note>
                  <p>Includes several magazines with articles by or about Hills</p>
               </note>
            </did>
         </c01>
         <c01 id="VAD3415-00016" level="series">
            <did>
               <unittitle>VII. Audio Tapes</unittitle>
               <note>
                  <p>BADLY DETERIORATED. CONSULT CURATOR OF MANUSCRIPTS BEFORE PLAYING.</p>
               </note>
            </did>
            <c02 id="VAD3415-00017" level="otherlevel">
               <did>
                  <unittitle>Tapes:</unittitle>
               </did>
               <note>
                  <list>
                     <item>1-7. Esquire Symposium at Columbia, <date normal="1958-10-17">Oct. 17, 1958 </date>(4 reels of First Session and 3 reels of Second Session)</item>
                     <item>8-14. Esquire Symposium at Columbia. "Transcription made here in office of original Columbia Symposium tapes, which were sent to Winkler for his broadcast" (7 reels in unmarked white boxes)</item>
                     <item>15-23. Esquire Symposium at Iowa, <date normal="1959-12-04/1959-12-05">Dec. 4-5, 1959 </date>(9 reels)</item>
                     <item>24-27. Baldwin [James Baldwin at Esquire Symposium in San Francisco, <date normal="1960-10-20/1960-10-22">Oct. 20-22, 1960?] </date>(4 reels)</item>
                     <item>28-30. Esquire Symposium at Ann Arbor, Michigan, <date normal="1961-10-27/1961-10-28">Oct. 27-28, 1961 </date>(3 reels)</item>
                     <item>31. Esquire Symposium at Ann Arbor, Michigan, marked: "Writer's Conference luncheon - Univ. of Mich. Saturday noon <date normal="1961-10-28">10/28/61"</date>
                     </item>
                     <item>32-35. Esquire Symposium at Ann Arbor, Michigan?? (4 reels. Note: "tapes of Ann Arbor symposium returned to AG by Voices people in Michigan")</item>
                     <item>36. Esquire Symposium, L. Murray - Arnold Gingrich interview, radio station at time of Ann Arbor symposium  <date normal="1961-10"> [Oct, 1961]</date>
                     </item>
                     <item>37-38. Esquire Symposium, at Princeton, <date normal="1963-04-09/1963-04-20">Apr. 19-20, 1963</date>, marked: "Response - Murray - Prose II, Saturday 3:30 PM - Arnold Gingrich, Warren, Malamud, Albee" (2 reels)</item>
                     <item>39-42. Esquire Symposium at Princeton, marked: "Response, Friday night, <date normal="1963-04-19">19 Apr. 1963</date>..." (4 reels)</item>
                     <item>43. Sealed tape marked: "Tape of Arnold Gingrich interview" Postmarked <date normal="1961-12-20">Dec. 20, 1961</date>
                     </item>
                     <item>44. Unmarked tape in yellow Kodavox box</item>
                  </list>
               </note>
            </c02>
         </c01>
      </dsc>
   </archdesc>
</ead>
