<?xml version="1.0" encoding="utf-8"?>
<ead xmlns:xsi="http://www.w3.org/2001/XMLSchema-instance"
     xmlns:xlink="http://www.w3.org/1999/xlink"
     xmlns="urn:isbn:1-931666-22-9"
     xsi:schemaLocation="urn:isbn:1-931666-22-9 http://www.loc.gov/ead/ead.xsd"><!--The following section is header information for web display of the finding
                aid-->
   <eadheader relatedencoding="dublincore"
              audience="external"
              langencoding="iso639-2b"
              scriptencoding="iso15924"
              repositoryencoding="iso15511"
              countryencoding="iso3166-1"
              dateencoding="iso8601"
              findaidstatus="edited-full-draft">
      <eadid encodinganalog="identifier"
             identifier="InU-Li-VAC1770"
             countrycode="US"
             mainagencycode="InU-Li">InU-Li-VAC1770</eadid>
      <filedesc>
         <titlestmt>
            <titleproper encodinganalog="title">Lewis
               mss., <date normal="1812/1815">1812-1815</date>
            </titleproper>
            <!--Encoder should customize subtitle:  A Guide to his/her
                                Papers/the Records at the Lilly Library-->
            <!-- Encoder should fill in author:  Finding aid prepared by
                                [...]-->
         </titlestmt>
         <publicationstmt>
            <publisher encodinganalog="publisher">Indiana University Digital Library
               Program</publisher>
            <date encodinganalog="date" normal="2011" type="copyright">© 2011</date>
         </publicationstmt>
         <!--Change date to date of first publication, change rights statement
                        if other entity claims rights over the finding aid (not the collection):  © 2009 Trustees of Indiana University.
                                    All rights reserved.-->
      </filedesc>
      <profiledesc>
         <creation> Finding aid data extracted from collection-level MARC record. <lb/>date of source: <date normal="2011">2011</date>
            <!-- For possible later use to extract 005 field.
                        date of source:    Fill in date from date of source
                            above:  YYYY-MM-DD-->
            <lb/>
            <!-- Encoder should fill in encoding information: Finding aid
                            encoded by [...], Lilly Library, Indiana University,  month dd, yyyy-->
         </creation>
         <langusage>Description is in <language encodinganalog="language" langcode="eng">English.</language>
         </langusage>
      </profiledesc>
      <revisiondesc>
         <change audience="internal">
            <date normal="2011-09-27"/>
            <item>Finding aid data extracted from collection-level MARC record.</item>
         </change>
         <change audience="internal">
            <date normal="2017-11-29">November 29, 2017</date>
            <item>Batch update to change subject links.</item>
         </change>
      </revisiondesc>
   </eadheader>
   <archdesc level="collection"
             audience="external"
             type="inventory"
             relatedencoding="marc21">
      <did>
         <head>Summary Information</head>
         <repository encodinganalog="852" label="Repository" id="lilly">
            <corpname source="lcnaf" normal="Lilly Library (Indiana University, Bloomington)">Lilly
               Library (Indiana University, Bloomington)</corpname>
            <address>
               <addressline>Indiana University</addressline>
               <addressline>1200 E. Seventh St.</addressline>
               <addressline>Bloomington, IN 47405-5500</addressline>
               <addressline>Phone: 812-855-2452</addressline>
               <addressline>Fax: 812-855-3143</addressline>
               <addressline>Email: liblilly@indiana.edu</addressline>
            </address>
            <lb/>
            <extref xlink:href="http://www.indiana.edu/~liblilly">http://www.indiana.edu/~liblilly</extref>
         </repository>
         <origination label="Creator">
            <persname encodinganalog="100"
                      source="lcnaf"
                      role="creator"
                      rules="AACR2R"> Lewis,
               Morgan, 1754-1844.</persname>
         </origination>
         <unittitle encodinganalog="245$a" type="collection" label="Title">Lewis mss.</unittitle>
         <unitdate type="inclusive" encodinganalog="245$f" normal="1812/1815">1812-1815.</unitdate>
         <!--If the source record
                        has an 099 field the Collection number will show up here and encoder can add unitid element  LMC 1651-->
         <unitid encodinganalog="099" label="Collection No.">LMC 1651</unitid>
         <physdesc label="Extent" encodinganalog="300">
            <extent encodinganalog="300$a">26 items.</extent>
         </physdesc>
         <langmaterial encodinganalog="546" label="Language">Materials are in <language langcode="eng">English</language>
         </langmaterial>
         <abstract encodinganalog="520" label="Abstract">Collection consists of letters by Morgan
            Lewis to his wife, Mrs. Getrude (Livingston) Lewis.</abstract>
      </did>
      <accessrestrict encodinganalog="506">
         <head>Access Restrictions</head>
         <p>This collection is open for research.</p>
      </accessrestrict>
      <bioghist encodinganalog="545">
         <head>Biographical Note</head>
         <p> Former governor of New York and major-general in the War of 1812. </p>
      </bioghist>
      <scopecontent encodinganalog="520">
         <head>Scope and Content Note</head>
         <p> Collection consists of letters by Morgan Lewis to his wife, Mrs. Getrude (Livingston)
            Lewis. The letters related to Lewis' military service under General Henry Dearborn at
            his headquarters in Albany, New York, in 1812, and on the Niagra frontier, and at
            Sackets Harbor, New York, in 1813; and under General James Wilkinson at Sackets Harbor
            and in the campaign against Montreal in 1813. </p>
      </scopecontent>
      <controlaccess>
         <head>Indexing Terms</head>
         <controlaccess>
            <head>Names</head>
            <list>
               <item>
                  <extref xlink:href="https://iucat.iu.edu/?q=&#34;lewis+morgan+correspondence&#34;&amp;search_field=subject_link">
                     <famname source="lcnaf"
                              rules="aacr2r"
                              role="subject"
                              encodinganalog="600">Lewis, Morgan, 1754-1844 --Correspondence.</famname>
                  </extref>
               </item>
               <item>
                  <extref xlink:href="https://iucat.iu.edu/?q=&#34;dearborn+henry&#34;&amp;search_field=subject_link">
                     <famname source="lcnaf"
                              rules="aacr2r"
                              role="subject"
                              encodinganalog="600">Dearborn,
                  Henry, 1751-1829.</famname>
                  </extref>
               </item>
               <item>
                  <extref xlink:href="https://iucat.iu.edu/?q=&#34;wilkinson+james&#34;&amp;search_field=subject_link">
                     <famname source="lcnaf"
                              rules="aacr2r"
                              role="subject"
                              encodinganalog="600">Wilkinson,
                  James, 1757-1825.</famname>
                  </extref>
               </item>
               <item>
                  <extref xlink:href="https://iucat.iu.edu/?q=&#34;lewis+morgan&#34;&amp;search_field=subject_link">
                     <persname source="lcnaf"
                               rules="aacr2r"
                               role="creator"
                               encodinganalog="100">Lewis,
                  Morgan, 1754-1844.</persname>
                  </extref>
               </item>
               <item>
                  <extref xlink:href="https://iucat.iu.edu/?q=&#34;lewis+gertrude+livingston&#34;&amp;search_field=subject_link">
                     <persname source="lcnaf"
                               rules="aacr2r"
                               role="creator"
                               encodinganalog="700">Lewis,
                  Gertrude Livingston.</persname>
                  </extref>
               </item>
            </list>
         </controlaccess>
         <controlaccess>
            <head>Places</head>
            <list>
               <item>
                  <extref xlink:href="https://iucat.iu.edu/?q=&#34;united+states+history+war+1812&#34;&amp;search_field=subject_link">
                     <geogname source="lcsh" rules="scm" role="subject" encodinganalog="651">United States --History --War of 1812.</geogname>
                  </extref>
               </item>
            </list>
         </controlaccess>
      </controlaccess>
      <descgrp>
         <head>Administrative Information</head>
         <acqinfo encodinganalog="541">
            <head>Acquisition Information</head>
            <p> Acquired: 1953. </p>
         </acqinfo>
         <userestrict encodinganalog="540">
            <head>Usage Restrictions</head>
            <p> Photocopying permitted only with the permission of the Curator of Manuscripts, Lilly
               Library. </p>
         </userestrict>
         <prefercite encodinganalog="524">
            <head>Preferred Citation</head>
            <p> Lewis mss., Lilly Library, Indiana University, Bloomington, Indiana. </p>
         </prefercite>
         <!--Encoder should add processing information
                    -->
      </descgrp>
      <dsc>
         <c01 id="VAC1770-00001" level="series">
            <did>
               <unittitle>Collection</unittitle>
            </did>
            <dao xlink:href="http://purl.dlib.indiana.edu/iudl/lilly/mets/VAC1770-00001"/>
         </c01>
      </dsc>
   </archdesc>
</ead>
