<?xml version="1.0" encoding="utf-8"?>
<!-- Indiana University EAD template draft: 2003-Jan-2, 
    revised 2004-09-15 JLR; 
    revised fall 2006 and spring/summer 2007 JLR w/ EAD Working Group
    added repository code to /ead/archdesc/did/repository/@id, 4/1/09 JLR
-->
<ead xmlns="urn:isbn:1-931666-22-9"
     xmlns:xlink="http://www.w3.org/1999/xlink"
     xmlns:xsi="http://www.w3.org/2001/XMLSchema-instance"
     xsi:schemaLocation="urn:isbn:1-931666-22-9 http://www.loc.gov/ead/ead.xsd">
   <eadheader repositoryencoding="iso15511"
              langencoding="iso639-2b"
              audience="external"
              countryencoding="iso3166-1"
              dateencoding="iso8601"
              scriptencoding="iso15924"
              relatedencoding="dublincore"
              findaidstatus="edited-full-draft">
      <eadid countrycode="US"
             encodinganalog="identifier"
             mainagencycode="InU-Li"
             identifier="InU-Li-VAD5553">InU-Li-VAD5553</eadid>
      <!-- The value of eadid should follow the pattern of archive or library code, and then a unique number for the collection, e.g. InU-Li-VAA1234. Put this full identifier both in the identifier attribute and in the value of the eadid element. -->
      <!-- Generate a unique number for the collection at http://www.dlib.indiana.edu/cgi-bin/testtrackedit/filename.pl -->
      <filedesc><!-- This is a description of the electronic finding aid, not the original finding aid or the collection --><!-- Make title "The John Doe Papers, 1919-1965" rather than "The Papers of John Doe, 1919-1965" to eliminate 
                potential confusion about the meaning of the dates -->
         <titlestmt>
            <titleproper encodinganalog="title">Diamant, Alfred mss. <date normal="1917/2012" type="inclusive">1917-2012</date>
            </titleproper>
         </titlestmt>
         <publicationstmt>
            <publisher encodinganalog="publisher">Indiana University Digital Library
                    Program</publisher>
            <date encodinganalog="date" normal="2016" type="publication">© 2016</date>
         </publicationstmt>
         <notestmt><!-- Change date to date of first publication, change rights statement if other entity claims rights over the finding aid (not the collection)-->
            <note encodinganalog="rights">
               <p>
                  <date normal="2016">© 2016</date> Trustees of Indiana University. All rights
                        reserved.</p>
            </note>
         </notestmt>
      </filedesc>
      <profiledesc>
         <creation>XML finding aid derived from HTML version through cutting and pasting and
                through folder analysis. <date normal="2016" type="source">2016</date>
            <lb/>Finding aid encoded by Elizabeth Peters, Lilly Library, Indiana University,
                    <date normal="2016-02-05">February 05, 2016</date>
         </creation>
         <langusage>Description is in <language encodinganalog="language" langcode="eng">English.</language>
         </langusage>
      </profiledesc>
      <!-- revisiondesc is required -->
      <!-- record when the finding aid is completed in first change element, 
with subsequent changes
listed below the first -->
      <revisiondesc>
         <change audience="internal">
            <date normal="2016-02-05">February 05, 2016</date>
            <item>Encoded finding aid started.</item>
         </change>
         <change audience="internal">
            <date normal="2017-11-29">November 29, 2017</date>
            <item>Batch update to change subject links.</item>
         </change>
      </revisiondesc>
   </eadheader>
   <archdesc audience="external"
             level="collection"
             type="inventory"
             relatedencoding="marc21"><!-- The TYPE attribute can be used to categorize the finding aid as an inventory, register, or other format. -->
      <did>
         <head>Summary Information</head>
         <repository id="lilly" encodinganalog="852" label="Repository">
            <corpname source="lcnaf" normal="Lilly Library (Indiana University, Bloomington)">Lilly Library (Indiana University, Bloomington)</corpname>
            <address>
               <addressline>Lilly Library</addressline>
               <addressline>Indiana University</addressline>
               <addressline>1200 E. Seventh St.</addressline>
               <addressline>Bloomington, IN 47405-5500</addressline>
               <addressline>Phone: 812-855-2452</addressline>
               <addressline>Fax: 812-855-3143</addressline>
               <addressline>Email: liblilly@indiana.edu</addressline>
            </address>
         </repository>
         <origination label="Creator"><!-- Or <corpname encodinganalog="110">, <meeting encodinganalog="111">, with source="lcnaf" if appropriate -->
            <persname encodinganalog="100" source="lcnaf">Diamant, Alfred, 1917-2012.</persname>
         </origination>
         <!-- per RLG guidelines recommendation, do not nest unitdate element within unittitle element -->
         <unittitle encodinganalog="245$a" label="Title">Diamant, Alfred mss.</unittitle>
         <unitdate encodinganalog="245$f" normal="1917/2012" type="inclusive">1917-2012</unitdate>
         <!-- do not include separating punctuation between the unit title and the unit date.  The stylesheets will supply a comma where appropriate. -->
         <!-- unitdate may be repeated if both bulk and inclusive dates are recorded -->
         <!-- record the type of date - bulk or inclusive - in the type attribute. if date is bulk, change encodinganalog to 245$g -->
         <!-- recommended -->
         <unitid encodinganalog="099" label="Collection No.">LMC 2822</unitid>
         <physdesc encodinganalog="300" label="Extent">
            <extent>503 items</extent>
         </physdesc>
         <!-- if both linear feet and number of items included, repeat extent-->
         <!-- if collection includes signinficant non-english material add code to langmaterial element -->
         <langmaterial encodinganalog="546" label="Language">Materials are mostly in <language langcode="eng">English, </language>with some in <language langcode="ger">German.</language>
         </langmaterial>
         <abstract encodinganalog="520" label="Abstract">The Diamant, Alfred mss., 1917-2012,
                consist of the personal correspondence, emails, school records, military papers,
                birth and marriage certificates, and family trees of Alfred Diamant. It also
                includes various drafts and pre-publication copies of his and his wife's co-authored
                memoir <title render="italic">Worlds Apart, Worlds United: A European-American
                    Story</title>.</abstract>
      </did>
      <!-- required even if unrestricted -->
      <accessrestrict encodinganalog="506">
         <head>Access Restrictions</head>
         <p>This collection is open for research.</p>
      </accessrestrict>
      <!-- required; can be short -->
      <bioghist encodinganalog="545">
         <head>Biographical Note</head>
         <p>Alfred Diamant (1917-2012) was a professor at Indiana University from 1967-1988,
                serving as Chair of Political Science and West European Studies. He was born in
                Vienna, Austria on September 25 to a Slovakian Jewish merchant family and witnessed
                the rise of Nazism growing up. Unable to pursue a degree in history and teach due to
                Nazi legislation, Diamant initially entered the family textile business. After
                Kristallnacht in 1938 however, he sought ways to immigrate to the United States and
                finally succeeded in 1940. Diamant joined the military immediately after Pearl
                Harbor, fought and was wounded during the Allied invasion of Normandy on June 6th,
                1944. During the war, he also gained his citizenship and married his wife, Ann.</p>
         <p>After World War II, Diamant received his A.B. from Indiana University in 1947 and his
                PhD from Yale in 1957. He went on to teach and conduct research at the University of
                Florida (1950-1960), Haverford College (1960-1967), returning to Indiana University
                until his retirement (1967-1988). He also founded the Faculty Research Seminars in
                Comparative Administration and Development as well as participating in an eight year
                study on administration development with the Ford Foundation. Diamant devoted his
                professional academic career to studying political theory and comparative public
                administration, striving to answer the fundamental question of how social
                relationships affect the decisions and actions of political and social organizations
                and institutions.</p>
      </bioghist>
      <!--optional -->
      <arrangement encodinganalog="351">
         <head>Arrangement</head>
         <p>The collection is organized into the following series: I. Biographical; II.
                Correspondence; III. Writings.</p>
      </arrangement>
      <!-- required for collection level; optional for lower levels -->
      <scopecontent encodinganalog="520">
         <head>Scope and Content Note</head>
         <p>The Diamant, Alfred mss., 1917-2012, consist of the personal correspondence, emails,
                school records, military papers, birth and marriage certificates, and family trees
                of Alfred Diamant. It also includes various drafts and pre-publication copies of his
                and his wife's co-authored memoir <title render="italic">Worlds Apart, Worlds
                    United: A European-American Story</title>. Although he is best known for his
                academic contributions, Diamant mss. reflects Diamant's personal life more than his
                academic career. In particular, his early life in Vienna, military experience, and
                familial relationships and marriage are represented.</p>
      </scopecontent>
      <!-- recommended; this information would be included for marc amc record -->
      <!-- should include all personal and corporate names, and subject headings -->
      <controlaccess>
         <head>Indexing Terms</head>
         <controlaccess>
            <head>Names</head>
            <list>
               <item>
                  <extref xlink:href="https://iucat.iu.edu/?q=&#34;Diamant+Alfred+Correspondence&#34;&amp;search_field=subject_link">
                     <persname encodinganalog="600" source="lcnaf">Diamant, Alfred, 1917-2012
                                --Correspondence.</persname>
                  </extref>
               </item>
            </list>
         </controlaccess>
         <!-- <persname encodinganalog="600" source="lcnaf">[remove source attribute if name does not come from an authority file] </persname> -->
         <!-- <corpname encodinganalog="610" source="lcnaf">[remove source attribute if name does not come from an authority file]</corpname> -->
         <!--  <famname encodinganalog="600" source="lcnaf">[remove source attribute if name does not come from an authority file]</famname> -->
         <!--  <subject encodinganalog="650" source="lcsh"> </subject> -->
         <!--  <occupation encodinganalog="656" source="lcsh"> </occupation> -->
         <!--  <geogname encodinganalog="651" source="aacr2"> </geogname> -->
         <!-- <genreform encodinganalog="655" source="lcsh"> </genreform> -->
         <!-- <function encodinganalog="657" source="lcsh"/> -->
         <!-- <title encodinganalog="630"> </title> -->
      </controlaccess>
      <!-- optional, if applicable -->
      <relatedmaterial encodinganalog="544 1">
         <head>Related Material</head>
         <p>The <extref xlink:href="http://purl.dlib.indiana.edu/iudl/findingaids/archives/InU-Ar-VAD3919">Alfred Diamant papers, 1950-2010, bulk 1960-1996,</extref> are located at the
                University Archives, Indiana University, Bloomington, Indiana.</p>
      </relatedmaterial>
      <descgrp>
         <head>Administrative Information</head>
         <!-- required -->
         <acqinfo encodinganalog="541">
            <head>Acquisition Information</head>
            <p>Acquired: 2014</p>
         </acqinfo>
         <!-- required even if unrestricted -->
         <userestrict encodinganalog="540">
            <head>Usage Restrictions</head>
            <p>Prior arrangements are not necessary before coming to the Library, however,
                    patrons from out of town are encouraged to communicate with the Library in
                    advance of their visits to ascertain availability of materials.</p>
            <p>Photocopying permitted only with permission of the Curator of Manuscripts, Lilly
                    Library.</p>
         </userestrict>
         <!-- required -->
         <prefercite encodinganalog="524">
            <head>Preferred Citation</head>
            <p>[Item], Diamant, Alfred mss., Lilly Library, Indiana University, Bloomington,
                    Indiana.</p>
         </prefercite>
      </descgrp>
      <dsc type="combined"><!-- unittitle is the only required element within component --><!-- possible values for @level include: class, collection, file, fonds, item,
                otherlevel, recordgrp, series, subfonds, subgrp, subseries -->
         <c01 id="VAD5553-00001" level="series">
            <did><!-- add type="bulk" or type="inclusive" to unitdate if appropriate -->
               <unittitle>Biographical<unitdate normal="1917/2006" type="inclusive"/>
               </unittitle>
            </did>
            <c02 id="VAD5553-00002" level="subseries">
               <did><!-- optional -->
                  <container label="Box" type="box">1</container>
                  <!-- add type="bulk" or type="inclusive" to unitdate if appropriate -->
                  <unittitle>General Documents<unitdate normal="1917/2006" type="inclusive"/>
                  </unittitle>
               </did>
               <c03 id="VAD5553-00003" level="file">
                  <did>
                     <unittitle>
                        <unitdate normal="1917/2006" type="inclusive">1917-2006,
                                    undated</unitdate>
                     </unittitle>
                  </did>
               </c03>
            </c02>
            <c02 id="VAD5553-00004" level="subseries">
               <did>
                  <unittitle>Indiana Historical Society<unitdate normal="1994/2012" type="inclusive"/>
                  </unittitle>
               </did>
               <c03 id="VAD5553-00005" level="file">
                  <did>
                     <unittitle>Deed of Gift Documents, <unitdate normal="1994/2012" type="inclusive">1994-2012</unitdate>
                     </unittitle>
                  </did>
               </c03>
            </c02>
            <c02 id="VAD5553-00006" level="subseries">
               <did>
                  <unittitle>Immigration Records</unittitle>
               </did>
               <c03 id="VAD5553-00007" level="item">
                  <did>
                     <unittitle>Union Postale Universelle</unittitle>
                  </did>
               </c03>
               <c03 id="VAD5553-00008" level="item">
                  <did>
                     <unittitle>Bundes-Polizeidirektion in Wien, Verkehrsamt Fuhrerschein
                                [Federal-Police Directorate in Vienna, Office of Driver's
                                License]</unittitle>
                  </did>
               </c03>
               <c03 id="VAD5553-00009" level="item">
                  <did>
                     <unittitle>Deutsches Reich Reisepass [German Passport]</unittitle>
                  </did>
               </c03>
               <c03 id="VAD5553-00010" level="item">
                  <did>
                     <unittitle>Amerikanisches Generalkonsulat Wein, Deutschland [General
                                American Consulate of Vienna, Germany]</unittitle>
                  </did>
               </c03>
               <c03 id="VAD5553-00011" level="item">
                  <did>
                     <unittitle>Kitchener Camp, Permit to Leave</unittitle>
                  </did>
               </c03>
               <c03 id="VAD5553-00012" level="item">
                  <did>
                     <unittitle>Kitchener Camp, Letter of Recommendation</unittitle>
                  </did>
               </c03>
               <c03 id="VAD5553-00013" level="item">
                  <did>
                     <unittitle>United States Certificate of Naturalization, Alfred
                                Diamant</unittitle>
                  </did>
               </c03>
            </c02>
            <c02 id="VAD5553-00014" level="subseries">
               <did>
                  <unittitle>Military Records<unitdate normal="1942/1986" type="inclusive"/>
                  </unittitle>
               </did>
               <c03 id="VAD5553-00015" level="file">
                  <did>
                     <unittitle>
                        <unitdate normal="1942/1986" type="inclusive">1942-1986</unitdate>
                     </unittitle>
                  </did>
               </c03>
            </c02>
            <c02 id="VAD5553-00016" level="subseries">
               <did>
                  <unittitle>School Records<unitdate normal="1930/1938" type="inclusive"/>
                  </unittitle>
               </did>
               <c03 id="VAD5553-00017" level="file">
                  <did>
                     <unittitle>
                        <unitdate normal="1930/1938" type="inclusive">1930-1938</unitdate>
                     </unittitle>
                  </did>
               </c03>
            </c02>
         </c01>
         <c01 id="VAD5553-00018" level="series">
            <did>
               <unittitle>Correspondence</unittitle>
            </did>
            <c02 id="VAD5553-00019" level="subseries">
               <did>
                  <unittitle>Diamant, Alice<unitdate normal="2006/2012" type="inclusive"/>
                  </unittitle>
               </did>
               <c03 id="VAD5553-00020" level="file">
                  <did>
                     <unittitle>
                        <unitdate normal="2006">2006</unitdate>
                     </unittitle>
                  </did>
               </c03>
               <c03 id="VAD5553-00021" level="file">
                  <did>
                     <unittitle>
                        <unitdate normal="2007">2007</unitdate>
                     </unittitle>
                  </did>
               </c03>
               <c03 id="VAD5553-00022" level="file">
                  <did>
                     <unittitle>
                        <unitdate normal="2008">2008</unitdate>
                     </unittitle>
                  </did>
               </c03>
               <c03 id="VAD5553-00023" level="file">
                  <did>
                     <unittitle>
                        <unitdate normal="2009">2009</unitdate>
                     </unittitle>
                  </did>
               </c03>
               <c03 id="VAD5553-00024" level="file">
                  <did>
                     <unittitle>
                        <unitdate normal="2010">2010</unitdate>
                     </unittitle>
                  </did>
               </c03>
               <c03 id="VAD5553-00025" level="file">
                  <did>
                     <unittitle>
                        <unitdate normal="2012">2012</unitdate>
                     </unittitle>
                  </did>
               </c03>
            </c02>
            <c02 id="VAD5553-00026" level="subseries">
               <did>
                  <unittitle>Diamant, Julia <unitdate normal="1945/1946" type="inclusive"/>
                  </unittitle>
               </did>
               <c03 id="VAD5553-00027" level="file">
                  <did>
                     <unittitle>
                        <unitdate normal="1945/1946" type="inclusive">1945-1946</unitdate>
                     </unittitle>
                  </did>
               </c03>
            </c02>
            <c02 id="VAD5553-00028" level="subseries">
               <did>
                  <unittitle>Immigration<unitdate normal="1938/1939" type="inclusive"/>
                  </unittitle>
               </did>
               <c03 id="VAD5553-00029" level="file">
                  <did>
                     <unittitle>
                        <unitdate normal="1938/1939" type="inclusive">1938-1939</unitdate>
                     </unittitle>
                  </did>
               </c03>
            </c02>
            <c02 id="VAD5553-00030" level="subseries">
               <did>
                  <unittitle>Personal<unitdate normal="1939/1941" type="inclusive"/>
                  </unittitle>
               </did>
               <c03 id="VAD5553-00031" level="file">
                  <did>
                     <unittitle>
                        <unitdate normal="1939/1941" type="inclusive">1939-1941</unitdate>
                     </unittitle>
                  </did>
               </c03>
            </c02>
            <c02 id="VAD5553-00032" level="subseries">
               <did>
                  <unittitle>Writings</unittitle>
               </did>
               <c03 id="VAD5553-00033" level="file">
                  <did>
                     <unittitle>Original Manuscript</unittitle>
                  </did>
                  <c04 id="VAD5553-00034" level="file">
                     <did>
                        <unittitle>Editor's Remarks</unittitle>
                     </did>
                  </c04>
                  <c04 id="VAD5553-00035" level="file">
                     <did>
                        <unittitle>Publishers/Correspondence</unittitle>
                     </did>
                  </c04>
               </c03>
               <c03 id="VAD5553-00036" level="file">
                  <did>
                     <unittitle>May 2003 Manuscript<unitdate normal="2003-05"/>
                     </unittitle>
                  </did>
                  <c04 id="VAD5553-00037" level="file">
                     <did>
                        <unittitle>Double Spaced Version<unitdate normal="2003-05"/>
                        </unittitle>
                     </did>
                  </c04>
               </c03>
               <c03 id="VAD5553-00038" level="file">
                  <did>
                     <unittitle>Sep. 2005 Manuscript<unitdate normal="2005-09"/>
                     </unittitle>
                  </did>
               </c03>
               <c03 id="VAD5553-00039" level="file">
                  <did>
                     <unittitle>Prepublication Manuscript<unitdate normal="2007-03"/>
                     </unittitle>
                  </did>
                  <c04 id="VAD5553-00040" level="file">
                     <did>
                        <unittitle>March 2007, Copy 2<unitdate normal="2007-03"/>
                        </unittitle>
                     </did>
                  </c04>
               </c03>
               <c03 id="VAD5553-00041" level="file">
                  <did>
                     <unittitle>First Galley Proofs<unitdate normal="2009-08"/>
                     </unittitle>
                  </did>
                  <c04 id="VAD5553-00042" level="file">
                     <did>
                        <unittitle>
                           <unitdate normal="2009-08">August
                                    2009</unitdate>
                        </unittitle>
                     </did>
                  </c04>
               </c03>
            </c02>
         </c01>
         <c01 id="VAD5553-00043" level="series">
            <did>
               <unittitle>Writings</unittitle>
            </did>
            <c02 id="VAD5553-00044" level="file">
               <did>
                  <unittitle>Publishing Guide</unittitle>
               </did>
            </c02>
            <c02 id="VAD5553-00045" level="subseries">
               <did>
                  <unittitle>Original Manuscript</unittitle>
               </did>
               <c03 id="VAD5553-00046" level="item">
                  <did>
                     <unittitle>Ch. 1</unittitle>
                  </did>
               </c03>
               <c03 id="VAD5553-00047" level="item">
                  <did>
                     <unittitle>Ch. 2</unittitle>
                  </did>
               </c03>
               <c03 id="VAD5553-00048" level="item">
                  <did>
                     <unittitle>Ch. 3</unittitle>
                  </did>
               </c03>
               <c03 id="VAD5553-00049" level="item">
                  <did>
                     <unittitle>Ch. 4</unittitle>
                  </did>
               </c03>
               <c03 id="VAD5553-00050" level="item">
                  <did>
                     <unittitle>Ch. 5</unittitle>
                  </did>
               </c03>
               <c03 id="VAD5553-00051" level="item">
                  <did>
                     <unittitle>Ch. 6</unittitle>
                  </did>
               </c03>
               <c03 id="VAD5553-00052" level="item">
                  <did>
                     <unittitle>Ch. 7</unittitle>
                  </did>
               </c03>
               <c03 id="VAD5553-00053" level="item">
                  <did>
                     <unittitle>Ch. 8</unittitle>
                  </did>
               </c03>
               <c03 id="VAD5553-00054" level="item">
                  <did>
                     <unittitle>Ch. 9</unittitle>
                  </did>
               </c03>
               <c03 id="VAD5553-00055" level="item">
                  <did>
                     <unittitle>Ch. 10</unittitle>
                  </did>
               </c03>
               <c03 id="VAD5553-00056" level="item">
                  <did>
                     <unittitle>Ch. 11</unittitle>
                  </did>
               </c03>
               <c03 id="VAD5553-00057" level="item">
                  <did>
                     <unittitle>Ch. 12</unittitle>
                  </did>
               </c03>
               <c03 id="VAD5553-00058" level="item">
                  <did>
                     <unittitle>Ch. 13</unittitle>
                  </did>
               </c03>
               <c03 id="VAD5553-00059" level="item">
                  <did>
                     <unittitle>Ch. 14</unittitle>
                  </did>
               </c03>
               <c03 id="VAD5553-00060" level="item">
                  <did>
                     <unittitle>Ch. 15</unittitle>
                  </did>
               </c03>
               <c03 id="VAD5553-00061" level="item">
                  <did>
                     <unittitle>Ch. 16</unittitle>
                  </did>
               </c03>
               <c03 id="VAD5553-00062" level="item">
                  <did>
                     <container label="Box" type="box">2</container>
                     <unittitle>Our Life Together: Ann's Story</unittitle>
                  </did>
               </c03>
               <c03 id="VAD5553-00063" level="item">
                  <did>
                     <unittitle>Part I: Content Table and Introduction</unittitle>
                  </did>
               </c03>
               <c03 id="VAD5553-00064" level="item">
                  <did>
                     <unittitle>Part I: Introduction</unittitle>
                  </did>
               </c03>
               <c03 id="VAD5553-00065" level="item">
                  <did>
                     <unittitle>Part III: Ann Ch.'s 5-10, Handwritten</unittitle>
                  </did>
               </c03>
               <c03 id="VAD5553-00066" level="item">
                  <did>
                     <unittitle>Part III: Ann Ch.'s 5-10, Typed</unittitle>
                  </did>
               </c03>
               <c03 id="VAD5553-00067" level="item">
                  <did>
                     <unittitle>Part IV: Freddy Ch.'s 11-15, Typed (2 folders)</unittitle>
                  </did>
               </c03>
               <c03 id="VAD5553-00068" level="item">
                  <did>
                     <unittitle>Part IV: Freddy's Ch.'s 11-15, Handwritten</unittitle>
                  </did>
               </c03>
               <c03 id="VAD5553-00069" level="item">
                  <did>
                     <unittitle>Part V: Conclusion, Typed Draft (2 folders)</unittitle>
                  </did>
               </c03>
               <c03 id="VAD5553-00070" level="item">
                  <did>
                     <unittitle>Ch. 1: Ann, Written Draft (2 folders)</unittitle>
                  </did>
               </c03>
               <c03 id="VAD5553-00071" level="item">
                  <did>
                     <unittitle>Ch. 2: Freddy, Typed and Written Drafts</unittitle>
                  </did>
               </c03>
               <c03 id="VAD5553-00072" level="item">
                  <did>
                     <unittitle>Ch. 3: Freddy, Typed and Written Drafts</unittitle>
                  </did>
               </c03>
               <c03 id="VAD5553-00073" level="item">
                  <did>
                     <unittitle>Ch. 4: Ann/Freddy, Typed and Written Drafts</unittitle>
                  </did>
               </c03>
               <c03 id="VAD5553-00074" level="item">
                  <did>
                     <unittitle>Ann-MS Indiana Years, 1967-1990, Written Drafts</unittitle>
                  </did>
               </c03>
               <c03 id="VAD5553-00075" level="item">
                  <did>
                     <unittitle>Chapters 1-4, Typed by Ann, Front Folder Matter</unittitle>
                  </did>
               </c03>
               <c03 id="VAD5553-00076" level="item">
                  <did>
                     <unittitle>Chapters 1-4, Typed by Ann (2 folders)</unittitle>
                  </did>
               </c03>
            </c02>
            <c02 id="VAD5553-00077" level="subseries">
               <did>
                  <container label="Box" type="box">3</container>
                  <unittitle>1990's Manuscript<unitdate normal="1990/1999" type="inclusive"/>
                  </unittitle>
               </did>
               <c03 id="VAD5553-00078" level="item">
                  <did>
                     <unittitle>Introduction and Ch. 1<unitdate normal="1990/1999" type="inclusive"/>
                     </unittitle>
                  </did>
               </c03>
               <c03 id="VAD5553-00079" level="item">
                  <did>
                     <unittitle>Ch. 2<unitdate normal="1990/1999" type="inclusive"/>
                     </unittitle>
                  </did>
               </c03>
               <c03 id="VAD5553-00080" level="item">
                  <did>
                     <unittitle>Ch. 3<unitdate normal="1990/1999" type="inclusive"/>
                     </unittitle>
                  </did>
               </c03>
               <c03 id="VAD5553-00081" level="item">
                  <did>
                     <unittitle>Ch. 4<unitdate normal="1990/1999" type="inclusive"/>
                     </unittitle>
                  </did>
               </c03>
               <c03 id="VAD5553-00082" level="item">
                  <did>
                     <unittitle>Ch. 5<unitdate normal="1990/1999" type="inclusive"/>
                     </unittitle>
                  </did>
               </c03>
               <c03 id="VAD5553-00083" level="item">
                  <did>
                     <unittitle>Ch. 6<unitdate normal="1990/1999" type="inclusive"/>
                     </unittitle>
                  </did>
               </c03>
               <c03 id="VAD5553-00084" level="item">
                  <did>
                     <unittitle>Ch. 7<unitdate normal="1990/1999" type="inclusive"/>
                     </unittitle>
                  </did>
               </c03>
               <c03 id="VAD5553-00085" level="item">
                  <did>
                     <unittitle>Ch. 8<unitdate normal="1990/1999" type="inclusive"/>
                     </unittitle>
                  </did>
               </c03>
               <c03 id="VAD5553-00086" level="item">
                  <did>
                     <unittitle>Ch. 9<unitdate normal="1990/1999" type="inclusive"/>
                     </unittitle>
                  </did>
               </c03>
               <c03 id="VAD5553-00087" level="item">
                  <did>
                     <unittitle>Ch. 10<unitdate normal="1990/1999" type="inclusive"/>
                     </unittitle>
                  </did>
               </c03>
               <c03 id="VAD5553-00088" level="item">
                  <did>
                     <unittitle>Ch. 11<unitdate normal="1990/1999" type="inclusive"/>
                     </unittitle>
                  </did>
               </c03>
               <c03 id="VAD5553-00089" level="item">
                  <did>
                     <unittitle>Ch. 12<unitdate normal="1990/1999" type="inclusive"/>
                     </unittitle>
                  </did>
               </c03>
               <c03 id="VAD5553-00090" level="item">
                  <did>
                     <unittitle>Ch. 13-14<unitdate normal="1990/1999" type="inclusive"/>
                     </unittitle>
                  </did>
               </c03>
               <c03 id="VAD5553-00091" level="item">
                  <did>
                     <unittitle>Ch. 15<unitdate normal="1990/1999" type="inclusive"/>
                     </unittitle>
                  </did>
               </c03>
               <c03 id="VAD5553-00092" level="item">
                  <did>
                     <unittitle>Ch. 16<unitdate normal="1990/1999" type="inclusive"/>
                     </unittitle>
                  </did>
               </c03>
            </c02>
            <c02 id="VAD5553-00093" level="subseries">
               <did>
                  <unittitle>May 2003 Manuscript<unitdate normal="2003-05"/>
                  </unittitle>
               </did>
               <c03 id="VAD5553-00094" level="item">
                  <did>
                     <unittitle>Single Spaced Version<unitdate normal="2003-05"/>
                     </unittitle>
                  </did>
               </c03>
               <c03 id="VAD5553-00095" level="item">
                  <did>
                     <unittitle>Double Spaced Version (2 folders)<unitdate normal="2003-05"/>
                     </unittitle>
                  </did>
               </c03>
            </c02>
            <c02 id="VAD5553-00096" level="subseries">
               <did>
                  <unittitle>Sep. 2005 Manuscript<unitdate normal="2005-09"/>
                  </unittitle>
               </did>
               <c03 id="VAD5553-00097" level="item">
                  <did>
                     <unittitle>Sep. 2005 Manuscript (2 folders)<unitdate normal="2005-09"/>
                     </unittitle>
                  </did>
               </c03>
               <c03 id="VAD5553-00098" level="item">
                  <did>
                     <unittitle>Front Pocket Matter<unitdate normal="2005-09"/>
                     </unittitle>
                  </did>
               </c03>
               <c03 id="VAD5553-00099" level="item">
                  <did>
                     <unittitle>Back Pocket Matter<unitdate normal="2005-09"/>
                     </unittitle>
                  </did>
               </c03>
            </c02>
            <c02 id="VAD5553-00100" level="subseries">
               <did>
                  <container label="Box" type="box">4 (Oversize)</container>
                  <unittitle>Prepublication Manuscript, Mar. 2007<unitdate normal="2007-03"/>
                  </unittitle>
               </did>
               <c03 id="VAD5553-00101" level="item">
                  <did>
                     <unittitle>Copy 1<unitdate normal="2007-05"/>
                     </unittitle>
                  </did>
               </c03>
               <c03 id="VAD5553-00102" level="item">
                  <did>
                     <unittitle>Copy 2<unitdate normal="2007-05"/>
                     </unittitle>
                  </did>
               </c03>
               <c03 id="VAD5553-00103" level="item">
                  <did>
                     <unittitle>Copy 3<unitdate normal="2007-05"/>
                     </unittitle>
                  </did>
               </c03>
            </c02>
            <c02 id="VAD5553-00104" level="subseries">
               <did>
                  <container label="Box" type="box">3</container>
                  <unittitle>First Galley Proofs, <unitdate normal="2009-08">August
                                2009</unitdate>
                  </unittitle>
               </did>
               <c03 id="VAD5553-00105" level="item">
                  <did>
                     <unittitle>First Galley Proofs, August 2009 (2 folders)<unitdate normal="2009-08"/>
                     </unittitle>
                  </did>
               </c03>
               <c03 id="VAD5553-00106" level="item">
                  <did>
                     <unittitle>Front Pocket Matter<unitdate normal="2009-08"/>
                     </unittitle>
                  </did>
               </c03>
               <c03 id="VAD5553-00107" level="item">
                  <did>
                     <unittitle>Back Pocket Matter<unitdate normal="2009-08"/>
                     </unittitle>
                  </did>
               </c03>
            </c02>
            <c02 id="VAD5553-00108" level="subseries">
               <did>
                  <container label="Box" type="box">4 (Oversize)</container>
                  <unittitle>11.5" x 17.5" Family Trees</unittitle>
               </did>
               <c03 id="VAD5553-00109" level="item">
                  <did>
                     <unittitle>1. Descendants of Tunis Quick &amp; Susannah Records</unittitle>
                  </did>
               </c03>
               <c03 id="VAD5553-00110" level="item">
                  <did>
                     <unittitle>2. Descendants of James Hoagland Quick &amp; Martha Ellen
                                Vanskike</unittitle>
                  </did>
               </c03>
               <c03 id="VAD5553-00111" level="item">
                  <did>
                     <unittitle>3. Vanskike (Van Schoyk) Family Tree</unittitle>
                  </did>
               </c03>
               <c03 id="VAD5553-00112" level="item">
                  <did>
                     <unittitle>4. Everson Family Tree</unittitle>
                  </did>
               </c03>
               <c03 id="VAD5553-00113" level="item">
                  <did>
                     <unittitle>5. Descendants of George Washington Quick &amp; Anna Mae
                                Everson</unittitle>
                  </did>
               </c03>
               <c03 id="VAD5553-00114" level="item">
                  <did>
                     <unittitle>6. Descendants of Mary Louetta Quick &amp; Carl Hugh Redmon (1 of
                                6)</unittitle>
                  </did>
               </c03>
               <c03 id="VAD5553-00115" level="item">
                  <did>
                     <unittitle>7. Descendants of Mary Louetta Quick &amp; Carl Hugh Redmon (2 of
                                6)</unittitle>
                  </did>
               </c03>
               <c03 id="VAD5553-00116" level="item">
                  <did>
                     <unittitle>8. Descendants of Mary Louetta Quick &amp; Carl Hugh Redmon (3 of
                                6)</unittitle>
                  </did>
               </c03>
               <c03 id="VAD5553-00117" level="item">
                  <did>
                     <unittitle>9. Descendants of Mary Louetta Quick &amp; Carl Hugh Redmon (4 of
                                6)</unittitle>
                  </did>
               </c03>
               <c03 id="VAD5553-00118" level="item">
                  <did>
                     <unittitle>10. Descendants of Mary Louetta Quick &amp; Carl Hugh Redmon (5
                                of 6)</unittitle>
                  </did>
               </c03>
               <c03 id="VAD5553-00119" level="item">
                  <did>
                     <unittitle>11. Descendants of Mary Louetta Quick &amp; Carl Hugh Redmon (6
                                of 6)</unittitle>
                  </did>
               </c03>
               <c03 id="VAD5553-00120" level="item">
                  <did>
                     <unittitle>12. Descendants of Joesph Christopher Redmond &amp; Mary
                                Elizabeth King</unittitle>
                  </did>
               </c03>
               <c03 id="VAD5553-00121" level="item">
                  <did>
                     <unittitle>13. King Family Tree (1 of 2)</unittitle>
                  </did>
               </c03>
            </c02>
         </c01>
      </dsc>
   </archdesc>
</ead>
