<?xml version="1.0" encoding="utf-8"?>
<!-- Indiana University EAD template draft: 2003-Jan-2, 
    revised 2004-09-15 JLR; 
    revised fall 2006 and spring/summer 2007 JLR w/ EAD Working Group  -->
<ead xmlns="urn:isbn:1-931666-22-9"
     xmlns:xlink="http://www.w3.org/1999/xlink"
     xmlns:xsi="http://www.w3.org/2001/XMLSchema-instance"
     xsi:schemaLocation="urn:isbn:1-931666-22-9 http://www.loc.gov/ead/ead.xsd">
   <eadheader relatedencoding="dublincore"
              audience="external"
              langencoding="iso639-2b"
              scriptencoding="iso15924"
              repositoryencoding="iso15511"
              countryencoding="iso3166-1"
              dateencoding="iso8601"
              findaidstatus="edited-full-draft">
      <eadid encodinganalog="identifier"
             identifier="InU-Li-VAA8853"
             countrycode="US"
             mainagencycode="InU-Li">InU-Li-VAA8853</eadid>
      <!-- The value of eadid should follow the pattern of archive or library code, and then a 
unique number for the collection, e.g. InU-Li-VAA1234. Put this full identifier both in the identifier attribute and in the value of the eadid element. -->
      <!-- Generate a unique number for the collection at http://www.dlib.indiana.edu/cgi-bin/testtrackedit/filename.pl -->
      <filedesc><!-- This is a description of the electronic finding aid, not the 
original finding aid or the collection --><!-- Make title "The John Doe Papers, 1919-1965" rather than "The 
Papers of John Doe, 1919-1965" to eliminate 
                potential confusion about the meaning of the dates -->
         <titlestmt>
            <titleproper encodinganalog="title">Bentley mss. II, <date normal="1890/1965" type="inclusive">1890-1965</date>
            </titleproper>
         </titlestmt>
         <publicationstmt>
            <publisher encodinganalog="publisher">Indiana University Digital Library
                    Program</publisher>
            <date encodinganalog="date" normal="2008" type="publication">© 2008</date>
         </publicationstmt>
         <notestmt><!-- Change date to date of first publication, change rights statement if other entity claims rights over the finding aid (not the collection)-->
            <note encodinganalog="rights">
               <p>
                  <date normal="2007">© 2008</date> Trustees of Indiana University. All rights
                        reserved.</p>
            </note>
         </notestmt>
      </filedesc>
      <profiledesc>
         <creation><!--description of how the finding aid was created, for example: -->
                Machine-readable finding aid derived from HTML version through cutting and
                pasting.<lb/>date of source: <date normal="2007-02-21" type="source">February 21,
                    2007</date>
            <lb/>Finding aid encoded by Valerie Higgins, Library/Archives, Indiana University,
                    <date normal="2008-12-02">December 2, 2008</date>
         </creation>
         <langusage>Description is in <language encodinganalog="language" langcode="eng">English.</language>
         </langusage>
      </profiledesc>
      <!-- revisiondesc is required -->
      <!-- record when the finding aid is completed in first change element, 
with subsequent changes
listed below the first -->
      <revisiondesc>
         <change audience="internal">
            <date normal="2008-12-02"/>
            <item/>
         </change>
         <change audience="internal">
            <date normal="2017-11-29">November 29, 2017</date>
            <item>Batch update to change subject links.</item>
         </change>
      </revisiondesc>
   </eadheader>
   <archdesc level="collection"
             audience="external"
             type="inventory"
             relatedencoding="marc21"><!-- The TYPE attribute can be used to categorize the finding aid as an inventory, register, or other format. -->
      <did>
         <head>Summary Information</head>
         <repository encodinganalog="852" label="Repository:" id="lilly">
            <corpname source="lcnaf" normal="Lilly Library (Indiana University, Bloomington)">Lilly Library (Indiana University, Bloomington)</corpname>
            <address>
               <addressline>Indiana University</addressline>
               <addressline>1200 E. Seventh St.</addressline>
               <addressline>Bloomington, IN 47405-5500</addressline>
               <addressline>Phone: 812-855-2452</addressline>
               <addressline>Fax: 812-855-3143</addressline>
               <addressline>Email: liblilly@indiana.edu</addressline>
            </address>
            <lb/>
            <extref xlink:href="http://www.indiana.edu/~liblilly">http://www.indiana.edu/~liblilly</extref>
         </repository>
         <origination label="Creator"><!-- Or <corpname encodinganalog="110">, <meeting encodinganalog="111">, with source="lcnaf" if appropriate -->
            <persname source="lcnaf" encodinganalog="100">Bentley, Arthur Fisher,
                    1870-1957</persname>
         </origination>
         <!-- per RLG guidelines recommendation, do not nest unitdate element within
unittitle element -->
         <unittitle encodinganalog="245$a" label="Title">Bentley mss. II</unittitle>
         <unitdate normal="1890/1965" type="inclusive" encodinganalog="245$f">1890-1965</unitdate>
         <!-- do not include separating punctuation between the unit title and the unit
date.  The stylesheets will supply a comma where appropriate. -->
         <!-- unitdate may be repeated if both bulk and inclusive dates are recorded -->
         <!-- record the type of date - bulk or inclusive - in the type attribute. if date is bulk, change encodinganalog to 245$g -->
         <!-- recommended -->
         <unitid encodinganalog="099" label="Collection No.">LMC 1072</unitid>
         <physdesc encodinganalog="300" label="Extent">
            <extent>6,188 items</extent>
            <!-- if both linear feet and number of items included, repeat extent-->
         </physdesc>
         <!-- if collection includes signinficant non-english material add code to
langmaterial element -->
         <langmaterial encodinganalog="546" label="Language">Materials are in <language langcode="eng" encodinganalog="546">English</language>
         </langmaterial>
         <abstract encodinganalog="520" label="Abstract">The Bentley mss. II, 1890-1965, consists
                of the correspondence and writings of Arthur Fisher Bentley, 1870-1957, philosopher
                and author. </abstract>
      </did>
      <!-- required even if unrestricted -->
      <accessrestrict encodinganalog="506">
         <head>Access Restrictions</head>
         <p>This collection is open for research.</p>
      </accessrestrict>
      <!-- required; can be short -->
      <bioghist encodinganalog="545">
         <head>Biographical Note</head>
         <p>Arthur Fisher Bentley, 1870-1957, was a philosopher and author. Bentley received his
                Ph.D. from Johns Hopkins University in 1895. He wrote for the <emph render="italic">Chicago Times-Herald</emph> (later the <emph render="italic">Record-Herald</emph>) until 1910, when he retired to work and write at his
                orchard in Paoli, Indiana. During World War I, Bentley was a member of the Red
                Cross.</p>
      </bioghist>
      <!--optional -->
      <arrangement encodinganalog="351">
         <head>Arrangement</head>
         <p>The collection is organized into the following series: I. Correspondence; II.
                Writings; and, III. Miscellaneous.</p>
      </arrangement>
      <!-- required for collection level; optional for lower levels -->
      <scopecontent encodinganalog="520">
         <head>Scope and Content Note</head>
         <p>The Bentley mss. II, 1890-1965, consists of the correspondence, writings, and
                publication miscellanea of Arthur Fisher Bentley, 1870-1957, philosopher and author.
                Correspondents in the collection include: Charles Bentley, Hutchins Hapgood, and
                Neith Hapgood. There is also numerous correspondence between Bentley and his
                publishers, and with offices of the Red Cross (during the war years). Correspondence
                following Bentley's death is that of his widow, Imogene (Shaw) Bentley. The
                correspondence is arranged chronologically.</p>
      </scopecontent>
      <!-- recommended; this information would be included for marc amc record -->
      <!-- should include all personal and corporate names, and subject headings -->
      <controlaccess>
         <head>Indexing Terms</head>
         <p>The following terms have been used to index the description of this collection in
                    <extref xlink:href="http://www.iucat.iu.edu">IUCAT</extref>, the IU Libraries'
                online catalog. Materials about related topics, persons or places can be found by
                searching the catalog using these terms. </p>
         <controlaccess>
            <head>Names</head>
            <list>
               <item>
                  <extref xlink:href="https://iucat.iu.edu/?q=&#34;american+red+cross&#34;&amp;search_field=subject_link">
                     <corpname encodinganalog="610" source="lcnaf">American Red Cross.</corpname>
                  </extref>
               </item>
               <item>
                  <extref xlink:href="https://iucat.iu.edu/?q=&#34;bentley+arthur+fisher+1870+1957&#34;&amp;search_field=subject_link">
                     <persname encodinganalog="600" source="lcnaf">Bentley, Arthur Fisher,
                            1870-1957.</persname>
                  </extref>
               </item>
               <item>
                  <extref xlink:href="https://iucat.iu.edu/?q=&#34;bentley+arthur+fisher+1870+1957+correspondence&#34;&amp;search_field=subject_link">
                     <persname encodinganalog="600" source="lcnaf">Bentley, Arthur Fisher,
                            1870-1957 --Correspondence.</persname>
                  </extref>
               </item>
               <item>
                  <extref xlink:href="https://iucat.iu.edu/?q=&#34;bentley+imogene+shaw+1876+1969&#34;&amp;search_field=subject_link">
                     <persname encodinganalog="700" source="lcnaf">Bentley, Imogene Shaw,
                            1876-1969.</persname>
                  </extref>
               </item>
               <item>
                  <extref xlink:href="https://iucat.iu.edu/?q=&#34;hapgood+hutchins+1869+1944&#34;&amp;search_field=subject_link">
                     <persname encodinganalog="700" source="lcnaf">Hapgood, Hutchins,
                            1869-1944.</persname>
                  </extref>
               </item>
               <item>
                  <extref xlink:href="https://iucat.iu.edu/?q=&#34;boyce+neith+1872+1951&#34;&amp;search_field=subject_link">
                     <persname encodinganalog="700" source="lcnaf">Boyce, Neith,
                            1872-1951.</persname>
                  </extref>
               </item>
               <item>
                  <extref xlink:href="https://iucat.iu.edu/?q=&#34;steffens+lincoln+1866+1936&#34;&amp;search_field=subject_link">
                     <persname encodinganalog="700" source="lcnaf">Steffens, Lincoln,
                            1866-1936.</persname>
                  </extref>
               </item>
               <item>
                  <extref xlink:href="https://iucat.iu.edu/?q=&#34;bentley+charles+frederick+1843&#34;&amp;search_field=subject_link">
                     <persname encodinganalog="700" source="lcnaf">Bentley, Charles Frederick,
                            1843-.</persname>
                  </extref>
               </item>
            </list>
         </controlaccess>
         <controlaccess>
            <head>Topics</head>
            <list>
               <item>
                  <extref xlink:href="https://iucat.iu.edu/?q=&#34;philosophers+correspondence&#34;&amp;search_field=subject_link">
                     <subject encodinganalog="650" source="lcsh">Philosophers
                            --Correspondence.</subject>
                  </extref>
               </item>
               <item>
                  <extref xlink:href="https://iucat.iu.edu/?q=&#34;social+sciences+philosophy&#34;&amp;search_field=subject_link">
                     <subject encodinganalog="650" source="lcsh">Social sciences
                            --Philosophy</subject>
                  </extref>
               </item>
            </list>
         </controlaccess>
      </controlaccess>
      <!-- optional, if applicable -->
      <relatedmaterial encodinganalog="544 1">
         <head>Related Material</head>
         <p>Bentley mss.; also located at the Lilly Library, Indiana University, Bloomington,
                Indiana.</p>
      </relatedmaterial>
      <descgrp>
         <head>Administrative Information</head>
         <!-- required -->
         <acqinfo encodinganalog="541">
            <head>Acquisition Information</head>
            <p>Gift, 1972.</p>
         </acqinfo>
         <!-- required even if unrestricted -->
         <userestrict encodinganalog="540">
            <head>Usage Restrictions</head>
            <p>Photocopying permitted only with permission of the Curator of Manuscripts, Lilly
                    Library.</p>
         </userestrict>
         <!-- required -->
         <prefercite encodinganalog="524">
            <head>Preferred Citation</head>
            <p>[Item], Bentley mss. II, Lilly Library, Indiana University, Bloomington,
                    Indiana.</p>
         </prefercite>
      </descgrp>
      <dsc type="combined"><!-- unittitle is the only required element within component --><!-- possible values for @level include: class, collection, file, fonds, item,
                otherlevel, recordgrp, series, subfonds, subgrp, subseries -->
         <c01 level="series">
            <did><!-- optional -->
               <unittitle>Correspondence</unittitle>
            </did>
            <c02 level="otherlevel" otherlevel="Index">
               <did>
                  <unittitle>Partial Index of Correspondents</unittitle>
               </did>
               <note>
                  <list>
                     <item>
                        <persname>Bentley, Arthur Fisher, 1870-1957</persname> to
                                    <persname>Hapgood, Hutchins</persname>
                        <list>
                           <item>
                              <date normal="1894-10-01">1894, Oct. 1</date> (4 copies -
                                        all incomplete) </item>
                           <item>
                              <date normal="1912-03-28">1912, Mar. 28</date>
                                        (copy)</item>
                           <item>
                              <date normal="1917-03-01">1917, Mar. 1</date>
                                        (copy)</item>
                           <item>
                              <date normal="1919-02-15">1919, Feb. 15</date> (copy);
                                            <date normal="1919-03-01">Mar. 1</date> (copy)</item>
                           <item>
                              <date normal="1928-06-11">1928, June 11</date> (copy);
                                            <date normal="1928-12-22">Dec. 22</date> (copy)</item>
                           <item>
                              <date normal="1930-10-06">1930, Oct. 6</date>
                                        (copy)</item>
                           <item>
                              <date normal="1932">1932</date> (copy)</item>
                           <item>
                              <date normal="1934-03-27">1934, Mar. 27</date>
                                        (copy)</item>
                           <item>
                              <date normal="1938-01-17">1938, Jan. 17</date> (copy);
                                            <date normal="1938-01-20">1938, Jan. 20</date> (copy);
                                            <date normal="1938-07-28">July 28</date> (copy)</item>
                           <item>
                              <date normal="1939-01-06">1939, Jan. 6;</date>
                              <date normal="1939-02-18">Feb. 18,</date>
                              <date normal="1939-02-27">27;</date>
                              <date normal="1939-04-03">Apr. 3</date> (all copies)</item>
                           <item>
                              <date normal="1940-04-06">1940, Apr. 6</date> (copy);
                                            <date normal="1940-11-14">Nov. 14</date> (copy); <date normal="1940-07-08">1940, July 8</date> (copy)</item>
                           <item>
                              <date normal="1941-02-05">1941, Feb. 5,</date>
                              <date normal="1941-02-15">15,</date>
                              <date normal="1941-02-17">17</date> (all copies)</item>
                           <item>
                              <date normal="1942-10-05">1942, Oct. 5</date>
                                        (copy)</item>
                           <item>
                              <date normal="1943-06-09">1943, June 9,</date>
                              <date normal="1943-06-18">18;</date>
                              <date normal="1943-10-18">Oct. 18</date> (all copies)</item>
                           <item>
                              <date normal="1944-05-28">1944, May 28</date>
                                        (copy)</item>
                        </list>
                     </item>
                     <item>
                        <persname>Bentley, Arthur Fisher, 1870-1957</persname> to
                                    <persname>Hapgood, Neith</persname>
                        <list>
                           <item>
                              <date normal="1925-07-20">1925, July 20</date> (copy);
                                            <date normal="1925-09-10">Sept. 10</date> (copy)</item>
                           <item>
                              <date normal="1928-01-18">1928, Jan. 18</date>
                                        (copy)</item>
                           <item>
                              <date normal="1931-05-06">1931, May 6</date> (copy); <date normal="1931-12-21">Dec. 21</date> (copy)</item>
                           <item>
                              <date normal="1933-04-15">1933, Apr. 15</date>
                                        (copy)</item>
                           <item>
                              <date normal="1934-10-18">1934, Oct. 18</date>
                                        (copy)</item>
                           <item>
                              <date normal="1937-12-13">1937, Dec. 13</date>
                                        (copy)</item>
                           <item>
                              <date normal="1938-02-06">1938, Feb. 6</date>
                                        (copy)</item>
                           <item>
                              <date normal="1939-12-11">1939, Dec. 11</date>
                                        (copy)</item>
                           <item>
                              <date normal="1940-03-09">1940, Mar. 9</date>
                                        (copy)</item>
                           <item>
                              <date normal="1942-07-20">1942, July 20</date> (copy);
                                            <date normal="1942-10-18">Oct. 18</date> (copy)</item>
                           <item>
                              <date normal="1943-06-18">1943, June 18</date>
                                        (copy)</item>
                           <item>
                              <date normal="1944-01-12">1944, Jan. 12</date>
                                        (copy)</item>
                        </list>
                     </item>
                     <item>
                        <persname>Goldman, Emma,1869-1940</persname> to <persname>Bentley,
                                    Arthur Fisher</persname>
                        <list>
                           <item>
                              <date normal="1902-12-02">1902, Dec. 2</date>
                           </item>
                        </list>
                     </item>
                     <item>
                        <persname>Hapgood, Hutchins, 1869-1944</persname> to
                                    <persname>Bentley, Arthur Fisher</persname>
                        <list>
                           <item>
                              <date normal="1894-03-15">1894, Mar. 15;</date>
                              <date normal="1894-04-02">Apr. 2,</date>
                              <date normal="1894-04-05">5,</date>
                              <date normal="1894-04-17">17;</date>
                              <date normal="1894-05-12">May 12;</date>
                              <date normal="1894-06-01">June 1,</date>
                              <date normal="1894-06-25">25,</date>
                              <date normal="1894-06-27">27</date> (card); <date normal="1894-07-14">July 14,</date>
                              <date normal="1894-07-19">19;</date>
                              <date normal="1894-08-22">Aug. 22</date> (incomplete); <date normal="1894-09-16">Sept. 16,</date>
                              <date normal="1894-09-22">22;</date>
                              <date normal="1894-10-14">Oct. 14;</date>
                              <date normal="1894-11-04">Nov. 4</date> (copy), <date normal="1894-11-19">19;</date>
                              <date normal="1894">1894</date>
                           </item>
                           <item>
                              <date normal="1895-01-07">1895, Jan. 7;</date>
                              <date normal="1895-02-04">Feb. 4</date> (card); <date normal="1895-03-12">Mar. 12</date>
                           </item>
                           <item>
                              <date normal="1896-01-11">1896, Jan. 11;</date>
                              <date normal="1896-05-17">May 17;</date>
                              <date normal="1896-09-12">Sept. 12;</date>
                              <date normal="1896-10-06">Oct. 6,</date>
                              <date normal="1896-10-22">22;</date>
                              <date normal="1896">1896</date>
                           </item>
                           <item>
                              <date normal="1897-03-06">1897, Mar. 6,</date>
                              <date normal="1897-03-21">21;</date>
                              <date normal="1897-09-29">Sept. 29;</date>
                              <date normal="1897-10-08">Oct. 8</date>
                           </item>
                           <item>
                              <date normal="1898-07-03">1898, July 3</date>
                           </item>
                           <item>
                              <date normal="1899-09-24">1899, Sept. 24;</date>
                              <date normal="1899-11-05">Nov. 5,</date>
                              <date normal="1899-11-14">14</date>
                           </item>
                           <item>
                              <date normal="1900-09-08">1900, Sept. 8</date>
                           </item>
                           <item>
                              <date normal="1901-05-03">1901, May 3</date>
                           </item>
                           <item>
                              <date normal="1902-02-17">1902, Feb 17;</date>
                              <date normal="1902">1902</date> (3) </item>
                           <item>
                              <date normal="1903-01-30">1903, Jan. 30</date> (copy); <date normal="1903-02-18">Feb. 18</date> (copy); <date normal="1903-06-24">June 24;</date>
                              <date normal="1903-08-05">Aug 5;</date>
                              <date normal="1903-11-24">Nov. 24;</date>
                              <date normal="1903">1903</date>
                           </item>
                           <item>
                              <date normal="1904-04-08">1904, Apr. 8</date>
                           </item>
                           <item>
                              <date normal="1906-01-16">1906, Jan. 16;</date>
                              <date normal="1906-03-09">Mar. 9;</date>
                              <date normal="1906-04-24">Apr. 24;</date>
                              <date normal="1906-05-22">May 22;</date>
                              <date normal="1906-06-26">June 26;</date>
                              <date normal="1906-07-24">July 24;</date>
                              <date normal="1906-09-02">Sept. 2,</date>
                              <date normal="1906-09-22">22;</date>
                              <date normal="1906-10-15">Oct. 15;</date>
                              <date normal="1906-11-30">Nov. 30</date>
                           </item>
                           <item>
                              <date normal="1907-01-09">1907, Jan. 9;</date>
                              <date normal="1907-02-12">Feb. 12;</date>
                              <date normal="1907-03-20">Mar. 20,</date>
                              <date normal="1907-03-26">26,</date>
                              <date normal="1907-04-12">Apr. 12</date> (copy); <date normal="1907-05-18">May 18;</date>
                              <date normal="1907-06-27">June 27;</date>
                              <date normal="1907-07-19">19,</date>
                              <date normal="1907-07-29">29;</date>
                              <date normal="1907-08-10">Aug. 10,</date>
                              <date normal="1907-08-21">21;</date>
                              <date normal="1907-10-02">Oct. 2,</date>
                              <date normal="1907-10">Oct.;</date>
                              <date normal="1907-11-14">Nov. 14;</date>
                              <date normal="1907-12-09">Dec. 9</date>
                           </item>
                           <item>
                              <date normal="1908-01-07">1908, Jan. 7;</date>
                              <date normal="1908-05-27">May 27;</date>
                              <date normal="1908-06-24">June 24;</date>
                              <date normal="1908-07-05">July 5,</date>
                              <date normal="1908-07-22">22,</date>
                              <date normal="1908-07-28">28;</date>
                              <date normal="1908-08-28">Aug. 28;</date>
                              <date normal="1908-09-01">Sept. 1,</date>
                              <date normal="1908-09-09">9,</date>
                              <date normal="1908-09-19">19,</date>
                              <date normal="1908-09">Sept.;</date>
                              <date normal="1908-10-11">Oct. 11,</date>
                              <date normal="1908-10">Oct. (incomplete);</date>
                              <date normal="1908-11-07">Nov. 7,</date>
                              <date normal="1908-11-23">23,</date>
                              <date normal="1908-11-29">29</date>
                           </item>
                           <item>
                              <date normal="1909-05-25">1909, May 25;</date>
                              <date normal="1909-06-02">June 2,</date>
                              <date normal="1909-06-08">8,</date>
                              <date normal="1909-06-11">11,</date>
                              <date normal="1909-06-13">13,</date>
                              <date normal="1909-06-20">20,</date>
                              <date normal="1909-06-23">23,</date>
                              <date normal="1909-06-25">25;</date>
                              <date normal="1909-06">June;</date>
                              <date normal="1909">1909</date>
                           </item>
                           <item>
                              <date normal="1910-12-15">1910, Dec. 15</date>
                           </item>
                           <item>
                              <date normal="1910">1910</date>
                           </item>
                           <item>
                              <date normal="1911-07-02">1911, July 2</date>
                           </item>
                           <item>
                              <date normal="1913-01-19">1913, Jan. 19</date>
                           </item>
                           <item>
                              <date normal="1919-02-20">1919, Feb. 20;</date>
                              <date normal="1919-03-20">Mar. 20;</date>
                           </item>
                           <item>
                              <date normal="1923-05-06">1923, May 6</date>
                           </item>
                           <item>
                              <date normal="1924-07-17">1924, July 17</date>
                           </item>
                           <item>
                              <date normal="1925-01-04">1925, Jan. 4;</date>
                              <date normal="1925-06-15">June 15</date>
                           </item>
                           <item>
                              <date normal="1928-02-07">1928, Feb. 7;</date>
                              <date normal="1928-09-30">Sept. 30</date>
                           </item>
                           <item>
                              <date normal="1919-10-23">1929, Oct. 23</date>
                           </item>
                           <item>
                              <date normal="1930-08-19">1930, Aug. 19</date>
                           </item>
                           <item>
                              <date normal="1931-12-23">1931, Dec. 23</date> (post card) </item>
                           <item>
                              <date normal="1932-02-10">1932, Feb. 10;</date>
                              <date normal="1932-03-20">Mar. 20;</date>
                              <date normal="1932-04-14">Apr. 14;</date>
                              <date normal="1932-05-07">May 7;</date>
                              <date normal="1932-12-21">Dec. 21</date>
                           </item>
                           <item>
                              <date normal="1934-02-28">1934, Feb. 28</date>
                           </item>
                           <item>
                              <date normal="1935-01-28">1935, Jan. 28</date>
                           </item>
                           <item>
                              <date normal="1935">undated (17)</date>
                           </item>
                        </list>
                     </item>
                     <item>
                        <persname>Hapgood, Neith (Boyce), 1872-1951</persname> to
                                    <persname>Bentley, Arthur F.</persname>
                        <list>
                           <item>
                              <date normal="1915-01-20">1915, Jan. 20</date>
                           </item>
                           <item>
                              <date normal="1918-07-30">1918, July 30</date>
                           </item>
                           <item>
                              <date normal="1918">1918</date> fragment </item>
                           <item>
                              <date normal="1919-11-07">1919, Nov. 7</date>
                           </item>
                           <item>
                              <date normal="1925-01-04">1925, Jan. 4;</date>
                              <date normal="1925-03-23">Mar. 23;</date>
                              <date normal="1925-05-30">May 30;</date>
                              <date normal="1925-06-18">June 18</date>
                              <date normal="1925-09-03">Sept. 3</date>
                           </item>
                           <item>
                              <date normal="1928-02-11">1928, Feb. 11</date>
                           </item>
                           <item>
                              <date normal="1929-04-10">1929, Apr. 10;</date>
                              <date normal="1929-05-06">May 6</date>
                           </item>
                           <item>
                              <date normal="1933-03-03">1933, Mar. 3</date>
                           </item>
                           <item>
                              <date normal="1934-10-21">1934, Oct. 21</date>
                           </item>
                           <item>
                              <date normal="1935">1935</date>
                           </item>
                           <item>
                              <date normal="1941-08-20">1941, Aug. 20</date>
                           </item>
                           <item>
                              <date normal="1915/1941">undated</date> (27)</item>
                        </list>
                     </item>
                     <item>
                        <persname>Minton, Sherman, 1890-1965</persname> to
                                    <persname>Bentley, Arthur F.</persname>
                        <list>
                           <item>
                              <date normal="1935-09-25">1935, Sept. 25</date>
                           </item>
                        </list>
                     </item>
                     <item>
                        <persname>Steffens, Joseph Lincoln, 1866-1936</persname> to
                                    <persname>Bentley, Arthur F.</persname>
                        <list>
                           <item>
                              <date normal="1902-05-22">1902, May 22</date> (sec'y
                                        signed), <date normal="1902-05-26">26;</date>
                              <date normal="1902-05">May</date> (telegram); <date normal="1902-06-02">June 2;</date>
                              <date normal="1902-07-29">July 29;</date>
                              <date normal="1902-08-04">Aug. 4,</date>
                              <date normal="1902-08-15">15</date>
                           </item>
                        </list>
                     </item>
                  </list>
               </note>
            </c02>
            <c02 level="file">
               <did>
                  <container type="Box" label="Box">1</container>
                  <unittitle>
                     <unitdate normal="1890/1937-10" type="inclusive">1890-1937,
                                Oct.</unitdate>
                  </unittitle>
               </did>
            </c02>
            <c02 level="file">
               <did>
                  <container type="Box" label="Box">2</container>
                  <unittitle>
                     <unitdate normal="1937-11/1952" type="inclusive">1937,
                                Nov.-1952</unitdate>
                  </unittitle>
               </did>
            </c02>
            <c02 level="file">
               <did>
                  <container type="Box" label="Box">3</container>
                  <unittitle>
                     <unitdate normal="1953/1963" type="inclusive">1953-1963</unitdate>
                  </unittitle>
               </did>
            </c02>
            <c02 level="file">
               <did>
                  <container type="Box" label="Box">4</container>
                  <unittitle>
                     <unitdate normal="1964/1965" type="inclusive">1964-1965</unitdate>
                  </unittitle>
               </did>
            </c02>
            <c02 level="file">
               <did>
                  <unittitle>Charles F. Bentley, <unitdate normal="1892/1908" type="inclusive">1892-1908</unitdate>
                  </unittitle>
                  <physdesc>(7 folders)</physdesc>
               </did>
            </c02>
         </c01>
         <c01 level="series">
            <did>
               <unittitle>Writings</unittitle>
            </did>
            <c02 level="file">
               <did>
                  <container type="Box" label="Box">4</container>
                  <unittitle>
                     <title>Counting and Measuring</title>
                  </unittitle>
               </did>
            </c02>
            <c02 level="file">
               <did>
                  <unittitle>
                     <title>Linguistic Analysis of Mathematics</title>
                  </unittitle>
               </did>
            </c02>
            <c02 level="file">
               <did>
                  <unittitle>
                     <title>On the Social Discredit of the Sexual</title>
                  </unittitle>
               </did>
            </c02>
            <c02 level="file">
               <did>
                  <unittitle>
                     <title>The Physician of Souls</title>
                  </unittitle>
                  <physdesc>(3 folders)</physdesc>
               </did>
            </c02>
            <c02 level="file">
               <did>
                  <unittitle>Books and articles: worksheets</unittitle>
                  <physdesc>(5 folders)</physdesc>
               </did>
            </c02>
            <c02 level="file">
               <did>
                  <container type="Box" label="Box">5</container>
                  <unittitle>Books and articles: worksheets (cont.)</unittitle>
                  <physdesc>(10 folders)</physdesc>
               </did>
            </c02>
            <c02 level="file">
               <did>
                  <unittitle>Writings by others</unittitle>
               </did>
            </c02>
         </c01>
         <c01 level="series">
            <did>
               <unittitle>Miscellaneous</unittitle>
            </did>
            <c02 level="file">
               <did>
                  <container type="Box" label="Box">5</container>
                  <unittitle>Announcements of publication</unittitle>
               </did>
            </c02>
            <c02 level="file">
               <did>
                  <unittitle>Biographical/personal</unittitle>
               </did>
            </c02>
            <c02 level="file">
               <did>
                  <unittitle>Lists of publications by Bentley</unittitle>
               </did>
            </c02>
            <c02 level="file">
               <did>
                  <unittitle>Photographs</unittitle>
               </did>
            </c02>
            <c02 level="file">
               <did>
                  <unittitle>Printed material</unittitle>
                  <physdesc>(4 folders)</physdesc>
               </did>
            </c02>
            <c02 level="file">
               <did>
                  <unittitle>Miscellaneous</unittitle>
               </did>
            </c02>
         </c01>
      </dsc>
   </archdesc>
</ead>
