<?xml version="1.0" encoding="utf-8"?>
<!-- Indiana University EAD template draft: 2003-Jan-2, 
    revised 2004-09-15 JLR; 
    revised fall 2006 and spring/summer 2007 JLR w/ EAD Working Group
    added repository code to /ead/archdesc/did/repository/@id, 4/1/09 JLR
-->
<ead xmlns="urn:isbn:1-931666-22-9"
     xmlns:xlink="http://www.w3.org/1999/xlink"
     xmlns:xsi="http://www.w3.org/2001/XMLSchema-instance"
     xsi:schemaLocation="urn:isbn:1-931666-22-9 http://www.loc.gov/ead/ead.xsd">
   <eadheader repositoryencoding="iso15511"
              langencoding="iso639-2b"
              audience="external"
              countryencoding="iso3166-1"
              dateencoding="iso8601"
              scriptencoding="iso15924"
              relatedencoding="dublincore"
              findaidstatus="edited-full-draft">
      <eadid countrycode="US"
             encodinganalog="identifier"
             mainagencycode="InU-Li"
             identifier="InU-Li-VAD3486">InU-Li-VAD3486</eadid>
      <!-- The value of eadid should follow the pattern of archive or library code, and then a 
unique number for the collection, e.g. InU-Li-VAA1234. Put this full identifier both in the identifier attribute and in the value of the eadid element. -->
      <!-- Generate a unique number for the collection at http://www.dlib.indiana.edu/cgi-bin/testtrackedit/filename.pl -->
      <filedesc><!-- This is a description of the electronic finding aid, not the 
original finding aid or the collection --><!-- Make title "The John Doe Papers, 1919-1965" rather than "The 
Papers of John Doe, 1919-1965" to eliminate 
                potential confusion about the meaning of the dates -->
         <titlestmt>
            <titleproper encodinganalog="title">Spears mss., <date normal="1955/1967" type="inclusive">1955-1967</date>
            </titleproper>
         </titlestmt>
         <publicationstmt>
            <publisher encodinganalog="publisher">Indiana University Libraries</publisher>
            <date encodinganalog="date" normal="2014" type="publication">© 2014</date>
         </publicationstmt>
         <notestmt><!-- Change date to date of first publication, change rights statement if other entity claims rights over the finding aid (not the collection)-->
            <note encodinganalog="rights">
               <p>
                  <date normal="2014">© 2014</date> Trustees of Indiana University. All rights
                        reserved.</p>
            </note>
         </notestmt>
      </filedesc>
      <profiledesc>
         <creation>XML finding aid derived from HTML version through cutting and pasting and
                through folder analysis. <date normal="2014" type="source">2014</date>
            <lb/>Finding aid encoded by Abi Parker, Lilly Library, Indiana University, <date normal="2014-12-16">December 16, 2014</date>
         </creation>
         <langusage>Description is in <language encodinganalog="language" langcode="eng">English.</language>
         </langusage>
      </profiledesc>
      <!-- revisiondesc is required -->
      <!-- record when the finding aid is completed in first change element, 
with subsequent changes
listed below the first -->
      <revisiondesc>
         <change audience="internal">
            <date normal="2014-12-16">December 16, 2014</date>
            <item>Encoded finding aid started.</item>
         </change>
         <change audience="internal">
            <date normal="2017-11-29">November 29, 2017</date>
            <item>Batch update to change subject links.</item>
         </change>
      </revisiondesc>
   </eadheader>
   <archdesc audience="external"
             level="collection"
             type="inventory"
             relatedencoding="marc21"><!-- The TYPE attribute can be used to categorize the finding aid as an inventory, register, or other format. -->
      <did>
         <head>Summary Information</head>
         <repository id="lilly" encodinganalog="852" label="Repository">
            <corpname source="lcnaf" normal="Lilly Library (Indiana University, Bloomington)">Lilly Library (Indiana University, Bloomington)</corpname>
            <address>
               <addressline>Lilly Library</addressline>
               <addressline>Indiana University</addressline>
               <addressline>1200 E. Seventh St.</addressline>
               <addressline>Bloomington, IN 47405-5500</addressline>
               <addressline>Phone: 812-855-2452</addressline>
               <addressline>Fax: 812-855-3143</addressline>
               <addressline>Email: liblilly@indiana.edu</addressline>
            </address>
         </repository>
         <origination label="Creator"><!-- Or <corpname encodinganalog="110">, <meeting encodinganalog="111">, with source="lcnaf" if appropriate -->
            <persname encodinganalog="100" source="lcnaf">Spears, Harold, 1902-1980 </persname>
         </origination>
         <!-- per RLG guidelines recommendation, do not nest unitdate element within
unittitle element -->
         <unittitle encodinganalog="245$a" label="Title">Spears mss., </unittitle>
         <unitdate encodinganalog="245$f" normal="1955/1967" type="inclusive">1955-1967</unitdate>
         <!-- do not include separating punctuation between the unit title and the unit
date.  The stylesheets will supply a comma where appropriate. -->
         <!-- unitdate may be repeated if both bulk and inclusive dates are recorded -->
         <!-- record the type of date - bulk or inclusive - in the type attribute. if date is bulk, change encodinganalog to 245$g -->
         <!-- recommended -->
         <unitid encodinganalog="099" label="Collection No.">LMC 2174</unitid>
         <physdesc encodinganalog="300" label="Extent">
            <extent>572 items</extent>
         </physdesc>
         <!-- if both linear feet and number of items included, repeat extent-->
         <!-- if collection includes signinficant non-english material add code to
langmaterial element -->
         <langmaterial encodinganalog="546" label="Language">Materials are in <language langcode="eng">English.</language>
         </langmaterial>
         <abstract encodinganalog="520" label="Abstract">The Spears mss., 1955-1967, consist of
                the files of educator Harold Spears, 1902-1980, relating to the twelve years he was
                superintendent of schools for the San Francisco Unified School District.</abstract>
      </did>
      <!-- required even if unrestricted -->
      <accessrestrict encodinganalog="506">
         <head>Access Restrictions</head>
         <p>This collection is open for research.</p>
      </accessrestrict>
      <!-- required; can be short -->
      <bioghist encodinganalog="545">
         <head>Biographical Note</head>
         <p>A native of Swayzee, Indiana, Dr. Spears began his teaching career in Evansville,
                Indiana, and steadily moved up the administrative ladder of education, eventually
                taking a position in San Francisco, California, as curriculum director for the
                public schools in 1947. In 1955 he was appointed superintendent of public schools, a
                post he held until retirement in June 1967. Dr. Spears then returned to Indiana and
                continued to be active in teaching and as an educational consultant.</p>
      </bioghist>
      <arrangement encodinganalog="351">
         <head>Arrangement</head>
         <p>This collection is organized into reporter's transcripts, minutes of meetings, and scrapbooks.</p>
      </arrangement>
      <!-- required for collection level; optional for lower levels -->
      <scopecontent encodinganalog="520">
         <head>Scope and Content Note</head>
         <p>This collection contains "Reporter's transcripts" of all San Francisco Board of
                Education meetings from June 1955 through June 1967. Also present are mimeographed
                copies of the "minutes" for those meetings. Ten scrapbooks of clippings, April
                1955-June 1967, primarily from San Francisco papers and mentioning Superintendent
                Spears or dealing with local concerns in public school education, complete the
                collection. </p>
      </scopecontent>
      <!-- recommended; this information would be included for marc amc record -->
      <!-- should include all personal and corporate names, and subject headings -->
      <controlaccess>
         <head>Indexing Terms</head>
         <controlaccess>
            <head>Names</head>
            <list>
               <item>
                  <extref xlink:href="http://www.iucat.iu.edu/catalog?q=+%2BSpears+%2BHarold+%2B1902&amp;search_field=subject">
                     <persname encodinganalog="600" source="lcnaf">Spears, Harold, 1902-</persname>
                  </extref>
               </item>
            </list>
         </controlaccess>
         <controlaccess>
            <head>Topics</head>
            <list>
               <item>
                  <extref xlink:href="http://www.iucat.iu.edu/catalog?q=+%2BSan+%2BFrancisco+%2BCalif+%2BBoard+%2Bof+%2BEducation&amp;search_field=subject">
                     <corpname encodinganalog="610" source="lcnaf">San Francisco (Calif.). Board of Education.</corpname>
                  </extref>
               </item>
               <item>
                  <extref xlink:href="http://www.iucat.iu.edu/catalog?q=+%2BSan+%2BFrancisco+%2BUnified+%2BSchool+%2BDistrict&amp;search_field=subject">
                     <corpname encodinganalog="610" source="lcnaf">San Francisco Unified School District.</corpname>
                  </extref>
               </item>
               <item>
                  <extref xlink:href="http://www.iucat.iu.edu/catalog?q=+%2BEducation+%2BCalifornia+%2BSan+%2BFrancisco&amp;search_field=subject">
                     <subject encodinganalog="650" source="lcsh">Education --California --San Francisco.</subject>
                  </extref>
               </item>
               <item>
                  <extref xlink:href="http://www.iucat.iu.edu/catalog?q=+%2BPublic+%2Bschools+%2BCalifornia+%2BSan+%2BFrancisco&amp;search_field=subject">
                     <subject encodinganalog="650" source="lcsh">Public schools --California --San Francisco.</subject>
                  </extref>
               </item>
            </list>
         </controlaccess>
         <!-- <persname encodinganalog="600" source="lcnaf">[remove source attribute if name does not come from an authority file] </persname> -->
         <!-- <corpname encodinganalog="610" source="lcnaf">[remove source attribute if name does not come from an authority file]</corpname> -->
         <!--  <famname encodinganalog="600" source="lcnaf">[remove source attribute if name does not come from an authority file]</famname> -->
         <!--  <subject encodinganalog="650" source="lcsh"> </subject> -->
         <!--  <occupation encodinganalog="656" source="lcsh"> </occupation> -->
         <!--  <geogname encodinganalog="651" source="aacr2"> </geogname> -->
         <!-- <genreform encodinganalog="655" source="lcsh"> </genreform> -->
         <!-- <function encodinganalog="657" source="lcsh"/> -->
         <!-- <title encodinganalog="630"> </title> -->
      </controlaccess>
      <descgrp>
         <head>Administrative Information</head>
         <!-- required -->
         <acqinfo encodinganalog="541">
            <head>Acquisition Information</head>
            <p>Gift. Harold Spears, Bloomington, Indiana. 1979</p>
         </acqinfo>
         <!-- required even if unrestricted -->
         <userestrict encodinganalog="540">
            <head>Usage Restrictions</head>
            <p>Prior arrangements are not necessary before coming to the Library, however,
                    patrons from out of town are encouraged to communicate with the Library in
                    advance of their visits to ascertain availability of materials.</p>
            <p>Photocopying permitted only with permission of the Curator of Manuscripts, Lilly
                    Library.</p>
         </userestrict>
         <!-- required -->
         <prefercite encodinganalog="524">
            <head>Preferred Citation</head>
            <p>[Item], Spears mss., Lilly Library, Indiana University, Bloomington,
                    Indiana.</p>
         </prefercite>
         <!--required -->
         <processinfo encodinganalog="583">
            <head>Processing Information</head>
            <p>Processed by staff.</p>
         </processinfo>
      </descgrp>
      <dsc type="combined"><!-- unittitle is the only required element within component --><!-- possible values for @level include: class, collection, file, fonds, item,
                otherlevel, recordgrp, series, subfonds, subgrp, subseries -->
         <c01 id="VAD3486-00001" level="series">
            <did>
               <unittitle>Inventory</unittitle>
            </did>
            <c02 id="VAD3486-00002" level="file">
               <did>
                  <container label="Box" type="Box"> 1</container>
                  <unittitle>
                     <unitdate normal=" 1955-06-21/1957-06-03" type="inclusive"> 1955, June 21-1957, June 3</unitdate>
                  </unittitle>
               </did>
            </c02>
            <c02 id="VAD3486-00003" level="file">
               <did>
                  <container label="Box" type="Box"> 2</container>
                  <unittitle>
                     <unitdate normal=" 1957-06-18/1959-04-29" type="inclusive"> 1957, June 18-1959, April 29</unitdate>
                  </unittitle>
               </did>
            </c02>
            <c02 id="VAD3486-00004" level="file">
               <did>
                  <container label="Box" type="Box"> 3</container>
                  <unittitle>
                     <unitdate normal=" 1959-05-05/1961-08-22" type="inclusive"> 1959, May 5-1961, August 22</unitdate>
                  </unittitle>
               </did>
            </c02>
            <c02 id="VAD3486-00005" level="file">
               <did>
                  <container label="Box" type="Box"> 4</container>
                  <unittitle>
                     <unitdate normal=" 1961-09-01/1963-09-17" type="inclusive"> 1961, September 1-1963, September 17</unitdate>
                  </unittitle>
               </did>
            </c02>
            <c02 id="VAD3486-00006" level="file">
               <did>
                  <container label="Box" type="Box"> 5</container>
                  <unittitle>
                     <unitdate normal=" 1963-10-01/1965-09-07" type="inclusive"> 1963, October 1-1965, September 7</unitdate>
                  </unittitle>
               </did>
            </c02>
            <c02 id="VAD3486-00007" level="file">
               <did>
                  <container label="Box" type="Box"> 6</container>
                  <unittitle>
                     <unitdate normal=" 1965-09-21/1967-06-20" type="inclusive"> 1965, September 21-1967, June 20</unitdate>
                  </unittitle>
               </did>
            </c02>
         </c01>
         <c01 id="VAD3486-00008" level="series">
            <did>
               <unittitle>Minutes of meetings</unittitle>
            </did>
            <c02 id="VAD3486-00009" level="file">
               <did>
                  <container label="Box" type="Box"> 7</container>
                  <unittitle>
                     <unitdate normal="1955/1967" type="inclusive"> 1955-1967</unitdate>
                  </unittitle>
               </did>
            </c02>
         </c01>
         <c01 id="VAD3486-00010" level="series">
            <did>
               <unittitle>Scrapbooks.</unittitle>
            </did>
            <note>
               <p>Contains San Francisco newspaper clippings concerning Spears or the state of public school education in San Francisco</p>
            </note>
            <c02 id="VAD3486-00011" level="file">
               <did>
                  <container label="Oversize" type="Oversize"> 1</container>
                  <unittitle>
                     <unitdate normal=" 1955-04-19/1957-06-26" type="inclusive"> 1955, April 19-1957, June 26</unitdate>
                  </unittitle>
               </did>
            </c02>
            <c02 id="VAD3486-00012" level="file">
               <did>
                  <container label="Oversize" type="Oversize"> 2</container>
                  <unittitle>
                     <unitdate normal=" 1957-07-11/1956-06-26" type="inclusive"> 1957, July 11-1956, June 26</unitdate>
                  </unittitle>
               </did>
            </c02>
            <c02 id="VAD3486-00013" level="file">
               <did>
                  <container label="Oversize" type="Oversize"> 3</container>
                  <unittitle>
                     <unitdate normal=" 1958-07-10/1959-08-05" type="inclusive"> 1958, July 10-1959, August 5</unitdate>
                  </unittitle>
               </did>
            </c02>
            <c02 id="VAD3486-00014" level="file">
               <did>
                  <container label="Oversize" type="Oversize"> 4</container>
                  <unittitle>
                     <unitdate normal=" 1959-08-07/1961-06-25" type="inclusive"> 1959, August 7-1961, June 25</unitdate>
                  </unittitle>
               </did>
            </c02>
            <c02 id="VAD3486-00015" level="file">
               <did>
                  <container label="Oversize" type="Oversize"> 5</container>
                  <unittitle>
                     <unitdate normal=" 1961-08-08/1962-07-20" type="inclusive"> 1961, August 8-1962, July 20</unitdate>
                  </unittitle>
               </did>
            </c02>
            <c02 id="VAD3486-00016" level="file">
               <did>
                  <container label="Oversize" type="Oversize"> 6</container>
                  <unittitle>
                     <unitdate normal=" 1962-07-21/1963-06-20" type="inclusive"> 1962, July 21-1963, June 20</unitdate>
                  </unittitle>
               </did>
            </c02>
            <c02 id="VAD3486-00017" level="file">
               <did>
                  <container label="Oversize" type="Oversize"> 7</container>
                  <unittitle>
                     <unitdate normal=" 1963-06-20/1964-06-17" type="inclusive"> 1963, June 20-1964, June 17</unitdate>
                  </unittitle>
               </did>
            </c02>
            <c02 id="VAD3486-00018" level="file">
               <did>
                  <container label="Oversize" type="Oversize"> 8</container>
                  <unittitle>
                     <unitdate normal=" 1964-06-23/1965-06-01" type="inclusive"> 1964, June 23-1965, June 1</unitdate>
                  </unittitle>
               </did>
            </c02>
            <c02 id="VAD3486-00019" level="file">
               <did>
                  <container label="Oversize" type="Oversize"> 9</container>
                  <unittitle>
                     <unitdate normal=" 1965-06-30/1966-06-30" type="inclusive"> 1965, June 30-1966, June 30</unitdate>
                  </unittitle>
               </did>
            </c02>
            <c02 id="VAD3486-00020" level="file">
               <did>
                  <container label="Oversize" type="Oversize"> 10</container>
                  <unittitle>
                     <unitdate normal=" 1966-07-01/1967-06-28" type="inclusive"> 1966, July 1-1967, June 28</unitdate>
                  </unittitle>
               </did>
            </c02>
         </c01>
      </dsc>
   </archdesc>
</ead>
