<?xml version="1.0" encoding="utf-8"?>
<!-- Indiana University EAD template draft: 2003-Jan-2, 
    revised 2004-09-15 JLR; 
    revised fall 2006 and spring/summer 2007 JLR w/ EAD Working Group
    added repository code to /ead/archdesc/did/repository/@id, 4/1/09 JLR
-->
<ead xmlns="urn:isbn:1-931666-22-9"
     xmlns:xlink="http://www.w3.org/1999/xlink"
     xmlns:xsi="http://www.w3.org/2001/XMLSchema-instance"
     xsi:schemaLocation="urn:isbn:1-931666-22-9 http://www.loc.gov/ead/ead.xsd">
   <eadheader repositoryencoding="iso15511"
              langencoding="iso639-2b"
              audience="external"
              countryencoding="iso3166-1"
              dateencoding="iso8601"
              scriptencoding="iso15924"
              relatedencoding="dublincore"
              findaidstatus="edited-full-draft">
      <eadid countrycode="US"
             encodinganalog="identifier"
             mainagencycode="InU-Li"
             identifier="InU-Li-VAC9478">InU-Li-VAC9478</eadid>
      <!-- The value of eadid should follow the pattern of archive or library code, and then a 
unique number for the collection, e.g. InU-Li-VAA1234. Put this full identifier both in the identifier attribute and in the value of the eadid element. -->
      <!-- Generate a unique number for the collection at http://www.dlib.indiana.edu/cgi-bin/testtrackedit/filename.pl -->
      <filedesc><!-- This is a description of the electronic finding aid, not the 
original finding aid or the collection --><!-- Make title "The John Doe Papers, 1919-1965" rather than "The 
Papers of John Doe, 1919-1965" to eliminate 
                potential confusion about the meaning of the dates -->
         <titlestmt>
            <titleproper encodinganalog="title">Cameron mss., <date certainty="circa" normal="1955/1965" type="inclusive">ca. 1955-1965</date>
            </titleproper>
         </titlestmt>
         <publicationstmt>
            <publisher encodinganalog="publisher">Indiana University Digital Library
                    Program</publisher>
            <date encodinganalog="date" normal="2013" type="publication">© 2013</date>
         </publicationstmt>
         <notestmt><!-- Change date to date of first publication, change rights statement if other entity claims rights over the finding aid (not the collection)-->
            <note encodinganalog="rights">
               <p>
                  <date normal="2013">© 2013</date> Trustees of Indiana University. All rights
                        reserved.</p>
            </note>
         </notestmt>
      </filedesc>
      <profiledesc>
         <creation>XML finding aid derived from HTML version through cutting and pasting and
                through folder analysis. <date normal="2013" type="source">2013</date>
            <lb/>Finding aid encoded by Shayna Pekala, Lilly Library, Indiana University, <date normal="2013-03-19">March 19, 2013</date>
         </creation>
         <langusage>Description is in <language encodinganalog="language" langcode="eng">English.</language>
         </langusage>
      </profiledesc>
      <!-- revisiondesc is required -->
      <!-- record when the finding aid is completed in first change element, 
with subsequent changes
listed below the first -->
      <revisiondesc>
         <change audience="internal">
            <date normal="2013-03-19">March 19, 2013</date>
            <item>Encoded finding aid started.</item>
         </change>
         <change audience="internal">
            <date normal="2013-04-02">April 2, 2013</date>
            <item>Encoded finding aid completed.</item>
         </change>
         <change audience="internal">
            <date normal="2017-11-29">November 29, 2017</date>
            <item>Batch update to change subject links.</item>
         </change>
      </revisiondesc>
   </eadheader>
   <archdesc audience="external"
             level="collection"
             type="inventory"
             relatedencoding="marc21"><!-- The TYPE attribute can be used to categorize the finding aid as an inventory, register, or other format. -->
      <did>
         <head>Summary Information</head>
         <repository id="lilly" encodinganalog="852" label="Repository">
            <corpname source="lcnaf" normal="Lilly Library (Indiana University, Bloomington)">Lilly Library (Indiana University, Bloomington)</corpname>
            <address>
               <addressline>Lilly Library</addressline>
               <addressline>Indiana University</addressline>
               <addressline>1200 E. Seventh St.</addressline>
               <addressline>Bloomington, IN 47405-5500</addressline>
               <addressline>Phone: 812-855-2452</addressline>
               <addressline>Fax: 812-855-3143</addressline>
               <addressline>Email: liblilly@indiana.edu</addressline>
            </address>
         </repository>
         <origination label="Creator"><!-- Or <corpname encodinganalog="110">, <meeting encodinganalog="111">, with source="lcnaf" if appropriate -->
            <persname encodinganalog="100" source="lcnaf">Cameron, Polly.</persname>
         </origination>
         <!-- per RLG guidelines recommendation, do not nest unitdate element within
unittitle element -->
         <unittitle encodinganalog="245$a" label="Title">Cameron mss., </unittitle>
         <unitdate encodinganalog="245$f"
                   certainty="circa"
                   normal="1955/1965"
                   type="inclusive">ca. 1955-1965</unitdate>
         <!-- do not include separating punctuation between the unit title and the unit
date.  The stylesheets will supply a comma where appropriate. -->
         <!-- unitdate may be repeated if both bulk and inclusive dates are recorded -->
         <!-- record the type of date - bulk or inclusive - in the type attribute. if date is bulk, change encodinganalog to 245$g -->
         <!-- recommended -->
         <unitid encodinganalog="099" label="Collection No.">LMC 2594</unitid>
         <physdesc encodinganalog="300" label="Extent">
            <extent>750 items</extent>
         </physdesc>
         <!-- if both linear feet and number of items included, repeat extent-->
         <!-- if collection includes signinficant non-english material add code to
langmaterial element -->
         <langmaterial encodinganalog="546" label="Language">Materials are in <language langcode="eng">English.</language>
         </langmaterial>
         <abstract encodinganalog="520" label="Abstract">Collection consists primarily of
                original art, writings and book design materials for six children's books written
                and illustrated by Polly Cameron. Includes also children's fan letters, art and
                cards sent to Cameron.</abstract>
      </did>
      <!-- required even if unrestricted -->
      <accessrestrict encodinganalog="506">
         <head>Access Restrictions</head>
         <p>This collection is open for research.</p>
      </accessrestrict>
      <!-- required; can be short -->
      <bioghist encodinganalog="545">
         <head>Biographical Note</head>
         <p>Artist and children's author, Polly Cameron, 1928-2000, was born in Walnut Creek,
                California; attended Phoenix College in Arizona and the University of California,
                Santa Barbara, but left before graduating to return to Arizona were she became an
                advertising and display manager in Phoenix and a year later director of theatre
                publicity in Santa Fe, New Mexico. After traveling through Europe for three years,
                during which time she did editorial layout and illustration for <emph render="italic">Elle</emph> Magazine and advertising and promotional design for
                nightclubs, a shipping company and department stores, Cameron returned to New York
                and became a free-lance graphic designer. One of her design projects was for
                publisher Coward-McCann and while under contract there she wrote and illustrated her
                first children's book <emph render="italic">The Cat Who Thought He Was a
                    Tiger,</emph> which Coward McCann then published.</p>
         <p>In addition to both writing and illustrating seven children's books, Cameron also
                illustrated <emph render="italic">Rufus the Red-Necked Hornbill,</emph> written by
                Patricia Lauber (1958), and wrote <emph render="italic">The Green Machine,</emph>
                illustrated by Consuelo Joerns (1969). All of her works have been published by
                Coward-McCann and several of them were designed by her as well. She won the American
                Institute of Graphic Arts Award for outstanding book design for <emph render="italic">A Child's Book of Nonsense</emph> and <emph render="italic">
               <emph render="doublequote">I Can't</emph> Said the Ant</emph> received the
                American Library Association Notable Book Award in 1961.</p>
      </bioghist>
      <!--optional -->
      <arrangement encodinganalog="351">
         <head>Arrangement</head>
         <p>Organized into the following series: I. Books; II. Personal; III. Graphic Design
                Work.</p>
      </arrangement>
      <!-- required for collection level; optional for lower levels -->
      <scopecontent encodinganalog="520">
         <head>Scope and Content Note</head>
         <p>Books include original manuscripts and illustrations by Polly Cameron. Personal files
                include fan letters written by children, as well as Cameron’s financial records.</p>
      </scopecontent>
      <!-- recommended; this information would be included for marc amc record -->
      <!-- should include all personal and corporate names, and subject headings -->
      <controlaccess>
         <head>Indexing Terms</head>
         <controlaccess>
            <head>Names</head>
            <list>
               <item>
                  <extref xlink:href="https://iucat.iu.edu/?q=&#34;cameron+polly&#34;&amp;search_field=subject_link">
                     <persname encodinganalog="600" source="lcnaf">Cameron,
                                Polly.</persname>
                  </extref>
               </item>
               <item>
                  <extref xlink:href="https://iucat.iu.edu/?q=&#34;cameron+polly+correspondence&#34;&amp;search_field=subject_link">
                     <persname encodinganalog="600" source="lcnaf">Cameron, Polly
                                --Correspondence.</persname>
                  </extref>
               </item>
            </list>
         </controlaccess>
         <controlaccess>
            <head>Topics</head>
            <list>
               <item>
                  <extref xlink:href="https://iucat.iu.edu/?q=&#34;authors+american&#34;&amp;search_field=subject_link">
                     <subject encodinganalog="650" source="lcsh">Authors,
                                American.</subject>
                  </extref>
               </item>
               <item>
                  <extref xlink:href="https://iucat.iu.edu/?q=&#34;illustrators+united+states&#34;&amp;search_field=subject_link">
                     <subject encodinganalog="650" source="lcsh">Illustrators --United
                                States.</subject>
                  </extref>
               </item>
               <item>
                  <extref xlink:href="https://iucat.iu.edu/?q=&#34;children's+literature+american&#34;&amp;search_field=subject_link">
                     <subject encodinganalog="650" source="lcsh">Children's literature,
                                American.</subject>
                  </extref>
               </item>
               <item>
                  <extref xlink:href="https://iucat.iu.edu/?q=&#34;illustrated+children's+books&#34;&amp;search_field=subject_link">
                     <subject encodinganalog="650" source="lcsh">Illustrated children's
                                books --United States.</subject>
                  </extref>
               </item>
               <item>
                  <extref xlink:href="https://iucat.iu.edu/?q=&#34;children's+books+publishing+united+states&#34;&amp;search_field=subject_link">
                     <subject encodinganalog="650" source="lcsh">Children's books
                                --Publishing --United States.</subject>
                  </extref>
               </item>
            </list>
         </controlaccess>
         <!-- <persname encodinganalog="600" source="lcnaf">[remove source attribute if name does not come from an authority file] </persname> -->
         <!-- <corpname encodinganalog="610" source="lcnaf">[remove source attribute if name does not come from an authority file]</corpname> -->
         <!--  <famname encodinganalog="600" source="lcnaf">[remove source attribute if name does not come from an authority file]</famname> -->
         <!--  <subject encodinganalog="650" source="lcsh"> </subject> -->
         <!--  <occupation encodinganalog="656" source="lcsh"> </occupation> -->
         <!--  <geogname encodinganalog="651" source="aacr2"> </geogname> -->
         <!-- <genreform encodinganalog="655" source="lcsh"> </genreform> -->
         <!-- <function encodinganalog="657" source="lcsh"/> -->
         <!-- <title encodinganalog="630"> </title> -->
      </controlaccess>
      <descgrp>
         <head>Administrative Information</head>
         <!-- required -->
         <acqinfo encodinganalog="541">
            <head>Acquisition Information</head>
            <p>Purchase; 2008.</p>
         </acqinfo>
         <!-- required even if unrestricted -->
         <userestrict encodinganalog="540">
            <head>Usage Restrictions</head>
            <p>Prior arrangements are not necessary before coming to the Library, however,
                    patrons from out of town are encouraged to communicate with the Library in
                    advance of their visits to ascertain availability of materials.</p>
            <p>Photocopying permitted only with permission of the Curator of Manuscripts, Lilly
                    Library.</p>
         </userestrict>
         <!-- required -->
         <prefercite encodinganalog="524">
            <head>Preferred Citation</head>
            <p>[Item], Cameron mss., Lilly Library, Indiana University, Bloomington,
                    Indiana.</p>
         </prefercite>
         <!--required by Archives, optional for Lilly -->
         <processinfo encodinganalog="583">
            <head>Processing Information</head>
            <p>Processed by Staff.</p>
            <p>Completed in <date normal="2013">2013</date>
            </p>
         </processinfo>
      </descgrp>
      <dsc type="combined"><!-- unittitle is the only required element within component --><!-- possible values for @level include: class, collection, file, fonds, item,
                otherlevel, recordgrp, series, subfonds, subgrp, subseries -->
         <c01 id="VAC9478-00001" level="series">
            <did>
               <unittitle>Books</unittitle>
            </did>
            <arrangement>
               <p>Arranged alphabetically by title.</p>
            </arrangement>
            <c02 id="VAC9478-00002" level="file">
               <did>
                  <container label="Box" type="Box">1</container>
                  <unittitle>
                     <title render="italic">The Boy Who Drew Birds</title>
                            (Coward-McCann, <unitdate normal="1959">1959).</unitdate>
                  </unittitle>
                  <physdesc>Manuscript, original art, proofs, marketing materials (2
                            folders)</physdesc>
               </did>
            </c02>
            <c02 id="VAC9478-00003" level="file">
               <did>
                  <unittitle>
                     <title render="italic">The Cat Who Couldn't Purr</title>
                            (Coward-McCann, <unitdate normal="1957">1957).</unitdate>
                  </unittitle>
                  <physdesc>Manuscript, original art, book production and marketing materials
                            (3 folders)</physdesc>
               </did>
            </c02>
            <c02 id="VAC9478-00004" level="file">
               <did>
                  <unittitle>
                     <title render="italic">The Cat Who Thought He Was a Tiger</title>
                            (Coward-McCann, <unitdate normal="1956">1956).</unitdate>
                  </unittitle>
                  <physdesc>Art, book production materials (2 folders)</physdesc>
               </did>
            </c02>
            <c02 id="VAC9478-00005" level="file">
               <did>
                  <unittitle>
                     <title render="italic">A Child's Book of Nonsense</title>
                            (Coward-McCann, <unitdate normal="1960">1960).</unitdate>
                  </unittitle>
                  <physdesc>Manuscript, art, proofs, book production (5 folders)</physdesc>
               </did>
            </c02>
            <c02 id="VAC9478-00006" level="file">
               <did>
                  <unittitle>
                     <title render="italic">The Dog Who Grew Too Much</title>
                            (Coward-McCann, <unitdate normal="1958">1958).</unitdate>
                  </unittitle>
                  <physdesc>Manuscript draft, art, book production materials (2
                            folders)</physdesc>
               </did>
            </c02>
            <c02 id="VAC9478-00007" level="file">
               <did>
                  <unittitle>
                     <title render="italic">I Can't Said the Ant: a Second Book of
                                Nonsense</title> (Coward-McCann, <unitdate normal="1961">1961).</unitdate>
                  </unittitle>
                  <physdesc>Manuscript, original art, unbound pages, marketing (3
                            folders)</physdesc>
               </did>
            </c02>
            <c02 id="VAC9478-00008" level="file">
               <did>
                  <unittitle>
                     <title render="doublequote">The Kingdom that Turned off its
                                Ears</title> (unpublished?).</unittitle>
                  <physdesc>Manuscript, art (1 folder)</physdesc>
               </did>
            </c02>
         </c01>
         <c01 id="VAC9478-00009" level="series">
            <did>
               <unittitle>Personal</unittitle>
            </did>
            <c02 id="VAC9478-00010" level="file">
               <did>
                  <container label="Box" type="Box">1</container>
                  <unittitle>Biographical</unittitle>
               </did>
               <scopecontent>
                  <p>Includes resumes</p>
               </scopecontent>
            </c02>
            <c02 id="VAC9478-00011" level="file">
               <did>
                  <unittitle>Correspondence</unittitle>
                  <physdesc>(2 folders)</physdesc>
               </did>
            </c02>
            <c02 id="VAC9478-00012" level="file">
               <did>
                  <unittitle>Children's art and greetings notes</unittitle>
               </did>
            </c02>
            <c02 id="VAC9478-00013" level="file">
               <did>
                  <unittitle>Financial</unittitle>
               </did>
               <scopecontent>
                  <p>Largely invoices for graphic design fees</p>
               </scopecontent>
            </c02>
            <c02 id="VAC9478-00014" level="file">
               <did>
                  <unittitle>House plans and drawings</unittitle>
               </did>
               <scopecontent>
                  <p>Includes some cost figures</p>
               </scopecontent>
            </c02>
            <c02 id="VAC9478-00015" level="file">
               <did>
                  <unittitle>Miscellaneous</unittitle>
               </did>
            </c02>
         </c01>
         <c01 id="VAC9478-00016" level="series">
            <did>
               <unittitle>Graphic Design Work</unittitle>
            </did>
            <scopecontent>
               <p>Contains final, printed examples.</p>
            </scopecontent>
            <c02 id="VAC9478-00017" level="file">
               <did>
                  <container label="Box" type="Box">1</container>
                  <unittitle>
                     <title render="italic">The American Girl</title>
                  </unittitle>
               </did>
               <scopecontent>
                  <p>Brochures, announcements, sales promotions</p>
               </scopecontent>
            </c02>
            <c02 id="VAC9478-00018" level="file">
               <did>
                  <unittitle>Book jackets and book/publisher ads</unittitle>
               </did>
            </c02>
            <c02 id="VAC9478-00019" level="file">
               <did>
                  <unittitle>Miscellaneous</unittitle>
               </did>
               <scopecontent>
                  <p>Includes greeting cards, <emph render="italic">Floor Covering
                                Weekly</emph> promotions, etc.</p>
               </scopecontent>
            </c02>
         </c01>
      </dsc>
   </archdesc>
</ead>
