<?xml version="1.0" encoding="utf-8"?>
<!-- Indiana University EAD template draft: 2003-Jan-2, 
    revised 2004-09-15 JLR; 
    revised fall 2006 and spring/summer 2007 JLR w/ EAD Working Group
    added repository code to /ead/archdesc/did/repository/@id, 4/1/09 JLR
-->
<ead xmlns="urn:isbn:1-931666-22-9"
     xmlns:xlink="http://www.w3.org/1999/xlink"
     xmlns:xsi="http://www.w3.org/2001/XMLSchema-instance"
     xsi:schemaLocation="urn:isbn:1-931666-22-9 http://www.loc.gov/ead/ead.xsd">
   <eadheader relatedencoding="dublincore"
              audience="external"
              langencoding="iso639-2b"
              scriptencoding="iso15924"
              repositoryencoding="iso15511"
              countryencoding="iso3166-1"
              dateencoding="iso8601"
              findaidstatus="edited-full-draft">
      <eadid encodinganalog="identifier"
             identifier="InU-Li-VAD4828"
             countrycode="US"
             mainagencycode="InU-Li">InU-Li-VAD4828</eadid>
      <!-- The value of eadid should follow the pattern of archive or library code, and then a unique number for the collection, e.g. InU-Li-VAA1234. Put this full identifier both in the identifier attribute and in the value of the eadid element. -->
      <!-- Generate a unique number for the collection at http://www.dlib.indiana.edu/cgi-bin/testtrackedit/filename.pl -->
      <filedesc><!-- This is a description of the electronic finding aid, not the original finding aid or the collection --><!-- Make title "The John Doe Papers, 1919-1965" rather than "The Papers of John Doe, 1919-1965" to eliminate 
                potential confusion about the meaning of the dates -->
         <titlestmt>
            <titleproper encodinganalog="title">Pyle mss. IV,
                    <date normal="1940">1940</date>
            </titleproper>
         </titlestmt>
         <publicationstmt>
            <publisher encodinganalog="publisher">Indiana University Digital Library Program</publisher>
            <date encodinganalog="date" normal="2015" type="publication">© 2015</date>
         </publicationstmt>
         <notestmt><!-- Change date to date of first publication, change rights statement if other entity claims rights over the finding aid (not the collection)-->
            <note encodinganalog="rights">
               <p>
                  <date normal="2015">© 2015</date> Trustees of Indiana University. All rights reserved.</p>
            </note>
         </notestmt>
      </filedesc>
      <profiledesc>
         <creation>XML finding aid derived from HTML version through cutting and pasting and
                through folder analysis. <date normal="2015" type="source">2015</date>
            <lb/>Finding aid encoded by Erin Clarke, Lilly Library, Indiana University,
                <date normal="2015-09-24">September 24, 2015</date>
         </creation>
         <langusage>Description is in <language encodinganalog="language" langcode="eng">English.</language>
         </langusage>
      </profiledesc>
      <!-- revisiondesc is required -->
      <!-- record when the finding aid is completed in first change element, 
with subsequent changes
listed below the first -->
      <revisiondesc>
         <change audience="internal">
            <date normal="2015-09-24">September 24, 2015</date>
            <item>Encoded finding aid started.</item>
         </change>
         <change audience="internal">
            <date normal="2017-11-29">November 29, 2017</date>
            <item>Batch update to change subject links.</item>
         </change>
      </revisiondesc>
   </eadheader>
   <archdesc level="collection"
             audience="external"
             type="inventory"
             relatedencoding="marc21"><!-- The TYPE attribute can be used to categorize the finding aid as an inventory, register, or other format. -->
      <did>
         <head>Summary Information</head>
         <repository encodinganalog="852" label="Repository" id="lilly">
            <corpname source="lcnaf" normal="Lilly Library (Indiana University, Bloomington)">Lilly Library (Indiana University, Bloomington)</corpname>
            <address>
               <addressline>Lilly Library</addressline>
               <addressline>Indiana University</addressline>
               <addressline>1200 E. Seventh St.</addressline>
               <addressline>Bloomington, IN 47405-5500</addressline>
               <addressline>Phone: 812-855-2452</addressline>
               <addressline>Fax: 812-855-3143</addressline>
               <addressline>Email: liblilly@indiana.edu</addressline>
            </address>
         </repository>
         <origination label="Creator"><!-- Or <corpname encodinganalog="110">, <meeting encodinganalog="111">, with source="lcnaf" if appropriate -->
            <persname source="lcnaf" encodinganalog="100">Pyle, Ernie, 1900-1945</persname>
         </origination>
         <!-- per RLG guidelines recommendation, do not nest unitdate element within unittitle element -->
         <unittitle encodinganalog="245$a" label="Title">Pyle mss. IV,</unittitle>
         <unitdate normal="1940" type="inclusive" encodinganalog="245$f">1940</unitdate>
         <!-- do not include separating punctuation between the unit title and the unit date.  The stylesheets will supply a comma where appropriate. -->
         <!-- unitdate may be repeated if both bulk and inclusive dates are recorded -->
         <!-- record the type of date - bulk or inclusive - in the type attribute. if date is bulk, change encodinganalog to 245$g -->
         <!-- recommended -->
         <unitid encodinganalog="099" label="Collection No.">LMC 2523</unitid>
         <physdesc encodinganalog="300" label="Extent">
            <extent>74 items</extent>
         </physdesc>
         <!-- if both linear feet and number of items included, repeat extent-->
         <!-- if collection includes signinficant non-english material add code to langmaterial element -->
         <langmaterial encodinganalog="546" label="Language">Materials are in 
                <language langcode="eng">English.</language>
         </langmaterial>
         <abstract encodinganalog="520" label="Abstract">
                The Pyle mss. IV, 1940, consist of carbon copies of dispatches by journalist Ernie Pyle, 1900-1945, sent to newspaper publisher Scripps Howard.
            </abstract>
      </did>
      <!-- required even if unrestricted -->
      <accessrestrict encodinganalog="506">
         <head>Access Restrictions</head>
         <p>This collection is open for research.</p>
      </accessrestrict>
      <!-- required; can be short -->
      <bioghist encodinganalog="545">
         <head>Biographical Note</head>
         <p>Ernest Taylor Pyle (1900-1945), also known as Ernie Pyle, was a Pulitzer Prize winning American journalist. 
                After attending Indiana University Bloomington, Pyle served as a newspaper correspondent and columnist who 
                covered the lives of ordinary people as well as soldiers in World War II. Pyle was killed in battle at
                Ie Shima in the Pacific.</p>
      </bioghist>
      <!-- required for collection level; optional for lower levels -->
      <scopecontent encodinganalog="520">
         <head>Scope and Content Note</head>
         <p>The Pyle mss. IV, 1940, consist of carbon copies of dispatches by journalist Ernie Pyle, 1900-1945, sent to newspaper publisher Scripps Howard. They 
                were written and sent almost daily from Panama, Costa Rica, Nicaragua and Honduras during his Central American tour in January-March 1940. The first 
                was written aboard the S.S. Sixaola, bound for Panama from New Orleans; the last is from Miami, Florida after his return to the States.</p>
      </scopecontent>
      <!-- recommended; this information would be included for marc amc record -->
      <!-- should include all personal and corporate names, and subject headings -->
      <controlaccess>
         <head>Indexing Terms</head>
         <controlaccess>
            <head>Names</head>
            <list>
               <item>
                  <extref xlink:href="http://iucat.iu.edu/catalog?q=%22Pyle+Ernie+1900+1945%22&amp;search_field=subject_link">
                     <persname encodinganalog="600" source="lcnaf">Pyle, Ernie, 1900-1945.</persname>
                  </extref>
               </item>
               <item>
                  <extref xlink:href="http://iucat.iu.edu/catalog?q=%22Pyle+Ernie+1900+1945--Travel%22&amp;search_field=subject_link">
                     <persname encodinganalog="600" source="lcnaf">Pyle, Ernie, 1900-1945--Travel.</persname>
                  </extref>
               </item>
            </list>
         </controlaccess>
         <controlaccess>
            <head>Topics</head>
            <list>
               <item>
                  <extref xlink:href="http://iucat.iu.edu/?utf8=%E2%9C%93&amp;search_field=subject&amp;q=Travel">
                     <subject encodinganalog="650" source="lcsh">Travel.</subject>
                  </extref>
               </item>
            </list>
         </controlaccess>
         <controlaccess>
            <head>Places</head>
            <list>
               <item>
                  <extref xlink:href="http://iucat.iu.edu/catalog?q=%22Costa+Rica--Description+and+travel%22&amp;search_field=subject_link">
                     <geogname encodinganalog="651" source="aacr2">Costa Rica--Description and travel.</geogname>
                  </extref>
               </item>
               <item>
                  <extref xlink:href="http://iucat.iu.edu/catalog?q=%22Honduras--Description+and+travel%22&amp;search_field=subject_link">
                     <geogname encodinganalog="651" source="aacr2">Honduras--Description and travel.</geogname>
                  </extref>
               </item>
               <item>
                  <extref xlink:href="http://iucat.iu.edu/catalog?q=%22Nicaragua--Description+and+travel%22&amp;search_field=subject_link">
                     <geogname encodinganalog="651" source="aacr2">Nicaragua--Description and travel.</geogname>
                  </extref>
               </item>
               <item>
                  <extref xlink:href="http://iucat.iu.edu/catalog?q=%22Panama--Description+and+travel%22&amp;search_field=subject_link">
                     <geogname encodinganalog="651" source="aacr2">Panama--Description and travel.</geogname>
                  </extref>
               </item>
               <item>
                  <extref xlink:href="http://iucat.iu.edu/catalog?q=%22Costa+Rica%22&amp;search_field=subject_link">
                     <geogname encodinganalog="651" source="aacr2">Costa Rica.</geogname>
                  </extref>
               </item>
               <item>
                  <extref xlink:href="http://iucat.iu.edu/catalog?q=%22Honduras%22&amp;search_field=subject_link">
                     <geogname encodinganalog="651" source="aacr2">Honduras.</geogname>
                  </extref>
               </item>
               <item>
                  <extref xlink:href="http://iucat.iu.edu/catalog?q=%22Nicaragua%22&amp;search_field=subject_link">
                     <geogname encodinganalog="651" source="aacr2">Nicaragua.</geogname>
                  </extref>
               </item>
               <item>
                  <extref xlink:href="http://iucat.iu.edu/catalog?q=%22Panama%22&amp;search_field=subject_link">
                     <geogname encodinganalog="651" source="aacr2">Panama.</geogname>
                  </extref>
               </item>
            </list>
         </controlaccess>
         <!-- <persname encodinganalog="600" source="lcnaf">[remove source attribute if name does not come from an authority file] </persname> -->
         <!-- <corpname encodinganalog="610" source="lcnaf">[remove source attribute if name does not come from an authority file]</corpname> -->
         <!--  <famname encodinganalog="600" source="lcnaf">[remove source attribute if name does not come from an authority file]</famname> -->
         <!--  <subject encodinganalog="650" source="lcsh"> </subject> -->
         <!--  <occupation encodinganalog="656" source="lcsh"> </occupation> -->
         <!--  <geogname encodinganalog="651" source="aacr2"> </geogname> -->
         <!-- <genreform encodinganalog="655" source="lcsh"> </genreform> -->
         <!-- <function encodinganalog="657" source="lcsh"/> -->
         <!-- <title encodinganalog="630"> </title> -->
      </controlaccess>
      <!-- optional, if applicable -->
      <relatedmaterial encodinganalog="544 1">
         <head>Related Material</head>
         <p>Pyle mss., Pyle mss. II, Pyle mss. III, Pyle mss. V, Pyle mss. VI, and Pyle mss. VII also located at the Lilly Library, 
                Indiana University, Bloomington, Indiana.</p>
      </relatedmaterial>
      <descgrp>
         <head>Administrative Information</head>
         <!-- required -->
         <acqinfo encodinganalog="541">
            <head>Acquisition Information</head>
            <p>Acquired: 2005</p>
         </acqinfo>
         <!-- required even if unrestricted -->
         <userestrict encodinganalog="540">
            <head>Usage Restrictions</head>
            <p>Prior arrangements are not necessary before coming to the Library, however,
                    patrons from out of town are encouraged to communicate with the Library in
                    advance of their visits to ascertain availability of materials.</p>
            <p>Photocopying permitted only with permission of the Curator of Manuscripts, Lilly
                    Library.</p>
         </userestrict>
         <!-- required -->
         <prefercite encodinganalog="524">
            <head>Preferred Citation</head>
            <p>[Item], Pyle mss. IV, Lilly Library, Indiana University, Bloomington,
                    Indiana.</p>
         </prefercite>
      </descgrp>
      <dsc type="combined"><!-- unittitle is the only required element within component --><!-- possible values for @level include: class, collection, file, fonds, item,
                otherlevel, recordgrp, series, subfonds, subgrp, subseries -->
         <c01 level="file">
            <did>
               <container type="box" label="Box">1</container>
               <unittitle>Dispatches.
                        <unitdate normal="1940-01">Jan. 1940</unitdate>
               </unittitle>
            </did>
         </c01>
         <c01 level="file">
            <did>
               <unittitle>Dispatches.
                        <unitdate normal="1940-02">Feb. 1940</unitdate>
               </unittitle>
            </did>
         </c01>
         <c01 level="file">
            <did>
               <unittitle>Dispatches.
                        <unitdate normal="1940-03">Mar. 1940</unitdate>
               </unittitle>
            </did>
         </c01>
      </dsc>
   </archdesc>
</ead>
