<?xml version="1.0" encoding="UTF-8"?><ead xmlns="urn:isbn:1-931666-22-9" xmlns:xlink="http://www.w3.org/1999/xlink" xmlns:xsi="http://www.w3.org/2001/XMLSchema-instance" xsi:schemaLocation="urn:isbn:1-931666-22-9 http://www.loc.gov/ead/ead.xsd">
   <eadheader countryencoding="iso3166-1" audience="internal" dateencoding="iso8601" scriptencoding="iso15924" findaidstatus="originaldraft" langencoding="iso639-2b" repositoryencoding="iso15511">
      <eadid identifier="InU-Li-VAD6143" encodinganalog="identifier" mainagencycode="InU-Li" countrycode="US">InU-Li-VAD6143</eadid>
      <filedesc>
         <titlestmt>
            <titleproper encodinganalog="title">Brown, E.F. mss., <date calendar="gregorian" normal="1936/1942" era="ce">1936-1942</date>
            </titleproper>
            <subtitle>Papers of Various at the Lilly Library, Indiana University, Bloomington,
               Indiana</subtitle>
            <author encodinganalog="creator">Electronic finding aid encoded by Indiana University
               Libraries.</author>
         </titlestmt>
         <publicationstmt>
            <publisher encodinganalog="publisher">Indiana University Digital Library
               Program</publisher>
            <date calendar="gregorian" normal="2017" encodinganalog="date" era="ce" type="publication">© 2017</date>
         </publicationstmt>
         <notestmt>
            <note encodinganalog="rights">
               <p>
                  <date normal="2017">© 2017</date> Trustees of Indiana University. All rights
                  reserved.</p>
            </note>
         </notestmt>
      </filedesc>
      <profiledesc>
         <creation>XML finding aid automatically generated from spreadsheet output of database.
            Finding aid encoded by Indiana University Libraries, <date calendar="gregorian" normal="2017-03-10" era="ce">March 10, 2017</date>
         </creation>
         <langusage>Description is in <language langcode="eng" scriptcode="Latn" encodinganalog="language">English.</language>
         </langusage>
      </profiledesc>
      <revisiondesc>
         <change audience="internal">
            <date calendar="gregorian" normal="2017-03-10" era="ce">March 10, 2017</date>
            <item>Encoded finding aid created.</item>
         </change>
         <change audience="internal">
            <date calendar="gregorian" normal="2017-12-13" era="ce">December 13, 2017</date>
            <item>Edits and rearrangement of content into requisite Lilly EAD structure, including
               addition of abstract, bioghist, scopecontent, controlaccess, relatedmaterial, and c01
               levels of container list. Haley Suby.</item>
         </change>
         <change audience="internal">
            <date normal="2018-04-27">April 27, 2018</date>
            <item>Batch update to change subject links.</item>
         </change>
      </revisiondesc>
   </eadheader>
   <archdesc audience="external" level="collection" type="inventory" relatedencoding="marc">
      <did>
         <head>Summary Information</head>
         <repository encodinganalog="852" label="Repository" id="lilly">
            <corpname normal="Lilly Library (Indiana University, Bloomington)" source="lcnaf">Lilly
               Library (Indiana University, Bloomington)</corpname>
            <address>
               <addressline>Indiana University</addressline>
               <addressline>1200 E. Seventh St.</addressline>
               <addressline>Bloomington, IN 47405-5500</addressline>
               <addressline>Phone: 812-855-2452</addressline>
               <addressline>Fax: 812-855-3143</addressline>
               <addressline>Email: liblilly@indiana.edu</addressline>
            </address>
            <lb/>
            <extref xlink:href="http://www.indiana.edu/~liblilly">http://www.indiana.edu/~liblilly</extref>
         </repository>
         <origination label="Creator">Various</origination>
         <unittitle encodinganalog="245$a" label="Title">Brown, E.F. mss.</unittitle>
         <unitdate calendar="gregorian" normal="1936/1942" encodinganalog="245$f" era="ce" type="inclusive">1936-1942</unitdate>
         <unitid encodinganalog="099" repositorycode="US-InU-Li" countrycode="US" label="Collection No.">LMC 1137</unitid>
         <physdesc encodinganalog="300$a$f" label="Extent">
            <extent>1 box (59 items)</extent>
         </physdesc>
         <langmaterial encodinganalog="546" label="Language">Materials are in <language langcode="eng">English.</language>
         </langmaterial>
         <abstract encodinganalog="520" label="Abstract">The Brown, E.F., mss., 1936-1942, consist
            of the correspondence of Edward Fisher Brown, 1889-1973, businessman, concerning the
            acquisition of a number of early Peruvian documents and their description and inclusion
            in the Census of Medieval and Renaissance Manuscripts in the United States and Canada,
            by Seymour De Ricci and William Jerome Wilson.</abstract>
      </did>
      <accessrestrict encodinganalog="506$a">
         <head>Access Restrictions</head>
         <p>This collection is open for research.</p>
      </accessrestrict>
      <bioghist encodinganalog="545">
         <head>Biographical Note</head>
         <p>Edward Fisher Brown, 1889-1973, was born in New York and attended public schools,
            earning his degree from New York City University Law School.</p>
         <p>During his career, Brown served as Superintendent of the New York Bureau of Welface of School Children; Executive Secretary of the New York School Lunch Committee and Committee on Public Kitchens; Manager of Palisades Interstate Park; Field Secretary of the Playground and Recreation Association of American; General Director of the Community Arts Association, Santa Barbara, California; Secretary at the Association of Medical Inspectors and Physical Educators, New York State; Secretary of the New York State Commission on Teachers' Welfare, and the Commission on the Extended Use of Public Buildings, Boston.</p>
      </bioghist>
      <scopecontent encodinganalog="520">
         <head>Scope and Content Note</head>
         <p>The Brown, E.F., mss., 1936-1942, consist of the correspondence of Edward Fisher Brown,
            1889-1973, businessman, concerning the acquisition of a number of early Peruvian
            documents and their description and inclusion in the <title render="italic">Census of
               Medieval and Renaissance Manuscripts in the United States and Canada,</title> by
            Seymour De Ricci and William Jerome Wilson. The manuscripts were acquired from the
            Peruvian legislator and historian, Jorge Maria Corbacho. The collection also includes
            four notebooks containing drafts of a description of the documents entitled <title render="doublequote">Sixteenth Century Documents of the Conquest and Pacification of
               Peru</title> and of the De Ricci-Wilson listing. </p>
         <p>The correspondents in the collection include Leslie Edgar Bliss, Edward Fisher Brown,
            Stella Risley Clemence, Jorge Maria Corbacho, Stanley J. Dempsey, Jessica L. Farnum,
            Harry Miller Lydenberg, and William Jerome Wilson. </p>
      </scopecontent>
      <controlaccess>
         <head>Indexing Terms</head>
         <controlaccess>
            <head>Names</head>
            <list>
               <item>
                  <extref xlink:href="https://iucat.iu.edu/?q=&#34;Brown+Edward+Fisher+1889+1973&#34;&amp;search_field=subject_link">
                     <persname encodinganalog="600" source="lcnaf">Brown, Edward F. (Edward Fisher),
                        1889-1973</persname>
                  </extref>
               </item>
            </list>
         </controlaccess>
      </controlaccess>
      <descgrp>
         <head>Administrative Information</head>
         <acqinfo encodinganalog="541">
            <head>Acquisition Information</head>
            <p>Purchase: 1967</p>
         </acqinfo>
         <userestrict encodinganalog="540">
            <head>Usage Restrictions</head>
            <p>Prior arrangements are not necessary before coming to the Library, however, patrons
               from out of town are encouraged to communicate with the Library in advance of their
               visits to ascertain availability of materials.</p>
            <p>Photocopying permitted only with permission of the curator.</p>
         </userestrict>
         <prefercite encodinganalog="524$a">
            <head>Preferred Citation</head>
            <p>[Item], Brown, E.F. mss., Lilly Library, Indiana University, Bloomington,
               Indiana.</p>
         </prefercite>
      </descgrp>
      <dsc type="combined">
         <c01 level="collection" id="VAD6143-00001">
            <did>
               <unittitle>Brown, E.F. mss., 1936-1942</unittitle>
               <physdesc>
                  <extent>1 box (59 items)</extent>
               </physdesc>
            </did>
         </c01>
      </dsc>
   </archdesc>
</ead>