<?xml version="1.0" encoding="utf-8"?>
<!-- Indiana University EAD template draft: 2003-Jan-2, 
    revised 2004-09-15 JLR; 
    revised fall 2006 and spring/summer 2007 JLR w/ EAD Working Group
    added repository code to /ead/archdesc/did/repository/@id, 4/1/09 JLR
-->
<ead xmlns="urn:isbn:1-931666-22-9"
     xmlns:xlink="http://www.w3.org/1999/xlink"
     xmlns:xsi="http://www.w3.org/2001/XMLSchema-instance"
     xsi:schemaLocation="urn:isbn:1-931666-22-9 http://www.loc.gov/ead/ead.xsd">
   <eadheader relatedencoding="dublincore"
              audience="external"
              langencoding="iso639-2b"
              scriptencoding="iso15924"
              repositoryencoding="iso15511"
              countryencoding="iso3166-1"
              dateencoding="iso8601"
              findaidstatus="edited-full-draft">
      <eadid encodinganalog="identifier"
             identifier="InU-Li-VAD3271"
             countrycode="US"
             mainagencycode="InU-Li">InU-Li-VAD3271</eadid>
      <!-- The value of eadid should follow the pattern of archive or library code, and then a 
unique number for the collection, e.g. InU-Li-VAA1234. Put this full identifier both in the identifier attribute and in the value of the eadid element. -->
      <!-- Generate a unique number for the collection at http://www.dlib.indiana.edu/cgi-bin/testtrackedit/filename.pl -->
      <filedesc><!-- This is a description of the electronic finding aid, not the 
original finding aid or the collection --><!-- Make title "The John Doe Papers, 1919-1965" rather than "The 
Papers of John Doe, 1919-1965" to eliminate 
                potential confusion about the meaning of the dates -->
         <titlestmt>
            <titleproper encodinganalog="title">Hawes mss., <date type="inclusive" normal="1964/1999">1964-1999</date>
            </titleproper>
         </titlestmt>
         <publicationstmt>
            <publisher encodinganalog="publisher">Indiana University Libraries</publisher>
            <date encodinganalog="date" normal="2014" type="publication">© 2014</date>
         </publicationstmt>
         <notestmt><!-- Change date to date of first publication, change rights statement if other entity claims rights over the finding aid (not the collection)-->
            <note encodinganalog="rights">
               <p>
                  <date normal="2014">© 2014</date> Trustees of Indiana University. All rights
                        reserved.</p>
            </note>
         </notestmt>
      </filedesc>
      <profiledesc>
         <creation>XML finding aid derived from HTML version through cutting and pasting and
                through folder analysis. <date normal="2014" type="source">2014</date>
            <lb/>Finding aid encoded by Abi Parker, Lilly Library, Indiana University, <date normal="2014-10-13">October 13, 2014</date>
         </creation>
         <langusage>Description is in <language encodinganalog="language" langcode="eng">English.</language>
         </langusage>
      </profiledesc>
      <!-- revisiondesc is required -->
      <!-- record when the finding aid is completed in first change element, 
with subsequent changes
listed below the first -->
      <revisiondesc>
         <change audience="internal">
            <date normal="2014-10-13">October 13, 2014</date>
            <item>Encoded finding aid started.</item>
         </change>
         <change audience="internal">
            <date normal="2017-11-29">November 29, 2017</date>
            <item>Batch update to change subject links.</item>
         </change>
      </revisiondesc>
   </eadheader>
   <archdesc level="collection"
             audience="external"
             type="inventory"
             relatedencoding="marc21"><!-- The TYPE attribute can be used to categorize the finding aid as an inventory, register, or other format. -->
      <did>
         <head>Summary Information</head>
         <repository encodinganalog="852" label="Repository" id="lilly">
            <corpname source="lcnaf" normal="Lilly Library (Indiana University, Bloomington)">Lilly Library (Indiana University, Bloomington)</corpname>
            <address>
               <addressline>Lilly Library</addressline>
               <addressline>Indiana University</addressline>
               <addressline>1200 E. Seventh St.</addressline>
               <addressline>Bloomington, IN 47405-5500</addressline>
               <addressline>Phone: 812-855-2452</addressline>
               <addressline>Fax: 812-855-3143</addressline>
               <addressline>Email: liblilly@indiana.edu</addressline>
            </address>
         </repository>
         <origination label="Creator"><!-- Or <corpname encodinganalog="110">, <meeting encodinganalog="111">, with source="lcnaf" if appropriate -->
            <persname source="lcnaf" encodinganalog="100">Hawes, David S.</persname>
         </origination>
         <!-- per RLG guidelines recommendation, do not nest unitdate element within
unittitle element -->
         <unittitle encodinganalog="245$a" label="Title">Hawes mss.</unittitle>
         <unitdate normal="1964/1999" type="inclusive" encodinganalog="245$f">1964-1999</unitdate>
         <!-- do not include separating punctuation between the unit title and the unit
date.  The stylesheets will supply a comma where appropriate. -->
         <!-- unitdate may be repeated if both bulk and inclusive dates are recorded -->
         <!-- record the type of date - bulk or inclusive - in the type attribute. if date is bulk, change encodinganalog to 245$g -->
         <!-- recommended -->
         <unitid encodinganalog="099" label="Collection No.">LMC 1480</unitid>
         <physdesc encodinganalog="300" label="Extent">
            <extent>42 items</extent>
         </physdesc>
         <!-- if both linear feet and number of items included, repeat extent-->
         <!-- if collection includes signinficant non-english material add code to
langmaterial element -->
         <langmaterial encodinganalog="546" label="Language">Materials are in <language langcode="eng">English.</language>
         </langmaterial>
         <abstract encodinganalog="520" label="Abstract">Consists of writings, recordings, and
                videos of Professor Hawes, relating chiefly to humorist Kin Hubbard and his
                character creation, "Abe Martin."</abstract>
      </did>
      <!-- required even if unrestricted -->
      <accessrestrict encodinganalog="506">
         <head>Access Restrictions</head>
         <p>This collection is open for research.</p>
      </accessrestrict>
      <!-- required; can be short -->
      <bioghist encodinganalog="545">
         <head>Biographical Note</head>
         <p>David S. Hawes became Professor Emeritus of Theatre and Drama at Indiana University
                in 1980. </p>
      </bioghist>
      <!-- required for collection level; optional for lower levels -->
      <scopecontent encodinganalog="520">
         <head>Scope and Content Note</head>
         <p>Materials relate chiefly to humorist Kin Hubbard and his character creation, "Abe
                Martin." Included also are his writings and proposals relating to two projects
                titled "Heritage of Humor in America" and "Laughter in America." Abe Martin has a
                prominent role in both of these projects, along with Artemus Ward (Charles Farrar
                Browne) and "Mr. Martin Dooley," created by Finley Peter Dunne.</p>
         <p>The final items in the collection are a "partial memoir" called "Fragments of a Lucky
                Life--So Far (As Sifted from a Quirky Memory)," and two volumes of writings called
                    "<emph render="italic">Scribbles</emph>" and "Poems from <emph render="italic">Scribbles</emph>." The latter is accompanied by a cassette tape of Prof. Hawes
                reading "Poems from <emph render="italic">Scribbles</emph>."</p>
      </scopecontent>
      <!-- recommended; this information would be included for marc amc record -->
      <!-- should include all personal and corporate names, and subject headings -->
      <controlaccess>
         <head>Indexing Terms</head>
         <controlaccess>
            <head>Names</head>
            <list>
               <item>
                  <extref xlink:href="http://www.iucat.iu.edu/catalog?q=+%2BHubbard+%2BKin+%2B1868+%2B1930&amp;search_field=subject">
                     <persname encodinganalog="600" source="lcnaf">Hubbard, Kin,
                                1868-1930.</persname>
                  </extref>
               </item>
               <item>
                  <extref xlink:href="http://www.iucat.iu.edu/catalog?q=+%2BHawes+%2BDavid+%2BS&amp;search_field=subject">
                     <persname encodinganalog="600" source="lcnaf">Hawes, David
                                S.</persname>
                  </extref>
               </item>
            </list>
         </controlaccess>
         <controlaccess>
            <head>Topics</head>
            <list>
               <item>
                  <extref xlink:href="http://www.iucat.iu.edu/catalog?q=+%2BAmerican+%2Bwit+%2Band+%2Bhumor&amp;search_field=subject">
                     <subject encodinganalog="650" source="lcnaf">American wit and
                                humor.</subject>
                  </extref>
               </item>
            </list>
         </controlaccess>
         <!-- <persname encodinganalog="600" source="lcnaf">[remove source attribute if name does not come from an authority file] </persname> -->
         <!-- <corpname encodinganalog="610" source="lcnaf">[remove source attribute if name does not come from an authority file]</corpname> -->
         <!--  <famname encodinganalog="600" source="lcnaf">[remove source attribute if name does not come from an authority file]</famname> -->
         <!--  <subject encodinganalog="650" source="lcsh"> </subject> -->
         <!--  <occupation encodinganalog="656" source="lcsh"> </occupation> -->
         <!--  <geogname encodinganalog="651" source="aacr2"> </geogname> -->
         <!-- <genreform encodinganalog="655" source="lcsh"> </genreform> -->
         <!-- <function encodinganalog="657" source="lcsh"/> -->
         <!-- <title encodinganalog="630"> </title> -->
      </controlaccess>
      <descgrp>
         <head>Administrative Information</head>
         <!-- required -->
         <acqinfo encodinganalog="541">
            <head>Acquisition Information</head>
            <p>Gift. David S. Hawes. Bloomington, IN 1999.</p>
         </acqinfo>
         <!-- required even if unrestricted -->
         <userestrict encodinganalog="540">
            <head>Usage Restrictions</head>
            <p>Prior arrangements are not necessary before coming to the Library, however,
                    patrons from out of town are encouraged to communicate with the Library in
                    advance of their visits to ascertain availability of materials.</p>
            <p>Photocopying permitted only with permission of the Curator of Manuscripts, Lilly
                    Library.</p>
         </userestrict>
         <!-- required -->
         <prefercite encodinganalog="524">
            <head>Preferred Citation</head>
            <p>[Item], Hawes mss., Lilly Library, Indiana University, Bloomington, Indiana.</p>
         </prefercite>
         <!--required -->
         <processinfo encodinganalog="583">
            <head>Processing Information</head>
            <p>Processed by staff.</p>
         </processinfo>
      </descgrp>
      <dsc type="combined"><!-- unittitle is the only required element within component --><!-- possible values for @level include: class, collection, file, fonds, item,
                otherlevel, recordgrp, series, subfonds, subgrp, subseries -->
         <c01 level="file">
            <did>
               <container label="Box" type="Box">1</container>
               <unittitle>Kin Hubbard - Abe Martin </unittitle>
               <physdesc>(25 folders)</physdesc>
            </did>
            <note>
               <p>Includes scripts for one-man shows performed by David Hawes; the manuscript
                        of Hawes' <emph render="italic">The Best of Kin Hubbard's Abe Martin</emph>;
                        manuscript for a proposed introduction to The Best of Abe Martin; "Abe
                        Martin and his Neighbors"; <emph render="italic">Abe Martin's Brown County
                            Revue</emph> (A Musical Extravaganza in two acts) by David Hawes and Al
                        Cobine script and cassette tape; "Illustrated talk: 'Kin Hubbard:
                        Philosopher and Cutup'" - script and video; and video and notes for TV
                        production: "Abe Martin, Brown County, Indiana."</p>
            </note>
         </c01>
         <c01 level="file">
            <did>
               <unittitle>Heritage of Humor in America</unittitle>
               <physdesc>(11 folders)</physdesc>
            </did>
            <note>
               <p>Includes "One-man show: 'Mr. Martin Dooley'" script and cassette tape;
                        "Artemus Ward will Speak a Piece" script and cassette tape; "One-man show:
                        'Abe Martin Says'" script and cassette tape. </p>
            </note>
         </c01>
         <c01 level="file">
            <did>
               <container label="Box" type="Box">2</container>
               <unittitle>Laughter in America </unittitle>
               <physdesc>(7 folders)</physdesc>
            </did>
            <note>
               <p>Includes: Hawes, David: "Artemus Ward Will Speak a Piece," reprint from <emph render="italic">Quarterly Journal of Speech</emph>, vol. L, Dec. 1964;
                        Hawes, "The American Humorist as Critic and Conscience," typescript of
                        lecture; "Artemus Ward, the Old Showman" script of a one-man show, by David
                        Hawes; and "Crackerbarrel Philosophers as Critics and Clowns," by David
                        Hawes, typescript.</p>
            </note>
         </c01>
         <c01 level="file">
            <did>
               <unittitle>Other writings by David S. Hawes. </unittitle>
            </did>
            <note>
               <p>"Fragments..."; "Scribbles"; "Poems From 'Scribbles,' read by David Hawes,"
                        accompanied by cassette recording.</p>
            </note>
         </c01>
      </dsc>
   </archdesc>
</ead>
