<?xml version="1.0" encoding="utf-8"?>
<!-- Indiana University EAD template draft: 2003-Jan-2, 
    revised 2004-09-15 JLR; 
    revised fall 2006 and spring/summer 2007 JLR w/ EAD Working Group  -->
<ead xmlns="urn:isbn:1-931666-22-9"
     xmlns:xlink="http://www.w3.org/1999/xlink"
     xmlns:xsi="http://www.w3.org/2001/XMLSchema-instance"
     xsi:schemaLocation="urn:isbn:1-931666-22-9 http://www.loc.gov/ead/ead.xsd">
   <eadheader relatedencoding="dublincore"
              audience="external"
              langencoding="iso639-2b"
              scriptencoding="iso15924"
              repositoryencoding="iso15511"
              countryencoding="iso3166-1"
              dateencoding="iso8601"
              findaidstatus="edited-full-draft">
      <eadid encodinganalog="identifier"
             identifier="InU-Li-VAA9461"
             countrycode="US"
             mainagencycode="InU-Li">InU-Li-VAA9461</eadid>
      <!-- The value of eadid should follow the pattern of archive or library code, and then a 
unique number for the collection, e.g. InU-Li-VAA1234. Put this full identifier both in the identifier attribute and in the value of the eadid element. -->
      <!-- Generate a unique number for the collection at http://www.dlib.indiana.edu/cgi-bin/testtrackedit/filename.pl -->
      <filedesc><!-- This is a description of the electronic finding aid, not the 
original finding aid or the collection --><!-- Make title "The John Doe Papers, 1919-1965" rather than "The 
Papers of John Doe, 1919-1965" to eliminate 
                potential confusion about the meaning of the dates -->
         <titlestmt>
            <titleproper encodinganalog="title">Clarke, T.E.B. mss., <date normal="1934/1988">1934-1988</date>
            </titleproper>
         </titlestmt>
         <publicationstmt>
            <publisher encodinganalog="publisher">Indiana University Digital Library
                    Program</publisher>
            <date encodinganalog="date" normal="2009" type="publication">© 2009</date>
         </publicationstmt>
         <notestmt><!-- Change date to date of first publication, change rights statement if other entity claims rights over the finding aid (not the collection)-->
            <note encodinganalog="rights">
               <p>
                  <date normal="2009">© 2009</date> Trustees of Indiana University. All rights
                        reserved.</p>
            </note>
         </notestmt>
      </filedesc>
      <profiledesc>
         <creation><!--description of how the finding aid was created, for example: -->
                Machine-readable finding aid derived from HTML inventory through cutting and
                pasting. <lb/>[date of source: <date normal="2007-03-19" type="source">March 19,
                    2007</date>
            <lb/>Finding aid encoded by Valerie Higgins, Library/Archives, Indiana University,
                    <date normal="2009-02-24">February 24, 2009</date>
         </creation>
         <langusage>Description is in <language encodinganalog="language" langcode="eng">English.</language>
         </langusage>
      </profiledesc>
      <!-- revisiondesc is required -->
      <!-- record when the finding aid is completed in first change element, 
with subsequent changes
listed below the first -->
      <revisiondesc>
         <change audience="internal">
            <date normal="2009-02-24"/>
            <item/>
         </change>
         <change audience="internal">
            <date normal="2017-11-29">November 29, 2017</date>
            <item>Batch update to change subject links.</item>
         </change>
      </revisiondesc>
   </eadheader>
   <archdesc level="collection"
             audience="external"
             type="inventory"
             relatedencoding="marc21"><!-- The TYPE attribute can be used to categorize the finding aid as an inventory, register, or other format. -->
      <did>
         <head>Summary Information</head>
         <repository encodinganalog="852" label="Repository:" id="lilly">
            <corpname source="lcnaf" normal="Lilly Library (Indiana University, Bloomington)">Lilly Library (Indiana University, Bloomington)</corpname>
            <address>
               <addressline>Indiana University</addressline>
               <addressline>1200 E. Seventh St.</addressline>
               <addressline>Bloomington, IN 47405-5500</addressline>
               <addressline>Phone: 812-855-2452</addressline>
               <addressline>Fax: 812-855-3143</addressline>
               <addressline>Email: liblilly@indiana.edu</addressline>
            </address>
            <lb/>
            <extref xlink:href="http://www.indiana.edu/~liblilly">http://www.indiana.edu/~liblilly</extref>
         </repository>
         <origination label="Creator"><!-- Or <corpname encodinganalog="110">, <meeting encodinganalog="111">, with source="lcnaf" if appropriate -->
            <persname source="lcnaf" encodinganalog="100">Clarke, Thomas Ernest Bennett,
                    1907-1989</persname>
         </origination>
         <!-- per RLG guidelines recommendation, do not nest unitdate element within
unittitle element -->
         <unittitle encodinganalog="245$a" label="Title">Clarke, T.E.B. mss.</unittitle>
         <unitdate normal="1934/1988" type="inclusive" encodinganalog="245$f">1934-1988</unitdate>
         <!-- do not include separating punctuation between the unit title and the unit
date.  The stylesheets will supply a comma where appropriate. -->
         <!-- unitdate may be repeated if both bulk and inclusive dates are recorded -->
         <!-- record the type of date - bulk or inclusive - in the type attribute. if date is bulk, change encodinganalog to 245$g -->
         <!-- recommended -->
         <unitid encodinganalog="099" label="Collection No.">LMC 1844</unitid>
         <physdesc encodinganalog="300" label="Extent">
            <extent>ca. 1750 items</extent>
            <!-- if both linear feet and number of items included, repeat extent-->
         </physdesc>
         <!-- if collection includes signinficant non-english material add code to
langmaterial element -->
         <langmaterial encodinganalog="546" label="Language">Materials are in <language langcode="eng" encodinganalog="546">English</language>
         </langmaterial>
         <abstract encodinganalog="520" label="Abstract">The Clarke, T.E.B. mss., 1934-1988,
                consists of the papers of British author and screenwriter Thomas Ernest Bennett
                Clarke, 1907-1989.</abstract>
      </did>
      <!-- required even if unrestricted -->
      <accessrestrict encodinganalog="506">
         <head>Access Restrictions</head>
         <p>This collection is open for research.</p>
      </accessrestrict>
      <!-- required; can be short -->
      <bioghist encodinganalog="545">
         <head>Biographical Note</head>
         <p>Thomas Ernest Bennett Clarke, 1907-1989, wrote numerous story outlines and original
                screenplays for Ealing Studios, including the screenplay for <title render="doublequote">The Lavender Hill Mob</title> for which he won the Academy
                Award and Venice Award for 1952. In addition, he wrote screen adaptations for such
                works as <emph render="italic">A Tale of Two Cities</emph> and D.H. Lawrence's <emph render="italic">Sons and Lovers</emph> which earned him an Oscar nomination. He
                also wrote television scripts and a play <title render="italic">This Undesirable
                    Residence.</title> His writings consist mostly of fiction, but include an
                autobiography, <title render="italic">What's Yours?: The Student's Guide to
                    Publand,</title> newspaper and magazine articles.</p>
      </bioghist>
      <!--optional -->
      <arrangement encodinganalog="351">
         <head>Arrangement</head>
         <p>The collection is arranged in the following series: I. Biographical; II.
                Correspondence; III. Contracts; IV. Scripts; V. Writings; VI. Photographs; VII.
                Miscellaneous; VIII. Printed.</p>
      </arrangement>
      <!-- required for collection level; optional for lower levels -->
      <scopecontent encodinganalog="520">
         <head>Scope and Content Note</head>
         <p>The Clarke, T.E.B. mss., 1934-1988, consists of the papers of British author and
                screenwriter Thomas Ernest Bennett Clarke, 1907-1989. The papers include
                biographical material, correspondence, contracts, scripts, writings, photographs,
                and printed materials.</p>
      </scopecontent>
      <!-- recommended; this information would be included for marc amc record -->
      <!-- should include all personal and corporate names, and subject headings -->
      <controlaccess>
         <head>Indexing Terms</head>
         <p>The following terms have been used to index the description of this collection in
                    <extref xlink:href="http://www.iucat.iu.edu">IUCAT</extref>, the IU Libraries'
                online catalog. Materials about related topics, persons or places can be found by
                searching the catalog using these terms. </p>
         <controlaccess>
            <head>Names</head>
            <list>
               <item>
                  <extref xlink:href="https://iucat.iu.edu/?q=&#34;clarke+thomas+ernest+bennett+1907+1989&#34;&amp;search_field=subject_link">
                     <persname encodinganalog="600" source="lcnaf">Clarke, Thomas Ernest Bennett,
                            1907-1989.</persname>
                  </extref>
               </item>
               <item>
                  <extref xlink:href="https://iucat.iu.edu/?q=&#34;clarke+thomas+ernest+bennett+1907+1989+correspondence&#34;&amp;search_field=subject_link">
                     <persname encodinganalog="600" source="lcnaf">Clarke, Thomas Ernest Bennett,
                            1907-1989 --Correspondence.</persname>
                  </extref>
               </item>
            </list>
         </controlaccess>
         <controlaccess>
            <head>Topics</head>
            <list>
               <item>
                  <extref xlink:href="https://iucat.iu.edu/?q=&#34;plays&#34;&amp;search_field=subject_link">
                     <genreform encodinganalog="655" source="lcsh">Plays.</genreform>
                  </extref>
               </item>
               <item>
                  <extref xlink:href="https://iucat.iu.edu/?q=&#34;motion+picture+plays&#34;&amp;search_field=subject_link">
                     <subject encodinganalog="650" source="lcsh">Motion picture plays.</subject>
                  </extref>
               </item>
               <item>
                  <extref xlink:href="https://iucat.iu.edu/?q=&#34;television+scripts&#34;&amp;search_field=subject_link">
                     <subject encodinganalog="650" source="lcsh">Television scripts.</subject>
                  </extref>
               </item>
               <item>
                  <extref xlink:href="https://iucat.iu.edu/?q=&#34;screenwriters+england&#34;&amp;search_field=subject_link">
                     <subject encodinganalog="650" source="lcsh">Screenwriters --England.</subject>
                  </extref>
               </item>
            </list>
         </controlaccess>
         <controlaccess>
            <head>Titles</head>
            <list>
               <item>
                  <extref xlink:href="https://iucat.iu.edu/?q=&#34;punch+london+england&#34;&amp;search_field=subject_link">
                     <title encodinganalog="730">Punch (London, England).</title>
                  </extref>
               </item>
            </list>
         </controlaccess>
      </controlaccess>
      <descgrp>
         <head>Administrative Information</head>
         <!-- required -->
         <acqinfo encodinganalog="541">
            <head>Acquisition Information</head>
            <p>Purchase. 1990</p>
         </acqinfo>
         <!-- required even if unrestricted -->
         <userestrict encodinganalog="540">
            <head>Usage Restrictions</head>
            <p>Photocopying permitted only with permission of the Curator of Manuscripts, Lilly
                    Library.</p>
         </userestrict>
         <!-- required -->
         <prefercite encodinganalog="524">
            <head>Preferred Citation</head>
            <p>[Item], Clarke, T.E.B. mss., Lilly Library, Indiana University, Bloomington,
                    Indiana.</p>
         </prefercite>
      </descgrp>
      <dsc type="combined"><!-- unittitle is the only required element within component --><!-- possible values for @level include: class, collection, file, fonds, item,
                otherlevel, recordgrp, series, subfonds, subgrp, subseries -->
         <c01 level="series">
            <did><!-- optional -->
               <container type="Box" label="Box">1</container>
               <unittitle>Biographical</unittitle>
            </did>
            <c02 level="file">
               <did>
                  <unittitle>Biographical</unittitle>
                  <physdesc>(1 folder)</physdesc>
               </did>
            </c02>
         </c01>
         <c01 level="series">
            <did>
               <unittitle>Correspondence</unittitle>
            </did>
            <c02 level="file">
               <did>
                  <container type="Box" label="Box">1</container>
                  <unittitle>Correspondence, <unitdate normal="1934/1988" type="inclusive">1934-1988</unitdate>
                  </unittitle>
                  <physdesc>(7 folders)</physdesc>
                  <note>
                     <p>(not indexed)</p>
                  </note>
               </did>
            </c02>
            <c02 level="file">
               <did>
                  <unittitle>
                     <emph render="italic">Punch</emph> contributions: correspondence
                            with <emph render="italic">Punch</emph> magazine and the writings
                            submitted by Clarke</unittitle>
                  <physdesc>(2 folders)</physdesc>
               </did>
            </c02>
         </c01>
         <c01 level="series">
            <did>
               <unittitle>Contracts</unittitle>
            </did>
            <c02 level="file">
               <did>
                  <container type="Box" label="Box">1</container>
                  <unittitle>Contracts, <unitdate normal="1930/1983" type="inclusive">1930-1983</unitdate>
                  </unittitle>
                  <physdesc>(4 folders)</physdesc>
               </did>
            </c02>
         </c01>
         <c01 level="series">
            <did>
               <unittitle>Scripts</unittitle>
            </did>
            <c02 level="subseries">
               <did>
                  <unittitle>Films</unittitle>
               </did>
               <scopecontent>
                  <p>One folder per title, unless otherwise indicated.</p>
               </scopecontent>
               <arrangement>
                  <head>Arrangement</head>
                  <p>Arranged in alphabetical order by title.</p>
               </arrangement>
               <c03 level="file">
                  <did>
                     <container type="Box" label="Box">1</container>
                     <unittitle>
                        <title render="italic">Angels Rush In.</title>
                                script</unittitle>
                  </did>
               </c03>
               <c03 level="file">
                  <did>
                     <unittitle>
                        <title render="italic">The Ant and the Grasshopper.</title>
                                script</unittitle>
                  </did>
               </c03>
               <c03 level="file">
                  <did>
                     <unittitle>
                        <title render="italic">Barnacle Bill.</title> two
                                scripts</unittitle>
                     <physdesc>(2 folders)</physdesc>
                  </did>
               </c03>
               <c03 level="file">
                  <did>
                     <unittitle>
                        <title render="italic">Be My Guest.</title> outline
                                only</unittitle>
                  </did>
               </c03>
               <c03 level="file">
                  <did>
                     <unittitle>
                        <title render="italic">Bell, Book and Candle.</title> notes
                                only</unittitle>
                  </did>
               </c03>
               <c03 level="file">
                  <did>
                     <unittitle>
                        <title render="italic">The Blue Lamp.</title> synopsis,
                                script</unittitle>
                     <physdesc>(2 folders)</physdesc>
                  </did>
               </c03>
               <c03 level="file">
                  <did>
                     <unittitle>
                        <title render="italic">Call of Duty.</title> two
                                scripts</unittitle>
                     <physdesc>(2 folders)</physdesc>
                  </did>
               </c03>
               <c03 level="file">
                  <did>
                     <unittitle>
                        <title render="italic">Crusade.</title> two pages of
                                script</unittitle>
                  </did>
               </c03>
               <c03 level="file">
                  <did>
                     <unittitle>
                        <title render="italic">The Do-nut Dolly.</title>
                                script</unittitle>
                  </did>
               </c03>
               <c03 level="file">
                  <did>
                     <unittitle>
                        <title render="italic">Gold Country.</title> outline
                                only</unittitle>
                  </did>
               </c03>
               <c03 level="file">
                  <did>
                     <unittitle>
                        <title render="italic">Hell Columbia.</title> outline
                                only</unittitle>
                  </did>
               </c03>
               <c03 level="file">
                  <did>
                     <unittitle>
                        <title render="italic">The Herring Farm</title> (or: <title render="italic">High and Dry</title> ) with Richard Hughes.
                                script</unittitle>
                  </did>
               </c03>
               <c03 level="file">
                  <did>
                     <unittitle>
                        <title render="italic">The Horse Without a Head.</title>
                                script</unittitle>
                  </did>
               </c03>
               <c03 level="file">
                  <did>
                     <unittitle>
                        <title render="italic">Hue and Cry.</title> program
                                only</unittitle>
                  </did>
               </c03>
               <c03 level="file">
                  <did>
                     <unittitle>
                        <title render="italic">I.O.U.</title> outline
                                only</unittitle>
                  </did>
               </c03>
               <c03 level="file">
                  <did>
                     <unittitle>
                        <title render="italic">Jeremy Fowler's Box.</title> outline
                                only</unittitle>
                  </did>
               </c03>
               <c03 level="file">
                  <did>
                     <unittitle>
                        <title render="italic">Johnny Frenchman.</title> program
                                only</unittitle>
                  </did>
               </c03>
               <c03 level="file">
                  <did>
                     <unittitle>
                        <title render="italic">Judy Belle and the Poorest
                                    Millionaire.</title> outline, script</unittitle>
                     <physdesc>(2 folders)</physdesc>
                  </did>
               </c03>
               <c03 level="file">
                  <did>
                     <unittitle>
                        <title render="italic">The Ladykillers.</title> script
                                (worked on by Clarke, but no credit given)</unittitle>
                  </did>
               </c03>
               <c03 level="file">
                  <did>
                     <unittitle>
                        <title render="italic">The Last Straw.</title> outline
                                only</unittitle>
                  </did>
               </c03>
               <c03 level="file">
                  <did>
                     <unittitle>
                        <title render="italic">The Lavender Hill Mob.</title>
                                treatment, program, script</unittitle>
                     <physdesc>(2 folders)</physdesc>
                  </did>
               </c03>
               <c03 level="file">
                  <did>
                     <unittitle>
                        <title render="italic">Law and Disorder</title> (or: <title render="italic">Passing strange</title> ). outline,
                                script</unittitle>
                     <physdesc>(2 folders)</physdesc>
                  </did>
               </c03>
               <c03 level="file">
                  <did>
                     <container type="Box" label="Box">2</container>
                     <unittitle>
                        <title render="italic">Let's Make a Movie.</title>
                                outline</unittitle>
                  </did>
               </c03>
               <c03 level="file">
                  <did>
                     <unittitle>
                        <title render="italic">Long Live Charlie Hooper</title> (or:
                                    <title render="italic">Grandson of the Prisoner of Zenda</title>
                                ). outline</unittitle>
                  </did>
               </c03>
               <c03 level="file">
                  <did>
                     <unittitle>
                        <title render="italic">The Magnet.</title> program
                                only</unittitle>
                  </did>
               </c03>
               <c03 level="file">
                  <did>
                     <unittitle>
                        <title render="italic">Maiden Event.</title> outline, two
                                scripts</unittitle>
                     <physdesc>(3 folders)</physdesc>
                  </did>
               </c03>
               <c03 level="file">
                  <did>
                     <unittitle>
                        <title render="italic">The Magnificent Travels, Adventures,
                                    Campaigns, Loves and Lives of Baron Munchausen.</title> three
                                scripts</unittitle>
                     <physdesc>(3 folders)</physdesc>
                  </did>
               </c03>
               <c03 level="file">
                  <did>
                     <unittitle>
                        <title render="italic">The Man Who Seduced the Bank.</title>
                                two scripts</unittitle>
                     <physdesc>(2 folders)</physdesc>
                  </did>
               </c03>
               <c03 level="file">
                  <did>
                     <unittitle>
                        <title render="italic">Miss Hargreaves.</title>
                                treatment</unittitle>
                  </did>
               </c03>
               <c03 level="file">
                  <did>
                     <unittitle>
                        <title render="italic">Passport to Pimlico.</title> program
                                only</unittitle>
                  </did>
               </c03>
               <c03 level="file">
                  <did>
                     <unittitle>
                        <title render="italic">Premiere.</title> program only (Royal
                                film performance to aid the Cinematograph Trade Benevolent Fund,
                                    <unitdate normal="1952">1952</unitdate>)</unittitle>
                  </did>
               </c03>
               <c03 level="file">
                  <did>
                     <unittitle>
                        <title render="italic">The Rainbow Jacket.</title> program,
                                script</unittitle>
                     <physdesc>(2 folders)</physdesc>
                  </did>
               </c03>
               <c03 level="file">
                  <did>
                     <unittitle>
                        <title render="italic">Ratcliff Highway.</title> treatment,
                                four scripts, misc. pages of scripts and notes</unittitle>
                     <physdesc>(7 folders)</physdesc>
                  </did>
               </c03>
               <c03 level="file">
                  <did>
                     <unittitle>
                        <title render="italic">The Road to Killiecrankie</title>
                                (adapted from: <emph render="italic">I Saw Him Die</emph>).
                                outline</unittitle>
                  </did>
               </c03>
               <c03 level="file">
                  <did>
                     <unittitle>
                        <title render="italic">Roman Holiday, by William
                                    Wyler.</title> script (worked on by Clarke, but no credit
                                given)</unittitle>
                  </did>
               </c03>
               <c03 level="file">
                  <did>
                     <unittitle>
                        <title render="italic">Rosika and the Ark of Peace.</title>
                                outline</unittitle>
                  </did>
               </c03>
               <c03 level="file">
                  <did>
                     <unittitle>
                        <title render="italic">Run For Your Life.</title>
                                outline</unittitle>
                  </did>
               </c03>
               <c03 level="file">
                  <did>
                     <unittitle>
                        <title render="italic">Show a Legation.</title> script
                                (incomplete?)</unittitle>
                  </did>
               </c03>
               <c03 level="file">
                  <did>
                     <unittitle>
                        <title render="italic">The Storm of London.</title>
                                treatment, outline, notes, script</unittitle>
                     <physdesc>(3 folders)</physdesc>
                  </did>
               </c03>
               <c03 level="file">
                  <did>
                     <unittitle>
                        <title render="italic">Strawberry Leaves.</title>
                                script</unittitle>
                  </did>
               </c03>
               <c03 level="file">
                  <did>
                     <unittitle>
                        <title render="italic">Superthief.</title> three scripts,
                                miscellaneous revised pages and notes</unittitle>
                     <physdesc>(6 folders)</physdesc>
                  </did>
               </c03>
               <c03 level="file">
                  <did>
                     <container type="Box" label="Box">3</container>
                     <unittitle>
                        <title render="italic">A Tale of Two Cities.</title> outline,
                                script</unittitle>
                  </did>
               </c03>
               <c03 level="file">
                  <did>
                     <unittitle>
                        <title render="italic">The Titfield Thunderbolt.</title>
                                programs</unittitle>
                  </did>
               </c03>
               <c03 level="file">
                  <did>
                     <unittitle>
                        <title render="italic">The Watch House.</title>
                                outline</unittitle>
                  </did>
               </c03>
               <c03 level="file">
                  <did>
                     <unittitle>
                        <title render="italic">The Wrath of Grapes.</title>
                                outline</unittitle>
                  </did>
               </c03>
               <c03 level="file">
                  <did>
                     <unittitle>
                        <title render="italic">Miscellaneous.</title> outlines and
                                notes</unittitle>
                     <physdesc>(2 folders)</physdesc>
                  </did>
               </c03>
            </c02>
            <c02 level="subseries">
               <did>
                  <unittitle>Stage Plays</unittitle>
               </did>
               <c03 level="file">
                  <did>
                     <container type="Box" label="Box">3</container>
                     <unittitle>
                        <title render="italic">October Night.</title> four
                                scripts</unittitle>
                     <physdesc>(4 folders)</physdesc>
                  </did>
               </c03>
               <c03 level="file">
                  <did>
                     <unittitle>
                        <title render="italic">This Undesirable Residence.</title>
                                script, notes</unittitle>
                     <physdesc>(2 folders)</physdesc>
                  </did>
               </c03>
            </c02>
            <c02 level="subseries">
               <did>
                  <unittitle>Television</unittitle>
               </did>
               <c03 level="file">
                  <did>
                     <container type="Box" label="Box">3</container>
                     <unittitle>
                        <title render="italic">The Casting Couch.</title>
                                scripts</unittitle>
                  </did>
               </c03>
               <c03 level="file">
                  <did>
                     <unittitle>
                        <title render="italic">Do You Believe in Ghosts.</title> two
                                scripts</unittitle>
                  </did>
               </c03>
               <c03 level="file">
                  <did>
                     <unittitle>
                        <title render="italic">The First of the Many.</title>
                                outline</unittitle>
                  </did>
               </c03>
               <c03 level="file">
                  <did>
                     <unittitle>
                        <title render="italic">The Four Georges.</title>
                                outline</unittitle>
                  </did>
               </c03>
               <c03 level="file">
                  <did>
                     <unittitle>
                        <title render="italic">Ludo Lochinvar.</title> two
                                scripts</unittitle>
                     <physdesc>(2 folders)</physdesc>
                  </did>
               </c03>
               <c03 level="file">
                  <did>
                     <unittitle>
                        <title render="italic">Mostly Millie.</title>
                                script</unittitle>
                  </did>
               </c03>
               <c03 level="file">
                  <did>
                     <unittitle>
                        <title render="italic">The Siege of Adelaide Square.</title>
                                outline</unittitle>
                  </did>
               </c03>
               <c03 level="file">
                  <did>
                     <unittitle>
                        <title render="italic">Tinker, Tailor.</title> three
                                treatments</unittitle>
                     <physdesc>(3 folders)</physdesc>
                  </did>
               </c03>
               <c03 level="file">
                  <did>
                     <unittitle>
                        <emph render="italic">Up She Goes</emph> (Episode: <title render="doublequote">The difficult passenger</title>).
                                script</unittitle>
                  </did>
               </c03>
            </c02>
         </c01>
         <c01 level="series">
            <did>
               <unittitle>Writings</unittitle>
            </did>
            <scopecontent>
               <p> One title per folder, unless otherwise indicated.</p>
            </scopecontent>
            <arrangement>
               <head>Arrangement</head>
               <p>Writings by Clarke, followed by Writings by Others. Both sections arranged
                        alphabetically by title.</p>
            </arrangement>
            <c02 level="subseries">
               <did>
                  <unittitle>Writings by Clarke</unittitle>
               </did>
               <c03 level="file">
                  <did>
                     <container type="Box" label="Box">3</container>
                     <unittitle>
                        <title>Account of Lord George Sackville.</title>
                                typescript</unittitle>
                  </did>
               </c03>
               <c03 level="file">
                  <did>
                     <unittitle>
                        <title>And Now-The Green Lamp.</title> typescript</unittitle>
                  </did>
               </c03>
               <c03 level="file">
                  <did>
                     <unittitle>
                        <title>A Black Yankee at the Court of Queen Liz.</title>
                                typescripts, outlines, notes, clippings </unittitle>
                     <physdesc>(4 folders)</physdesc>
                  </did>
               </c03>
               <c03 level="file">
                  <did>
                     <unittitle>
                        <title>Blue Beauty.</title> two typescripts </unittitle>
                     <physdesc>(2 folders)</physdesc>
                  </did>
               </c03>
               <c03 level="file">
                  <did>
                     <unittitle>
                        <title>Borrowed Plumes.</title> two typescripts,
                                miscellaneous pages </unittitle>
                     <physdesc>(5 folders)</physdesc>
                  </did>
               </c03>
               <c03 level="file">
                  <did>
                     <unittitle>
                        <title>Brother Christmas.</title> typescript</unittitle>
                  </did>
               </c03>
               <c03 level="file">
                  <did>
                     <container type="Box" label="Box">4</container>
                     <unittitle>
                        <title>A Dozen and One Nights.</title> two
                                typescripts</unittitle>
                  </did>
               </c03>
               <c03 level="file">
                  <did>
                     <unittitle>
                        <title>The Dumb Husband's Cookbook.</title> typescript,
                                notes</unittitle>
                  </did>
               </c03>
               <c03 level="file">
                  <did>
                     <unittitle>
                        <title>A Friend in Need.</title> typescript,
                                notes</unittitle>
                  </did>
               </c03>
               <c03 level="file">
                  <did>
                     <unittitle>
                        <title>Grim Fairy Tales: 1 - The Ex-King and the
                                    Fish.</title> typescript</unittitle>
                  </did>
               </c03>
               <c03 level="file">
                  <did>
                     <unittitle>
                        <title>Heir Apparent.</title> synopsis</unittitle>
                  </did>
               </c03>
               <c03 level="file">
                  <did>
                     <unittitle>
                        <title>The Heligolanders.</title> typescript, miscellaneous
                                pages, notes, clippings </unittitle>
                     <physdesc>(4 folders)</physdesc>
                  </did>
               </c03>
               <c03 level="file">
                  <did>
                     <unittitle>
                        <title>Intimate Relations.</title> typescript, illustrations,
                                miscellaneous materials </unittitle>
                     <physdesc>(2 folders)</physdesc>
                  </did>
               </c03>
               <c03 level="file">
                  <did>
                     <unittitle>
                        <title>The Last of the Giants.</title> summary, notes,
                                miscellaneous pages, clippings </unittitle>
                     <physdesc>(4 folders)</physdesc>
                  </did>
               </c03>
               <c03 level="file">
                  <did>
                     <unittitle>
                        <title>Little Man, You've Had It.</title>
                                typescript</unittitle>
                  </did>
               </c03>
               <c03 level="file">
                  <did>
                     <unittitle>
                        <title>Marriages Are Made in Bond Street.</title>
                                typescript</unittitle>
                  </did>
               </c03>
               <c03 level="file">
                  <did>
                     <unittitle>
                        <title>May Week, A Novel.</title> typescript </unittitle>
                     <physdesc>(2 folders)</physdesc>
                  </did>
               </c03>
               <c03 level="file">
                  <did>
                     <unittitle>
                        <title>Mr. Spirket Reforms.</title> reader's
                                report</unittitle>
                  </did>
               </c03>
               <c03 level="file">
                  <did>
                     <unittitle>
                        <title>My Approach to Scripting.</title>
                                typescript</unittitle>
                  </did>
               </c03>
               <c03 level="file">
                  <did>
                     <unittitle>
                        <title>No Flowers for Ronnie.</title> two
                                typescripts</unittitle>
                  </did>
               </c03>
               <c03 level="file">
                  <did>
                     <unittitle>
                        <title>Passport to Propriety.</title> typescript</unittitle>
                  </did>
               </c03>
               <c03 level="file">
                  <did>
                     <unittitle>
                        <title>The Pioneers.</title> typescript</unittitle>
                  </did>
               </c03>
               <c03 level="file">
                  <did>
                     <unittitle>
                        <title>Reminiscences of Mr. Timothy Quirke, Con Man - 1
                                    &amp; 2.</title> typescript</unittitle>
                  </did>
               </c03>
               <c03 level="file">
                  <did>
                     <unittitle>
                        <title>The Revolt.</title> outline, notes, two typescripts </unittitle>
                     <physdesc>(4 folders)</physdesc>
                  </did>
               </c03>
               <c03 level="file">
                  <did>
                     <unittitle>
                        <title>Sally Martin Up.</title> notes, typescript, photocopy
                                of typescript, clippings</unittitle>
                  </did>
               </c03>
               <c03 level="file">
                  <did>
                     <unittitle>
                        <title>Scratch Man.</title> typescript</unittitle>
                  </did>
               </c03>
               <c03 level="file">
                  <did>
                     <unittitle>
                        <title>A Screenwriter's Notebook.</title>
                                typescript</unittitle>
                  </did>
               </c03>
               <c03 level="file">
                  <did>
                     <unittitle>
                        <title>Sweet Farewell.</title> typescript</unittitle>
                  </did>
               </c03>
               <c03 level="file">
                  <did>
                     <unittitle>
                        <title>There'll Always Be a Frinton.</title> typescript,
                                clipping</unittitle>
                  </did>
               </c03>
               <c03 level="file">
                  <did>
                     <unittitle>
                        <title>This Is Where I Came In.</title> proofs of photos
                                only</unittitle>
                  </did>
               </c03>
               <c03 level="file">
                  <did>
                     <unittitle>
                        <title>Ticket to Hollywood, no.
                                3</title>typescript</unittitle>
                  </did>
               </c03>
               <c03 level="file">
                  <did>
                     <unittitle>
                        <title>Treble or Bust.</title> outline</unittitle>
                  </did>
               </c03>
               <c03 level="file">
                  <did>
                     <unittitle>
                        <title>Twin Worlds.</title> outline, typescript </unittitle>
                     <physdesc>(2 folders)</physdesc>
                  </did>
               </c03>
               <c03 level="file">
                  <did>
                     <unittitle>
                        <title>Two and Two Make Five.</title> synopsis</unittitle>
                  </did>
               </c03>
               <c03 level="file">
                  <did>
                     <unittitle>
                        <title>The Wall.</title> typescript</unittitle>
                  </did>
               </c03>
               <c03 level="file">
                  <did>
                     <unittitle>
                        <title>What's Yours?</title> book jackets only</unittitle>
                  </did>
               </c03>
               <c03 level="file">
                  <did>
                     <unittitle>
                        <title>The World Was Mine.</title> book jacket
                                only</unittitle>
                  </did>
               </c03>
               <c03 level="file">
                  <did>
                     <container type="Box" label="Box">5</container>
                     <unittitle>Miscellaneous story ideas, notebooks </unittitle>
                     <physdesc>(6 folders)</physdesc>
                  </did>
               </c03>
            </c02>
            <c02 level="subseries">
               <did>
                  <unittitle>Writings by Others</unittitle>
               </did>
               <c03 level="file">
                  <did>
                     <container type="Box" label="Box">5</container>
                     <unittitle>
                        <emph render="italic">Bestseller,</emph> by A.M. Drew,
                                foreword by T.E.B. Clarke. typescript, notes </unittitle>
                  </did>
               </c03>
               <c03 level="file">
                  <did>
                     <unittitle>
                        <emph render="italic">Passport to Parkchester,</emph>
                                screenplay by Paul Doherty. script </unittitle>
                  </did>
               </c03>
            </c02>
         </c01>
         <c01 level="series">
            <did>
               <unittitle>Photographs</unittitle>
            </did>
            <c02 level="file">
               <did>
                  <container type="Box" label="Box">5</container>
                  <unittitle>Portraits of Clarke</unittitle>
                  <physdesc>(22 photographs, including photo of drawing and several
                            duplicates)</physdesc>
               </did>
            </c02>
            <c02 level="file">
               <did>
                  <unittitle>Clarke with others, mostly snapshots</unittitle>
                  <physdesc>(44 photographs, several negatives)</physdesc>
               </did>
            </c02>
            <c02 level="file">
               <did>
                  <unittitle>Production stills</unittitle>
                  <physdesc>(20 photographs)</physdesc>
               </did>
            </c02>
            <c02 level="file">
               <did>
                  <unittitle>Miscellaneous photographs</unittitle>
                  <physdesc>(14 photographs)</physdesc>
               </did>
            </c02>
         </c01>
         <c01 level="series">
            <did>
               <unittitle>Miscellaneous</unittitle>
            </did>
            <c02 level="file">
               <did>
                  <container type="Box" label="Box">5</container>
                  <unittitle>Metropolitan Police War Reserve materials</unittitle>
                  <physdesc>(1 folder)</physdesc>
               </did>
            </c02>
            <c02 level="file">
               <did>
                  <unittitle>Ration books</unittitle>
                  <physdesc>(1 folder)</physdesc>
               </did>
            </c02>
            <c02 level="file">
               <did>
                  <unittitle>Royalty reports, Robert Hale Ltd.</unittitle>
                  <physdesc>(1 folder)</physdesc>
               </did>
            </c02>
            <c02 level="file">
               <did>
                  <unittitle>Sheet music. Policemen's Song, from <emph render="doublequote">The Blue Lamp</emph> and typescript of lyrics; White Suit Samba
                            from <emph render="doublequote">The Man in the White
                            Suit</emph>
                  </unittitle>
                  <physdesc>(1 folder)</physdesc>
               </did>
            </c02>
            <c02 level="file">
               <did>
                  <unittitle>Miscellaneous. calling cards, notes, invitations, programs,
                            etc.</unittitle>
                  <physdesc>(1 folder)</physdesc>
               </did>
            </c02>
         </c01>
         <c01 level="series">
            <did>
               <unittitle>Printed</unittitle>
            </did>
            <c02 level="file">
               <did>
                  <container type="Box" label="Box">5</container>
                  <unittitle>Press clippings about Clarke</unittitle>
                  <physdesc>(2 folders)</physdesc>
               </did>
            </c02>
            <c02 level="file">
               <did>
                  <unittitle>Scrapbook, mostly clippings about Clarke</unittitle>
                  <physdesc>(1 folder)</physdesc>
               </did>
            </c02>
            <c02 level="file">
               <did>
                  <unittitle>Tear sheets of Clarke's column in <emph render="italic">The
                                Evening News,</emph>
                     <unitdate normal="1941/1944" type="inclusive">1941-1944</unitdate>
                  </unittitle>
                  <physdesc>(7 folders)</physdesc>
               </did>
            </c02>
            <c02 level="file">
               <did>
                  <container type="Box" label="Box">6</container>
                  <unittitle>Clippings of articles by Clarke</unittitle>
                  <physdesc>(2 folders)</physdesc>
               </did>
            </c02>
            <c02 level="file">
               <did>
                  <unittitle>Clippings about Clarke's books, arranged alphabetically by
                            title</unittitle>
                  <physdesc>(17 folders)</physdesc>
               </did>
            </c02>
            <c02 level="file">
               <did>
                  <unittitle>Clippings about Clarke's films, arranged alphabetically by
                            title</unittitle>
                  <physdesc>(15 folders)</physdesc>
               </did>
            </c02>
            <c02 level="file">
               <did>
                  <unittitle>Clippings about Clarke's theatre and television
                            projects</unittitle>
                  <physdesc>(1 folder)</physdesc>
               </did>
            </c02>
            <c02 level="file">
               <did>
                  <unittitle>Miscellaneous clippings</unittitle>
               </did>
            </c02>
            <c02 level="file">
               <did>
                  <unittitle>Magazines and tear sheets from magazines containing articles,
                            stories, etc. by Clarke</unittitle>
                  <physdesc>(5 folders)</physdesc>
               </did>
            </c02>
            <c02 level="file">
               <did>
                  <container type="Box" label="Box">Oversize</container>
                  <unittitle>
                     <emph render="italic">Empire News,</emph> May 6, 20, 27, June 3,
                            10, 17, 24, July 8, 15, 22; features the serial <title render="italic">Murder at the Festival</title> by Clarke </unittitle>
               </did>
            </c02>
         </c01>
      </dsc>
   </archdesc>
</ead>
