<?xml version="1.0" encoding="utf-8"?>
<!-- Lilly Library, Indiana University, EAD template, 2003-02-21  -->
<ead xmlns="urn:isbn:1-931666-22-9"
     xmlns:xlink="http://www.w3.org/1999/xlink"
     xmlns:xsi="http://www.w3.org/2001/XMLSchema-instance"
     xsi:schemaLocation="urn:isbn:1-931666-22-9 http://www.loc.gov/ead/ead.xsd"><!-- value of @findaidstatus should be 'originaldraft', 'inprogressdraft', 'editinprogress', or 'editedfulldraft' -->
   <eadheader audience="internal"
              langencoding="iso639-2b"
              scriptencoding="iso15924"
              repositoryencoding="iso15511"
              countryencoding="iso3166-1"
              dateencoding="iso8601"
              findaidstatus="originaldraft"><!-- replace [uniqueid] with collection LMC number -->
      <eadid encodinganalog="identifier"
             identifier="InU-Li-VAA1258"
             countrycode="US"
             mainagencycode="InU-Li">InU-Li-VAA1258</eadid>
      <filedesc><!-- This is a description of the electronic finding aid, not the original finding aid or the collection --><!-- Make title "xxxx mss., yyyy-yyyy"--><!--Make subtitle "Papers, yyyy-yyyy, of [person] at the Lilly Library, Indiana University, Bloomington, Indiana-->
         <titlestmt>
            <titleproper encodinganalog="title">Gaither mss.,</titleproper>
            <subtitle>Papers, <date normal="1955/1986" era="ce" calendar="gregorian">1955-1986</date>, of Mary Elizabeth Gaither at the Lilly Library, Indiana
               University, Bloomington, Indiana</subtitle>
            <author encodinganalog="creator">Electronic finding aid encoded by Beth Benda.</author>
         </titlestmt>
         <publicationstmt>
            <publisher encodinganalog="publisher">Indiana University Digital Library
               Program</publisher>
            <date encodinganalog="date"
                  normal="2003"
                  type="publication"
                  era="ce"
                  calendar="gregorian">© 2003</date>
         </publicationstmt>
      </filedesc>
      <profiledesc>
         <creation>XML finding aid derived from cutting and pasting from Microsoft XP. <!--description of how the finding aid was created, for example: XML finding aid derived from
[paper by means of scanning and OCR] [OCR file edited for typographical errors before encoding]
[typescript by rekeying] [word processing program and version number]
[<extref href="" title="" actuate="onrequest" show="new">HTML collection description</extref>]. --><lb/>[date of source: <lb/>Finding aid encoded by Beth Benda, Lilly Library, Indiana
            University, <date normal="2003-11-10" era="ce" calendar="gregorian">November 10,
               2003</date>
         </creation>
         <!-- iso three-digit 639-2 value for @langcode can be found at http://www.loc.gov/standards/iso639-2/langcodes.html -->
         <langusage>Description is in <language encodinganalog="language" langcode="eng" scriptcode="Latn">English.</language>
         </langusage>
      </profiledesc>
      <!-- revisiondesc is required -->
      <!-- record when the finding aid is initiated in first 'change' element, with subsequent changes listed below the first, and the final 'change' element indicating date finding aid completed -->
      <revisiondesc>
         <change>
            <date normal="2003-11-10" era="ce" calendar="gregorian">November 10, 2003</date>
            <item>Encoded finding aid begun.</item>
         </change>
         <change>
            <date normal="2003-11-11" era="ce" calendar="gregorian">November 11, 1003</date>
            <item>Encoded finding aid completed.</item>
         </change>
         <change>
            <date normal="2004-09-17" era="ce" calendar="gregorian">September 17, 2004</date>
            <item>LMC number changed from 1442 to 2215.</item>
         </change>
         <change>
            <date normal="2004-09-17" era="ce" calendar="gregorian">September 17, 2004</date>
            <item>EAD id changed from InU-Li-LMC1442 to InU-Li-VAA1258.</item>
         </change>
         <change>
            <date normal="2005-10-20" era="ce" calendar="gregorian">October 20, 2005</date>
            <item>File name changed from gaither to InU-Li-VAA1258</item>
         </change>
         <change audience="internal">
            <date normal="2017-11-29">November 29, 2017</date>
            <item>Batch update to change subject links.</item>
         </change>
      </revisiondesc>
   </eadheader>
   <!-- the 'frontmatter' element is a wrapper that bundles prefatory text found before the start of the archival description <archdesc>. It focuses on the creation, publication, or use of the finding aid rather than information
about the materials being described. Examples include a title page, preface, dedication, and instructions for
using a finding aid. -->
   <frontmatter audience="external"><!-- information should be included as you would wish it to appear on a titlepage of a printed finding aid -->
      <titlepage>
         <titleproper>Guide to the Gaither mss., <date normal="1955/1986" era="ce" calendar="gregorian">1955-1986</date>
         </titleproper>
         <publisher>Lilly Library, Indiana University, Bloomington, Indiana</publisher>
         <!--it is possible to include graphics using extptr -->
         <p>© 2003 Trustees of Indiana University. All rights reserved.</p>
      </titlepage>
   </frontmatter>
   <archdesc level="collection"
             audience="external"
             type="inventory"
             relatedencoding="marc"><!-- @type value may alternatively be 'bulk' --><!-- use the label attribute for these elements to determine what label is displayed -->
      <did>
         <head>Summary Information</head>
         <repository encodinganalog="852" label="Repository" id="lilly">
            <corpname source="lcnaf" normal="Lilly Library (Indiana University, Bloomington)">Lilly
               Library (Indiana University, Bloomington)</corpname>
            <address>
               <addressline>Indiana University</addressline>
               <addressline>1200 E. Seventh St.</addressline>
               <addressline>Bloomington, IN 47405-5500</addressline>
               <addressline>Phone: 812-855-2452</addressline>
               <addressline>Fax: 812-855-3143</addressline>
               <addressline>Email: liblilly@indiana.edu</addressline>
            </address>
            <lb/>
            <extref xlink:href="http://www.indiana.edu/~liblilly">http://www.indiana.edu/~liblilly</extref>
         </repository>
         <origination label="Creator">
            <persname source="lcnaf" encodinganalog="100$a$d">Gaither, Mary E. </persname>
         </origination>
         <unittitle encodinganalog="245$a" label="Title">Gaither mss.,</unittitle>
         <unitdate normal="1955/1986"
                   type="inclusive"
                   encodinganalog="245$f"
                   era="ce"
                   calendar="gregorian">1955-1986</unitdate>
         <unitid encodinganalog="099"
                 countrycode="US"
                 repositorycode="US-InU-Li"
                 label="Collection No.">LMC 2215</unitid>
         <physdesc encodinganalog="300$a$f" label="Extent">
            <extent>238 items</extent>
            <!-- if both linear feet and number of items included, separate by lb tag -->
         </physdesc>
         <langmaterial label="Language" encodinganalog="546">Materials are in <language langcode="eng" encodinganalog="008/35-37">English.</language>
         </langmaterial>
         <abstract encodinganalog="520$a" label="Abstract">Consists of correspondence and writings
            of Mary Elizabeth Gaither relating primarily to work on Leonard and Virginia Woolf and
            on the publications of their Hogarth Press. Additions to the collection include receipts
            and invoices, 1961-1969, for the purchase of Hogarth Press books. </abstract>
      </did>
      <accessrestrict encodinganalog="506$a">
         <head>Access Restrictions</head>
         <p>This collection is open for research.</p>
      </accessrestrict>
      <bioghist encodinganalog="545">
         <head>Biographical Note</head>
         <p>Indiana University Professor Emeritus of English.</p>
      </bioghist>
      <!-- required for collection level; optional for lower levels -->
      <scopecontent encodinganalog="520$a$b">
         <head>Scope and Content Note</head>
         <p>Consists of correspondence and writings of Mary Elizabeth Gaither relating primarily to
            work on Leonard and Virginia Woolf and on the publications of their Hogarth Press.
            Additions to the collection include receipts and invoices, 1961-1969, for the purchase
            of Hogarth Press books. </p>
         <p>The first folder of correspondence is between Leonard Woolf and Mary E. Gaither,
            1955-1961. In 1961 Gaither interviewed Woolf and the notes for that interview are in the
            first folder of writings. The majority of the correspondence is from 1974-1986 and is
            primarily with book dealer and bibliogra­pher J. Howard Woolmer, first of Andes, New
            York, later of Revere, Pennsylvania. In 1976, Woolmer's <title render="italic">A
               Checklist of the Hogarth Press, </title>with a Short History of the Press by Mary E.
            Gaither, was published by the Hogarth Press in London and by Woolmer-Brotherton in the
            US. Work on the revised edition began in 1985 and was published in late 1986. In
            addition to "the Short History" present in the writings section, there are offprints of
            two articles that Gaither did for <title render="italic">The Dictionary of Literary
               Biography,</title> vol. 112, in 1991: "Hogarth Press" and "Nonesuch Press."</p>
         <p>A few miscellaneous items at the end of the collection include a photographic copy of a
            portrait of Leonard Woolf that is in the National Portrait Gallery, and a group of news
            clippings about him, mostly from the 1960s.</p>
         <p>Additions to the Gaither mss. include receipts and invoices, 1961-1969, for the purchase
            of Hogarth Press books by Mary Gaither. Her main source for her collection was British
            bookseller R.A. Brimmell, first located in Middlesex then in Sussex. Also present in
            this group is an exchange with American bookseller Robert A. Wilson relating to the
            purchase of Virginia Woolf’s <title render="italic">Two Stories</title> in 1965.</p>
      </scopecontent>
      <!--optional -->
      <!-- element organization deprecated in DTD version 2002; @encodinganalog may be used to differentiate between 351 subfield a (organization) and subfield b (arrangement). -->
      <!-- recommended; this information would be included for marc amc record -->
      <!-- should include all personal and corporate names, and subject headings -->
      <controlaccess>
         <head>Indexing Terms</head>
         <p>The following terms have been used to index the description of this collection in
               <extref xlink:href="http://www.iucat.iu.edu">IUCAT</extref>, the IU Libraries' online
            catalog. Materials about related topics, persons or places can be found by searching the
            catalog using these terms. </p>
         <controlaccess>
            <head>Names</head>
            <list>
               <item>
                  <corpname encodinganalog="610$a" source="lcnaf" role="subject"> Indiana University
                     --Faculty --Archives.</corpname>
               </item>
               <item>
                  <corpname encodinganalog="610$a" source="lcnaf" role="subject"> Hogarth Press.
                  </corpname>
               </item>
               <item>
                  <persname source="lcnaf" encodinganalog="100$a$d">Gaither, Mary E. </persname>
               </item>
               <item>
                  <persname encodinganalog="600$a" source="lcnaf" role="subject"> Woolf, Leonard,
                     1880-1969 --Correspondence. </persname>
               </item>
               <item>
                  <persname encodinganalog="700$a" source="lcnaf"> Woolf, Leonard, 1880-1969.
                  </persname>
               </item>
               <item>
                  <persname encodinganalog="700$a" source="lcnaf"> Woolmer, J. Howard. </persname>
               </item>
            </list>
         </controlaccess>
      </controlaccess>
      <!-- required; 'descgrp' element replaces admininfo element in 2002 DTD -->
      <descgrp>
         <head>Administrative Information</head>
         <acqinfo encodinganalog="541">
            <head>Acquisition Information</head>
            <p>Gift, 1999, 2001.</p>
         </acqinfo>
         <userestrict encodinganalog="540">
            <head>Usage Restrictions</head>
            <p>Prior arrangements are not necessary before coming to the Library, however, patrons
               from out of town are encouraged to communicate with the Library in advance of their
               visits to ascertain availability of materials.</p>
            <p>Photocopying permitted only with permission of the Curator of Manuscripts, Lilly
               Library.</p>
         </userestrict>
         <prefercite encodinganalog="524$a">
            <head>Preferred Citation</head>
            <p>[Item], Gaither mss., Lilly Library, Indiana University, Bloomington, Indiana.</p>
         </prefercite>
      </descgrp>
      <!-- required, if appropriate -->
      <!-- optional, if applicable -->
      <dsc type="combined"><!-- unittitle is the only required element within component --><!-- possible values for @level include: class, collection, file, fonds, item, otherlevel, recordgrp, series, subfonds, subgrp, subseries -->
         <c01 level="series">
            <did><!-- optional --><!-- repeat 'container' element as appropriate --><!-- value of @type could be 'box', 'folder', 'item', etc. -->
               <unittitle>Collection, <unitdate type="inclusive"
                            normal="1955/1986"
                            era="ce"
                            calendar="gregorian">1955-1986</unitdate>
               </unittitle>
            </did>
            <c02 level="file">
               <did>
                  <container type="box" label="Box">1</container>
                  <container type="folder" label="Folder">1</container>
                  <unittitle>
                     <unitdate normal="1955/1961"
                               era="ce"
                               calendar="gregorian"
                               type="inclusive">1955-1961.</unitdate> Correspondence with Leonard Woolf </unittitle>
               </did>
            </c02>
            <c02 level="file">
               <did>
                  <container type="box" label="Box">1</container>
                  <container type="folder" label="Folder">2</container>
                  <unittitle>
                     <unitdate type="inclusive"
                               normal="1965/1974"
                               era="ce"
                               calendar="gregorian">1965-1974. </unitdate>Correspondence – general</unittitle>
               </did>
            </c02>
            <c02 level="file">
               <did>
                  <container type="box" label="Box">1</container>
                  <container type="folder" label="Folder">3</container>
                  <unittitle>
                     <unitdate type="inclusive"
                               normal="1974/1986"
                               era="ce"
                               calendar="gregorian">1974-1986: </unitdate>Correspondence re: Hogarth checklist and history,
                     chiefly with J. Howard Woolmer</unittitle>
               </did>
            </c02>
            <c02 level="file">
               <did>
                  <container type="box" label="Box">1</container>
                  <container type="folder" label="Folder">4</container>
                  <unittitle>Writings: interview with Leonard Woolf, <unitdate type="inclusive" normal="1961" era="ce" calendar="gregorian">1961</unitdate>
                  </unittitle>
               </did>
            </c02>
            <c02 level="file">
               <did>
                  <container type="box" label="Box">1</container>
                  <container type="folder" label="Folder">5</container>
                  <unittitle>Writings, re: Hogarth Press manuscript, <unitdate type="inclusive" normal="1968" era="ce" calendar="gregorian">1968</unitdate>
                  </unittitle>
               </did>
            </c02>
            <c02 level="file">
               <did>
                  <container type="box" label="Box">1</container>
                  <container type="folder" label="Folder">6</container>
                  <unittitle>Hogarth Press Bibliography, draft, <unitdate type="inclusive"
                               normal="1963/1973"
                               era="ce"
                               calendar="gregorian">ca. 1968</unitdate>
                  </unittitle>
               </did>
            </c02>
            <c02 level="file">
               <did>
                  <container type="box" label="Box">1</container>
                  <container type="folder" label="Folder">7</container>
                  <unittitle>[Short history of Hogarth Press], and Appendix, <unitdate type="inclusive" normal="1976" era="ce" calendar="gregorian">1976</unitdate>
                  </unittitle>
               </did>
            </c02>
            <c02 level="file">
               <did>
                  <container type="box" label="Box">1</container>
                  <container type="folder" label="Folder">8</container>
                  <unittitle>Offprints: review of Hogarth Press checklist; "Hogarth Press" from
                        <title render="italic">DLB</title> 112; "Nonesuch Press" from <title render="italic">DLB</title> 112</unittitle>
               </did>
            </c02>
            <c02 level="file">
               <did>
                  <container type="box" label="Box">1</container>
                  <container type="folder" label="Folder">9</container>
                  <unittitle>Notes, pencil, re: Lytton Strachey / Virginia Woolf correspondence
                  </unittitle>
               </did>
            </c02>
            <c02 level="file">
               <did>
                  <container type="box" label="Box">1</container>
                  <container type="folder" label="Folder">10</container>
                  <unittitle>Photograph of portrait of Leonard Woolf </unittitle>
               </did>
            </c02>
            <c02 level="file">
               <did>
                  <container type="box" label="Box">1</container>
                  <container type="folder" label="Folder">11</container>
                  <unittitle>Miscellaneous clippings and printed items.</unittitle>
               </did>
            </c02>
            <c02 level="file">
               <did>
                  <container type="box" label="Box">1</container>
                  <container type="folder" label="Folder">12</container>
                  <unittitle>Receipts and invoices, for purchase of Hogarth Press books. <unitdate type="inclusive"
                               normal="1961/1964"
                               era="ce"
                               calendar="gregorian">1961-1964</unitdate>
                  </unittitle>
               </did>
            </c02>
            <c02 level="file">
               <did>
                  <container type="box" label="Box">1</container>
                  <container type="folder" label="Folder">13</container>
                  <unittitle>Receipts and invoices, <unitdate type="inclusive"
                               normal="1965/1969"
                               era="ce"
                               calendar="gregorian">1965-1969</unitdate>
                  </unittitle>
               </did>
            </c02>
         </c01>
      </dsc>
   </archdesc>
</ead>
