<?xml version="1.0" encoding="UTF-8"?>
<ead xmlns="urn:isbn:1-931666-22-9"
     xmlns:xlink="http://www.w3.org/1999/xlink"
     xmlns:xsi="http://www.w3.org/2001/XMLSchema-instance"
     xsi:schemaLocation="urn:isbn:1-931666-22-9 http://www.loc.gov/ead/ead.xsd">
   <eadheader audience="internal"
              langencoding="iso639-2b"
              scriptencoding="iso15924"
              repositoryencoding="iso15511"
              countryencoding="iso3166-1"
              dateencoding="iso8601"
              findaidstatus="originaldraft">
      <eadid encodinganalog="identifier"
             identifier="InU-Li-VAD6132"
             countrycode="US"
             mainagencycode="InU-Li">InU-Li-VAD6132</eadid>
      <filedesc>
         <titlestmt>
            <titleproper encodinganalog="title">Bridson mss. II, <date normal="1932/1981" era="ce" calendar="gregorian">1932-1981</date>
            </titleproper>
            <subtitle>Papers of  Douglas Geoffrey Bridson at the Lilly Library, Indiana
                                University, Bloomington, Indiana</subtitle>
            <author encodinganalog="creator">Electronic finding aid encoded by
                                Indiana University Libraries.</author>
         </titlestmt>
         <publicationstmt>
            <publisher encodinganalog="publisher">Indiana University Libraries</publisher>
            <date encodinganalog="date"
                  normal="2017"
                  type="publication"
                  era="ce"
                  calendar="gregorian">© 2017</date>
         </publicationstmt>
         <notestmt>
            <note encodinganalog="rights">
               <p>
                  <date normal="2017">© 2017</date> Trustees of Indiana University. All rights reserved.</p>
            </note>
         </notestmt>
      </filedesc>
      <profiledesc>
         <creation>XML finding aid automatically generated from spreadsheet output of
                            database. Finding aid encoded by Indiana University Libraries, <date normal="2017-03-10" era="ce" calendar="gregorian">March 10,
                                2017</date>
         </creation>
         <langusage>Description is in <language encodinganalog="language" langcode="eng" scriptcode="Latn">English.</language>
         </langusage>
      </profiledesc>
      <revisiondesc>
         <change audience="internal">
            <date normal="2017-03-10" era="ce" calendar="gregorian">March 10, 2017</date>
            <item>Encoded finding aid created.</item>
         </change>
      </revisiondesc>
   </eadheader>
   <archdesc level="collection"
             audience="external"
             type="inventory"
             relatedencoding="marc">
      <did>
         <head>Summary Information</head>
         <repository encodinganalog="852" label="Repository" id="lilly">
            <corpname source="lcnaf" normal="Lilly Library (Indiana University, Bloomington)">Lilly
                                Library (Indiana University, Bloomington)</corpname>
            <address>
               <addressline>Indiana University</addressline>
               <addressline>1200 E. Seventh St.</addressline>
               <addressline>Bloomington, IN 47405-5500</addressline>
               <addressline>Phone: 812-855-2452</addressline>
               <addressline>Fax: 812-855-3143</addressline>
               <addressline>Email: liblilly@indiana.edu</addressline>
            </address>
            <lb/>
            <extref xlink:href="http://www.indiana.edu/~liblilly">http://www.indiana.edu/~liblilly</extref>
         </repository>
         <origination label="Creator"> Douglas Geoffrey Bridson</origination>
         <unittitle encodinganalog="245$a" label="Title">Bridson mss. II</unittitle>
         <unitdate normal="1932/1981"
                   type="inclusive"
                   encodinganalog="245$f"
                   era="ce"
                   calendar="gregorian">1932-1981</unitdate>
         <unitid encodinganalog="099"
                 countrycode="US"
                 repositorycode="US-InU-Li"
                 label="Collection No.">LMC 2388</unitid>
         <physdesc encodinganalog="300$a$f" label="Extent">
            <extent>550 items</extent>
         </physdesc>
         <langmaterial label="Language" encodinganalog="546">Materials are in
                                    <language langcode="eng">English.</language>
         </langmaterial>
         <abstract encodinganalog="520" label="Abstract">The Bridson mss. II, ca. 1932-1981, consist of the papers and writings,
            of writer and BBC producer Douglas Geoffrey Bridson, 1910-1980. The Lilly Library
            first acquired Mr. Bridson papers, relating primarily to his BBC work, during his
            lifetime (see Bridson mss.). This collection includes primarily his non-BBC
            writings - poetry, essays, speeches, field diaries, etc. - both published and
            unpublished. There are a few broadcast scripts and some correspondence, memoranda,
            etc., connected with publications and broadcasts. Other correspondence is with
            family, friends and colleagues over the years.</abstract>
      </did>
      <accessrestrict encodinganalog="506$a">
         <head>Access Restrictions</head>
         <p>Access to this collection requires advance notice. Please contact the curator for additional information.</p>
      </accessrestrict>
      <bioghist encodinganalog="545">
         <head>Biographical Note</head>
         <p>Douglas Geoffrey Bridson, 1910-1980, BBC producer and writer.</p>
      </bioghist>
      <controlaccess>
         <head>Indexing Terms</head>
         <controlaccess>
            <head>Names</head>
            <list>
               <item>
                  <extref xlink:href="http://purl.dlib.indiana.edu/iudl/iucat/Bridson+Douglas+Geoffrey+1910-1980{su}">
                     <persname encodinganalog="600" role="subject">Bridson, Douglas Geoffrey, 1910-1980</persname>
                  </extref>
               </item>
            </list>
         </controlaccess>
      </controlaccess>
      <relatedmaterial encodinganalog="544 1">
         <head>Related Material</head>
         <p>See Bridson mss., also located at the Lilly Library, Indiana University, Bloomington, Indiana.</p>
      </relatedmaterial>
     
      <descgrp>
         <head>Administrative Information</head>
         <acqinfo encodinganalog="541">
            <head>Acquisition Information</head>
            <p>Purchase: <date normal="1998" type="acquisition">1998</date></p>
         </acqinfo>
         <prefercite encodinganalog="524$a">
            <head>Preferred Citation</head>
            <p>[Item], Bridson mss. II, Lilly Library,
                                Indiana University, Bloomington, Indiana.</p>
         </prefercite>
      </descgrp>
      <dsc>
         <head>Container List</head>
         <c01 level="collection">
            <did>
               <unittitle>Bridson mss. II</unittitle>
               <physdesc>
                  <extent>550 items</extent>
               </physdesc>
            </did>
         </c01>
      </dsc>
   </archdesc>
</ead>
