<?xml version="1.0" encoding="UTF-8"?><ead xmlns="urn:isbn:1-931666-22-9" xmlns:xlink="http://www.w3.org/1999/xlink" xmlns:xsi="http://www.w3.org/2001/XMLSchema-instance" xsi:schemaLocation="urn:isbn:1-931666-22-9 http://www.loc.gov/ead/ead.xsd">
   <eadheader countryencoding="iso3166-1" audience="internal" dateencoding="iso8601" scriptencoding="iso15924" findaidstatus="originaldraft" langencoding="iso639-2b" repositoryencoding="iso15511">
      <eadid identifier="InU-Li-VAD6057" encodinganalog="identifier" mainagencycode="InU-Li" countrycode="US">InU-Li-VAD6057</eadid>
      <filedesc>
         <titlestmt>
            <titleproper encodinganalog="title">Barke mss., <date calendar="gregorian" normal="1948/1948" era="ce">1948</date>
            </titleproper>
            <subtitle>Papers of James Barke at the Lilly Library, Indiana University, Bloomington,
               Indiana</subtitle>
            <author encodinganalog="creator">Electronic finding aid encoded by Indiana University
               Libraries.</author>
         </titlestmt>
         <publicationstmt>
            <publisher encodinganalog="publisher">Indiana University Libraries</publisher>
            <date calendar="gregorian" normal="2017" encodinganalog="date" era="ce" type="publication">© 2017</date>
         </publicationstmt>
         <notestmt>
            <note encodinganalog="rights">
               <p>
                  <date normal="2017">© 2017</date> Trustees of Indiana University. All rights
                  reserved.</p>
            </note>
         </notestmt>
      </filedesc>
      <profiledesc>
         <creation>XML finding aid automatically generated from spreadsheet output of database.
            Finding aid encoded by Indiana University Libraries, <date calendar="gregorian" normal="2017-03-10" era="ce">March 10, 2017</date>
         </creation>
         <langusage>Description is in <language langcode="eng" scriptcode="Latn" encodinganalog="language">English.</language>
         </langusage>
      </profiledesc>
      <revisiondesc>
         <change audience="internal">
            <date calendar="gregorian" normal="2017-03-10" era="ce">March 10, 2017</date>
            <item>Encoded finding aid created.</item>
         </change>
         <change audience="internal">
            <date calendar="gregorian" normal="2017-08-31" era="ce">August 31, 2017</date>
            <item>Edits and rearrangement of content to complete requisite Lilly EAD sections,
               including abstract, bioghist, scopecontent, acquisitioninfo, controlaccess, and
               container list. Madison Chartier</item>
         </change>
         <change audience="internal">
            <date calendar="gregorian" normal="2017-09-06" era="ce">September 6, 2017</date>
            <item>Acquisition information added. Container list adjusted. Madison Chartier</item>
         </change>
         <change audience="internal">
            <date calendar="gregorian" normal="2017-09-13" era="ce">September 13, 2017</date>
            <item>Italicized book title. Madison Chartier</item>
         </change>
         <change audience="internal">
            <date calendar="gregorian" normal="2017-09-14" era="ce">September 14, 2017</date>
            <item>Adjusted creator name in origination tag per instructions of Erika Dowell. Madison
               Chartier</item>
         </change>
         <change audience="internal">
            <date normal="2018-04-27">April 27, 2018</date>
            <item>Batch update to change subject links.</item>
         </change>
      </revisiondesc>
   </eadheader>
   <archdesc audience="external" level="collection" type="inventory" relatedencoding="marc">
      <did>
         <head>Summary Information</head>
         <repository encodinganalog="852" label="Repository" id="lilly">
            <corpname normal="Lilly Library (Indiana University, Bloomington)" source="lcnaf">Lilly
               Library (Indiana University, Bloomington)</corpname>
            <address>
               <addressline>Indiana University</addressline>
               <addressline>1200 E. Seventh St.</addressline>
               <addressline>Bloomington, IN 47405-5500</addressline>
               <addressline>Phone: 812-855-2452</addressline>
               <addressline>Fax: 812-855-3143</addressline>
               <addressline>Email: liblilly@indiana.edu</addressline>
            </address>
            <lb/>
            <extref xlink:href="http://www.indiana.edu/~liblilly">http://www.indiana.edu/~liblilly</extref>
         </repository>
         <origination label="Creator">Barke, James, 1905-1958</origination>
         <unittitle encodinganalog="245$a" label="Title">Barke mss.</unittitle>
         <unitdate calendar="gregorian" normal="1948/1948" encodinganalog="245$f" era="ce" type="inclusive">1948</unitdate>
         <unitid encodinganalog="099" repositorycode="US-InU-Li" countrycode="US" label="Collection No.">LMC 1052</unitid>
         <physdesc encodinganalog="300$a$f" label="Extent">
            <extent>3 items</extent>
            <extent>(2 boxes)</extent>
         </physdesc>
         <langmaterial encodinganalog="546" label="Language">Materials are in <language langcode="eng">English.</language>
         </langmaterial>
         <abstract encodinganalog="520" label="Abstract">The Barke mss., 1948, consist of three
            volumes of <title render="italic">The Wonder of All the Gay World: A Novel of the Life
               and Loves of Robert Burns</title> by James Barke, 1905-1958, author.</abstract>
      </did>
      <accessrestrict encodinganalog="506$a">
         <head>Access Restrictions</head>
         <p>This collection is open for research.</p>
      </accessrestrict>
      <bioghist encodinganalog="545">
         <head>Biographical Note</head>
         <p>James Barke was born 1905 in Selkirkshire, Scotland. He moved to Glasgow as a young man
            and became actively involved in Nationalistic politics. He eventually became a writer
            and is now best known for his six-volume work concerning the life and accomplishments of
            poet Robert Burns, entitled collectively as <title render="italic">Immortal Memory</title>. Barke died in 1958.</p>
      </bioghist>
      <scopecontent encodinganalog="520">
         <head>Scope and Content Note</head>
         <p>The Barke mss., 1948, consist of three volumes of <title render="italic">The Wonder of All the Gay World: A Novel of the Life
            and Loves of Robert Burns</title> by James
            Barke, 1905-1958, author.</p>
      </scopecontent>
      <controlaccess>
         <head>Indexing Terms</head>
         <controlaccess>
            <head>Names</head>
            <list>
               <item>
                  <extref xlink:href="https://iucat.iu.edu/?q=&#34;Barke+James+1905+1958&#34;&amp;search_field=subject_link">
                     <persname encodinganalog="600" role="subject" source="lcnaf">Barke, James,
                        1905-1958</persname>
                  </extref>
               </item>
            </list>
         </controlaccess>
      </controlaccess>
      <descgrp>
         <head>Administrative Information</head>
         <acqinfo encodinganalog="541">
            <head>Acquisition Information</head>
            <p>Acquired: Gift. <date normal="1962" type="acquisition">1962</date>.</p>
         </acqinfo>
         <userestrict encodinganalog="540">
            <head>Usage Restrictions</head>
            <p>Prior arrangements are not necessary before coming to the Library, however, patrons
               from out of town are encouraged to communicate with the Library in advance of their
               visits to ascertain availability of materials.</p>
            <p>Photocopying permitted only with permission of the curator.</p>
         </userestrict>
         <prefercite encodinganalog="524$a">
            <head>Preferred Citation</head>
            <p>[Item], Barke mss., Lilly Library, Indiana University, Bloomington, Indiana.</p>
         </prefercite>
      </descgrp>
      <dsc>
         <head>Container List</head>
         <c01 level="item" id="VAD6057-00001">
            <did>
               <container label="Box" type="box">1</container>
               <unittitle>
                  <title render="italic">The Wonder of All the Gay World</title>: Part
                  I</unittitle>
               <physdesc>
                  <extent>1 volume</extent>
               </physdesc>
            </did>
         </c01>
         <c01 level="item" id="VAD6057-00002">
            <did>
               <container label="Box" type="box">2</container>
               <unittitle>
                  <title render="italic">The Wonder of All the Gay World</title>: Parts II,
                  III, and IV</unittitle>
               <physdesc>
                  <extent>1 volume</extent>
               </physdesc>
            </did>
         </c01>
         <c01 level="item" id="VAD6057-00003">
            <did>
               <unittitle>
                  <title render="italic">The Wonder of All the Gay World</title>: Parts V
                  and VI</unittitle>
               <physdesc>
                  <extent>1 volume</extent>
               </physdesc>
            </did>
         </c01>
      </dsc>
   </archdesc>
</ead>