<?xml version="1.0" encoding="UTF-8"?><ead xmlns="urn:isbn:1-931666-22-9" xmlns:xlink="http://www.w3.org/1999/xlink" xmlns:xsi="http://www.w3.org/2001/XMLSchema-instance" xsi:schemaLocation="urn:isbn:1-931666-22-9 http://www.loc.gov/ead/ead.xsd">
   <eadheader countryencoding="iso3166-1" audience="internal" dateencoding="iso8601" scriptencoding="iso15924" findaidstatus="originaldraft" langencoding="iso639-2b" repositoryencoding="iso15511">
      <eadid identifier="InU-Li-VAD6015" encodinganalog="identifier" mainagencycode="InU-Li" countrycode="US">InU-Li-VAD6015</eadid>
      <filedesc>
         <titlestmt>
            <titleproper encodinganalog="title">All In The Family mss., <date calendar="gregorian" normal="1977/1978" era="ce">1977-1978</date>
            </titleproper>
            <subtitle>Papers of Norman Lear at the Lilly Library, Indiana University, Bloomington,
               Indiana</subtitle>
            <author encodinganalog="creator">Electronic finding aid encoded by Indiana University
               Libraries.</author>
         </titlestmt>
         <publicationstmt>
            <publisher encodinganalog="publisher">Indiana University Digital Library
               Program</publisher>
            <date calendar="gregorian" normal="2017" encodinganalog="date" era="ce" type="publication">© 2017</date>
         </publicationstmt>
         <notestmt>
            <note encodinganalog="rights">
               <p>
                  <date normal="2017">© 2017</date> Trustees of Indiana University. All rights
                  reserved.</p>
            </note>
         </notestmt>
      </filedesc>
      <profiledesc>
         <creation>XML finding aid automatically generated from spreadsheet output of database.
            Finding aid encoded by Indiana University Libraries, <date calendar="gregorian" normal="2017-03-10" era="ce">March 10, 2017</date>
         </creation>
         <langusage>Description is in <language langcode="eng" scriptcode="Latn" encodinganalog="language">English.</language>
         </langusage>
      </profiledesc>
      <revisiondesc>
         <change audience="internal">
            <date calendar="gregorian" normal="2017-03-10" era="ce">March 10, 2017</date>
            <item>Encoded finding aid created.</item>
         </change>
         <change audience="internal">
            <date calendar="gregorian" normal="2017-11-13" era="ce">November 13, 2017</date>
            <item>Edits and rearrangement of content into requisite Lilly EAD structure, including
               addition of abstract, bioghist, scopecontent, controlaccess, relatedmaterial, and c01
               levels of container list. Haley Suby.</item>
         </change>
         <change audience="internal">
            <date normal="2018-04-27">April 27, 2018</date>
            <item>Batch update to change subject links.</item>
         </change>
      </revisiondesc>
   </eadheader>
   <archdesc audience="external" level="collection" type="inventory" relatedencoding="marc">
      <did>
         <head>Summary Information</head>
         <repository encodinganalog="852" label="Repository" id="lilly">
            <corpname normal="Lilly Library (Indiana University, Bloomington)" source="lcnaf">Lilly
               Library (Indiana University, Bloomington)</corpname>
            <address>
               <addressline>Indiana University</addressline>
               <addressline>1200 E. Seventh St.</addressline>
               <addressline>Bloomington, IN 47405-5500</addressline>
               <addressline>Phone: 812-855-2452</addressline>
               <addressline>Fax: 812-855-3143</addressline>
               <addressline>Email: liblilly@indiana.edu</addressline>
            </address>
            <lb/>
            <extref xlink:href="http://www.indiana.edu/~liblilly">http://www.indiana.edu/~liblilly</extref>
         </repository>
         <origination label="Creator">Lear, Norman, 1922-</origination>
         <unittitle encodinganalog="245$a" label="Title">All In The Family mss.</unittitle>
         <unitdate calendar="gregorian" normal="1977/1978" encodinganalog="245$f" era="ce" type="inclusive">1977-1978</unitdate>
         <unitid encodinganalog="099" repositorycode="US-InU-Li" countrycode="US" label="Collection No.">LMC 1012</unitid>
         <physdesc encodinganalog="300$a$f" label="Extent">
            <extent>70 items</extent>
            <extent>(2 boxes)</extent>
         </physdesc>
         <langmaterial encodinganalog="546" label="Language">Materials are in <language langcode="eng">English.</language>
         </langmaterial>
         <abstract encodinganalog="520" label="Abstract">The All in the Family mss., 1977-1978,
            primarily consist of drafts of scripts for ten episodes of the television series <title render="italic">All in the Family</title>, produced by Norman Lear.</abstract>
      </did>
      <accessrestrict encodinganalog="506$a">
         <head>Access Restrictions</head>
         <p>This collection is open for research.</p>
      </accessrestrict>
      <bioghist encodinganalog="545">
         <head>Biographical Note</head>
         <p>Norman Lear, born 1922, is an American television writer and producer. He is famous for producing
            several popular situation comedies in the 1970s.</p>
      </bioghist>
      <scopecontent encodinganalog="520">
         <head>Scope and Content Note</head>
         <p>The All in the family mss., 1977-1978, primarily consist of drafts of scripts for ten
            episodes of the television series <title render="italic">All in the Family</title>,
            produced by Norman Lear. The ten episodes are: <title render="doublequote">Archie Gets
               the Business, Part Two</title>; <title render="doublequote">Edith's Fiftieth
               Birthday, Parts One and Two</title>; <title render="doublequote">Archie's Grand
               Opening</title>; <title render="doublequote">Archie and the Ku Klux Klan</title>;
               <title render="doublequote">The Commercial</title>; <title render="doublequote">Aunt
               Iola's Visit</title>; <title render="doublequote">Mike's New Job</title>;
               <title render="doublequote">The Dinner Guest</title>; and <title render="doublequote">The Stivics Go West.</title> There are also research materials and story conference
            notes for the <title render="doublequote">Edith's Fiftieth Birthday</title>
            episodes and story conference notes for <title render="doublequote">Archie and the Ku
               Klux Klan.</title>
         </p>
      </scopecontent>
      <controlaccess>
         <head>Indexing Terms</head>
         <controlaccess>
            <head>Names</head>
            <list>
               <item>
                  <extref xlink:href="https://iucat.iu.edu/?q=&#34;Lear+Norman&#34;&amp;search_field=subject_link">
                     <persname encodinganalog="600" role="subject" source="lcnaf">Lear,
                        Norman</persname>
                  </extref>
               </item>
            </list>
         </controlaccess>
      </controlaccess>
      <descgrp>
         <head>Administrative Information</head>
         <acqinfo encodinganalog="541">
            <head>Acquisition Information</head>
            <p>Purchase: <date normal="1981">1981</date>
            </p>
         </acqinfo>
         <userestrict encodinganalog="540">
            <head>Usage Restrictions</head>
            <p>Prior arrangements are not necessary before coming to the Library, however, patrons
               from out of town are encouraged to communicate with the Library in advance of their
               visits to ascertain availability of materials.</p>
            <p>Photocopying permitted only with permission of the curator.</p>
         </userestrict>
         <prefercite encodinganalog="524$a">
            <head>Preferred Citation</head>
            <p>[Item], All In The Family mss., Lilly Library, Indiana University, Bloomington,
               Indiana.</p>
         </prefercite>
      </descgrp>
      <dsc>
         <c01 level="item" id="VAD6015-00001">
            <did>
               <container label="Box" type="box">1</container>
               <unittitle>
                  <title render="doublequote">Archie Gets the Business</title> - part
                  2</unittitle>
            </did>
         </c01>
         <c01 level="item" id="VAD6015-00002">
            <did>
               <unittitle>
                  <title render="doublequote">Edith's Fiftieth Birthday</title> - part
                  1</unittitle>
            </did>
         </c01>
         <c01 level="item" id="VAD6015-00003">
            <did>
               <unittitle>
                  <title render="doublequote">Edith's Fiftieth Birthday</title> - part
                  2</unittitle>
            </did>
         </c01>
         <c01 level="item" id="VAD6015-00004">
            <did>
               <unittitle>
                  <title render="doublequote">Archie's Grand
                  Opening</title>
               </unittitle>
            </did>
         </c01>
         <c01 level="item" id="VAD6015-00005">
            <did>
               <container label="Box" type="box">2</container>
               <unittitle>
                  <title render="doublequote">Archie and the Ku Klux Klan</title> - part 2
                  -notes</unittitle>
            </did>
         </c01>
         <c01 level="item" id="VAD6015-00006">
            <did>
               <unittitle>
                  <title render="doublequote">The Commercial</title> - Drafts,
                  f.2.</unittitle>
            </did>
         </c01>
         <c01 level="item" id="VAD6015-00007">
            <did>
               <unittitle>
                  <title render="doublequote">Aunt Iola's Visit</title> - Drafts,
                  f.1</unittitle>
            </did>
         </c01>
         <c01 level="item" id="VAD6015-00008">
            <did>
               <unittitle>
                  <title render="doublequote">Aunt Iola's Visit</title> - Drafts, f.
                  2</unittitle>
            </did>
         </c01>
         <c01 level="item" id="VAD6015-00009">
            <did>
               <unittitle>
                  <title render="doublequote">Mike's New Job</title>
               </unittitle>
            </did>
         </c01>
         <c01 level="item" id="VAD6015-00010">
            <did>
               <unittitle>
                  <title render="doublequote">The Dinner Guest</title>
               </unittitle>
            </did>
         </c01>
         <c01 level="item" id="VAD6015-00011">
            <did>
               <unittitle>
                  <title render="doublequote">The Stivics Go West</title>
               </unittitle>
            </did>
         </c01>
      </dsc>
   </archdesc>
</ead>