<?xml version="1.0" encoding="utf-8"?>
<!-- Indiana University EAD template draft: 2003-Jan-2, 
    revised 2004-09-15 JLR; 
    revised fall 2006 and spring/summer 2007 JLR w/ EAD Working Group
    added repository code to /ead/archdesc/did/repository/@id, 4/1/09 JLR
-->
<ead xmlns="urn:isbn:1-931666-22-9"
     xmlns:xlink="http://www.w3.org/1999/xlink"
     xmlns:xsi="http://www.w3.org/2001/XMLSchema-instance"
     xsi:schemaLocation="urn:isbn:1-931666-22-9 http://www.loc.gov/ead/ead.xsd">
   <eadheader repositoryencoding="iso15511"
              langencoding="iso639-2b"
              audience="external"
              countryencoding="iso3166-1"
              dateencoding="iso8601"
              scriptencoding="iso15924"
              relatedencoding="dublincore"
              findaidstatus="edited-full-draft">
      <eadid countrycode="US"
             encodinganalog="identifier"
             mainagencycode="InU-Li"
             identifier="InU-Li-VAD4815">InU-Li-VAD4815</eadid>
      <!-- The value of eadid should follow the pattern of archive or library code, and then a unique number for the collection, e.g. InU-Li-VAA1234. Put this full identifier both in the identifier attribute and in the value of the eadid element. -->
      <!-- Generate a unique number for the collection at http://www.dlib.indiana.edu/cgi-bin/testtrackedit/filename.pl -->
      <!-- NO MARC RECORD -->
      <filedesc><!-- This is a description of the electronic finding aid, not the original finding aid or the collection --><!-- Make title "The John Doe Papers, 1919-1965" rather than "The Papers of John Doe, 1919-1965" to eliminate 
                potential confusion about the meaning of the dates -->
         <titlestmt>
            <titleproper encodinganalog="title">Pyle mss.,
                    <date normal="1929/1945" type="inclusive">1929-1945</date>
            </titleproper>
         </titlestmt>
         <publicationstmt>
            <publisher encodinganalog="publisher">Indiana University Digital Library Program</publisher>
            <date encodinganalog="date" normal="2015" type="publication">© 2015</date>
         </publicationstmt>
         <notestmt><!-- Change date to date of first publication, change rights statement if other entity claims rights over the finding aid (not the collection)-->
            <note encodinganalog="rights">
               <p>
                  <date normal="2015">© 2015</date> Trustees of Indiana University. All rights reserved.</p>
            </note>
         </notestmt>
      </filedesc>
      <profiledesc>
         <creation>XML finding aid derived from HTML version through cutting and pasting and
                through folder analysis. <date normal="2015" type="source">2015</date>
            <lb/>Finding aid encoded by Erin Clarke, Lilly Library, Indiana University,
                <date normal="2015-09-22">September 22, 2015</date>
         </creation>
         <langusage>Description is in <language encodinganalog="language" langcode="eng">English.</language>
         </langusage>
      </profiledesc>
      <!-- revisiondesc is required -->
      <!-- record when the finding aid is completed in first change element, 
with subsequent changes
listed below the first -->
      <revisiondesc>
         <change audience="internal">
            <date normal="2015-09-22">September 22, 2015</date>
            <item>Encoded finding aid started.</item>
         </change>
         <change audience="internal">
            <date normal="2017-11-29">November 29, 2017</date>
            <item>Batch update to change subject links.</item>
         </change>
      </revisiondesc>
   </eadheader>
   <archdesc audience="external"
             level="collection"
             type="inventory"
             relatedencoding="marc21"><!-- The TYPE attribute can be used to categorize the finding aid as an inventory, register, or other format. -->
      <did>
         <head>Summary Information</head>
         <repository id="lilly" encodinganalog="852" label="Repository">
            <corpname source="lcnaf" normal="Lilly Library (Indiana University, Bloomington)">Lilly Library (Indiana University, Bloomington)</corpname>
            <address>
               <addressline>Lilly Library</addressline>
               <addressline>Indiana University</addressline>
               <addressline>1200 E. Seventh St.</addressline>
               <addressline>Bloomington, IN 47405-5500</addressline>
               <addressline>Phone: 812-855-2452</addressline>
               <addressline>Fax: 812-855-3143</addressline>
               <addressline>Email: liblilly@indiana.edu</addressline>
            </address>
         </repository>
         <origination label="Creator"><!-- Or <corpname encodinganalog="110">, <meeting encodinganalog="111">, with source="lcnaf" if appropriate -->
            <persname source="lcnaf" encodinganalog="100">Pyle, Ernie, 1900-1945</persname>
         </origination>
         <!-- per RLG guidelines recommendation, do not nest unitdate element within unittitle element -->
         <unittitle encodinganalog="245$a" label="Title">Pyle mss.,</unittitle>
         <unitdate encodinganalog="245$f" normal="1929/1945" type="inclusive">1929-1945</unitdate>
         <!-- do not include separating punctuation between the unit title and the unit date.  The stylesheets will supply a comma where appropriate. -->
         <!-- unitdate may be repeated if both bulk and inclusive dates are recorded -->
         <!-- record the type of date - bulk or inclusive - in the type attribute. if date is bulk, change encodinganalog to 245$g -->
         <!-- recommended -->
         <!-- if collection includes signinficant non-english material add code to langmaterial element -->
         <langmaterial encodinganalog="546" label="Language">Materials are in 
                <language langcode="eng">English.</language>
         </langmaterial>
         <abstract encodinganalog="520" label="Abstract">
                The Pyle mss., 1929-1945, consists primarliy of the correspondence and writings of journalist Ernest Taylor Pyle, 1900-1945.
            </abstract>
      </did>
      <!-- required even if unrestricted -->
      <accessrestrict encodinganalog="506">
         <head>Access Restrictions</head>
         <p>This collection is open for research.</p>
      </accessrestrict>
      <!-- required; can be short -->
      <bioghist encodinganalog="545">
         <head>Biographical Note</head>
         <p>Ernest Taylor Pyle (1900-1945), also known as Ernie Pyle, was a Pulitzer Prize winning American journalist. 
                After attending Indiana University Bloomington, Pyle served as a newspaper correspondent and columnist who 
                covered the lives of ordinary people as well as soldiers in World War II. Pyle was killed in battle at
                Ie Shima in the Pacific.</p>
      </bioghist>
      <!-- required for collection level; optional for lower levels -->
      <scopecontent encodinganalog="520">
         <head>Scope and Content Note</head>
         <p>The Pyle mss., 1929-1945, are letters to Ernest Taylor Pyle, 1900-1945, journalist, from editors, newspapermen, journalists, congressmen, 
                senators, and friends. Included are also ninety-nine personal letters from Pyle to his wife, Mrs. Geraldine "Jerry" Elizabeth (Siebolds) 
                Pyle, 1900-1945, and one hundred and eight personal letters to Paige Cavanaugh, 1899-1991, businessman and classmate of Pyle at Indiana 
                University. These letters were written while Pyle was a war correspondent in England, Ireland, France, Italy, Sicily, Africa, and the South 
                Pacific during World War II. He used ninety-seven pseudonyms in writing to Cavanaugh. In addition to the letters there are sixty-six 
                articles and one column, "On V-E Day," Pyle had written which was found in his pocket at the time of his death, April 18, 1945, on Ie Shima. 
                <title render="italic">The Pittsburgh Press</title> published the column on September 9, 1945. After the war the body was moved to the new 
                National Memorial Cemetery of the Pacific in Punchbowl Crater, near Honolulu.</p>
         <p>In 1944 Pyle was awarded a Pulitzer Prize and voted the Outstanding Hoosier of the year by the Sons of Indiana of New York. In the same year 
                he received the honorary degrees of Litt. D. from the University of New Mexico and L.H.D. from Indiana University and the Raymond Clapper
                memorial award from the Sigma Delta Chi fraternity.</p>
         <p>Among his publications are <title render="italic">Ernie Pyle in England.</title> New York: P.M. McBride &amp; Company, [1941]; 
                <title render="italic">Here is Your War.</title> New York: H. Holt and Company, [1943]; <title render="italic">Brave Men.</title> New York: H. 
                Holt and Company, [1944]; <title render="italic">Last Chapter.</title> New York: H. Holt and Company, [1946]; <title render="italic">Home Country.
                </title> New York: William Sloane Associates, Inc., [1947]. Lee Graham Miller published <title render="italic">An Ernie Pyle Album: Indiana to 
                Ie Shima.</title> New York: William Sloane Associates, Inc., [1946]; and <title render="italic">The Story of Ernie Pyle.</title> New York: 
                The Viking Press, 1950.</p>
      </scopecontent>
      <!-- optional, if applicable -->
      <relatedmaterial encodinganalog="544 1">
         <head>Related Material</head>
         <p>Pyle mss. II, Pyle mss. III, Pyle mss. IV, Pyle mss. V, Pyle mss. VI, and Pyle mss. VII also located at the Lilly Library, 
                Indiana University, Bloomington, Indiana.</p>
      </relatedmaterial>
      <descgrp>
         <head>Administrative Information</head>
         <!-- required -->
         <acqinfo encodinganalog="541">
            <head>Acquisition Information</head>
            <p>Acquired 1974</p>
            <p>Gift. Paige Cavanaugh, Orange, California.</p>
         </acqinfo>
         <!-- required even if unrestricted -->
         <userestrict encodinganalog="540">
            <head>Usage Restrictions</head>
            <p>Prior arrangements are not necessary before coming to the Library, however,
                    patrons from out of town are encouraged to communicate with the Library in
                    advance of their visits to ascertain availability of materials.</p>
            <p>Photocopying permitted only with permission of the Curator of Manuscripts, Lilly
                    Library.</p>
         </userestrict>
         <!-- required -->
         <prefercite encodinganalog="524">
            <head>Preferred Citation</head>
            <p>[Item], Pyle mss., Lilly Library, Indiana University, Bloomington,
                    Indiana.</p>
         </prefercite>
      </descgrp>
      <dsc type="combined"><!-- unittitle is the only required element within component --><!-- possible values for @level include: class, collection, file, fonds, item,
                otherlevel, recordgrp, series, subfonds, subgrp, subseries -->
         <c01 id="VAD4815-00001" level="file">
            <did>
               <container label="Box" type="box">1</container>
               <unittitle>
                  <unitdate normal="1929/1932-06-16" type="inclusive">1929-1932, June 16</unitdate>
               </unittitle>
            </did>
         </c01>
         <c01 id="VAD4815-00002" level="file">
            <did>
               <unittitle>
                  <unitdate normal="1932-06-17/1932-12-31" type="inclusive">1932, June 17 - Dec. 31</unitdate>
               </unittitle>
            </did>
         </c01>
         <c01 id="VAD4815-00003" level="file">
            <did>
               <unittitle>
                  <unitdate normal="1933/1937" type="inclusive">1933-1937</unitdate>
               </unittitle>
            </did>
         </c01>
         <c01 id="VAD4815-00004" level="file">
            <did>
               <unittitle>
                  <unitdate normal="1938">1938</unitdate>
               </unittitle>
            </did>
         </c01>
         <c01 id="VAD4815-00005" level="file">
            <did>
               <unittitle>
                  <unitdate normal="1939-01/1939-06" type="inclusive">1939, Jan. - June</unitdate>
               </unittitle>
            </did>
         </c01>
         <c01 id="VAD4815-00006" level="file">
            <did>
               <unittitle>
                  <unitdate normal="1939-07/1940" type="inclusive">1939, July - 1940</unitdate>
               </unittitle>
            </did>
         </c01>
         <c01 id="VAD4815-00007" level="file">
            <did>
               <unittitle>
                  <unitdate normal="1941">1941</unitdate>
               </unittitle>
            </did>
         </c01>
         <c01 id="VAD4815-00008" level="file">
            <did>
               <unittitle>
                  <unitdate normal="1942">1942</unitdate>
               </unittitle>
            </did>
         </c01>
         <c01 id="VAD4815-00009" level="file">
            <did>
               <container label="Box" type="box">2</container>
               <unittitle>
                  <unitdate normal="1943-01/1943-05" type="inclusive">1943, Jan. - May</unitdate>
               </unittitle>
            </did>
         </c01>
         <c01 id="VAD4815-00010" level="file">
            <did>
               <unittitle>
                  <unitdate normal="1943-06/1943-12" type="inclusive">1943, June - Dec</unitdate>
               </unittitle>
            </did>
         </c01>
         <c01 id="VAD4815-00011" level="file">
            <did>
               <unittitle>
                  <unitdate normal="1944-01/1944-12" type="inclusive">1944, Jan. - May</unitdate>
               </unittitle>
            </did>
         </c01>
         <c01 id="VAD4815-00012" level="file">
            <did>
               <unittitle>
                  <unitdate normal="1944-06/1944-12" type="inclusive">1944, June - Dec</unitdate>
               </unittitle>
            </did>
         </c01>
         <c01 id="VAD4815-00013" level="file">
            <did>
               <unittitle>
                  <unitdate normal="1945">1945</unitdate>
               </unittitle>
            </did>
         </c01>
         <c01 id="VAD4815-00014" level="file">
            <did>
               <unittitle>
                  <unitdate normal="1929/1945" type="inclusive">Undated</unitdate> correspondence
                    </unittitle>
            </did>
         </c01>
         <c01 id="VAD4815-00015" level="file">
            <did>
               <unittitle>
                  <unitdate normal="1929/1945" type="inclusive">Undated</unitdate> articles
                    </unittitle>
               <physdesc>(2 folders)</physdesc>
            </did>
         </c01>
      </dsc>
   </archdesc>
</ead>
