<?xml version="1.0" encoding="utf-8"?>
<!-- Indiana University EAD template draft: 2003-Jan-2, 
    revised 2004-09-15 JLR; 
    revised fall 2006 and spring/summer 2007 JLR w/ EAD Working Group
    added repository code to /ead/archdesc/did/repository/@id, 4/1/09 JLR
-->
<ead xmlns="urn:isbn:1-931666-22-9"
     xmlns:xlink="http://www.w3.org/1999/xlink"
     xmlns:xsi="http://www.w3.org/2001/XMLSchema-instance"
     xsi:schemaLocation="urn:isbn:1-931666-22-9 http://www.loc.gov/ead/ead.xsd">
   <eadheader repositoryencoding="iso15511"
              langencoding="iso639-2b"
              audience="external"
              countryencoding="iso3166-1"
              dateencoding="iso8601"
              scriptencoding="iso15924"
              relatedencoding="dublincore"
              findaidstatus="edited-full-draft">
      <eadid countrycode="US"
             encodinganalog="identifier"
             mainagencycode="InU-Li"
             identifier="InU-Li-VAC1667">InU-Li-VAC1667</eadid>
      <!-- The value of eadid should follow the pattern of archive or library code, and then a 
unique number for the collection, e.g. InU-Li-VAA1234. Put this full identifier both in the identifier attribute and in the value of the eadid element. -->
      <!-- Generate a unique number for the collection at http://www.dlib.indiana.edu/cgi-bin/testtrackedit/filename.pl -->
      <filedesc><!-- This is a description of the electronic finding aid, not the 
original finding aid or the collection --><!-- Make title "The John Doe Papers, 1919-1965" rather than "The 
Papers of John Doe, 1919-1965" to eliminate 
                potential confusion about the meaning of the dates -->
         <titlestmt>
            <titleproper encodinganalog="title">Heath, Cheston L. mss. <date normal="1941/1947" type="inclusive">ca. 1931-1947</date>
            </titleproper>
         </titlestmt>
         <publicationstmt>
            <publisher encodinganalog="publisher">Indiana University Digital Library
                    Program</publisher>
            <date encodinganalog="date" normal="2011" type="publication">© 2011</date>
         </publicationstmt>
         <notestmt><!-- Change date to date of first publication, change rights statement if other entity claims rights over the finding aid (not the collection)-->
            <note encodinganalog="rights">
               <p>
                  <date normal="2011">© 2011</date> Trustees of Indiana University. All rights
                        reserved.</p>
            </note>
         </notestmt>
      </filedesc>
      <profiledesc>
         <creation> XML finding aid derived from HTML version through cutting and
                pasting.<lb/>date of source: <date normal="2011" type="source">2011</date>
            <lb/>Finding aid encoded by Danielle Emerling, Lilly Library, Indiana University,
                    <date normal="2011-09-02">September 2, 2011</date>
         </creation>
         <langusage>Description is in <language encodinganalog="language" langcode="eng">English.</language>
         </langusage>
      </profiledesc>
      <!-- revisiondesc is required -->
      <!-- record when the finding aid is completed in first change element, 
with subsequent changes
listed below the first -->
      <revisiondesc>
         <change audience="internal">
            <date normal="2011-09-02"/>
            <item>Encoded finding aid begun.</item>
         </change>
         <change audience="internal">
            <date normal="2017-11-29">November 29, 2017</date>
            <item>Batch update to change subject links.</item>
         </change>
      </revisiondesc>
   </eadheader>
   <archdesc audience="external"
             level="collection"
             type="inventory"
             relatedencoding="marc21"><!-- The TYPE attribute can be used to categorize the finding aid as an inventory, register, or other format. -->
      <did>
         <head>Summary Information</head>
         <repository id="lilly" encodinganalog="852" label="Repository">
            <corpname source="lcnaf" normal="Lilly Library (Indiana University, Bloomington)">Lilly Library (Indiana University, Bloomington)</corpname>
            <address>
               <addressline>Lilly Library</addressline>
               <addressline>Indiana University</addressline>
               <addressline>1200 E. Seventh St.</addressline>
               <addressline>Bloomington, IN 47405-5500</addressline>
               <addressline>Phone: 812-855-2452</addressline>
               <addressline>Fax: 812-855-3143</addressline>
               <addressline>Email: liblilly@indiana.edu</addressline>
            </address>
         </repository>
         <origination label="Creator"><!-- Or <corpname encodinganalog="110">, <meeting encodinganalog="111">, with source="lcnaf" if appropriate -->
            <persname encodinganalog="100" source="lcnaf">Heath, Cheston L.</persname>
         </origination>
         <!-- per RLG guidelines recommendation, do not nest unitdate element within
unittitle element -->
         <unittitle encodinganalog="245$a" label="Title">Heath, Cheston L. mss., </unittitle>
         <unitdate encodinganalog="245$f" normal="1931/1947" type="inclusive">ca.
                1931-1947</unitdate>
         <!-- do not include separating punctuation between the unit title and the unit
date.  The stylesheets will supply a comma where appropriate. -->
         <!-- unitdate may be repeated if both bulk and inclusive dates are recorded -->
         <!-- record the type of date - bulk or inclusive - in the type attribute. if date is bulk, change encodinganalog to 245$g -->
         <!-- recommended -->
         <unitid encodinganalog="099" label="Collection No.">LMC 2730</unitid>
         <physdesc encodinganalog="300" label="Extent">
            <extent>23 items</extent>
         </physdesc>
         <!-- if both linear feet and number of items included, repeat extent-->
         <!-- if collection includes signinficant non-english material add code to
langmaterial element -->
         <langmaterial encodinganalog="546" label="Language">Materials are in <language langcode="eng">English</language>
         </langmaterial>
         <abstract encodinganalog="520" label="Abstract">Consists of photographs and
                correspondence describing the wartime experiences of Cheston Heath, organist and
                choirmaster at Christ Episcopal Church in Indianapolis, Indiana for twenty-one
                years. The collection also contains Xeroxed copies of two of Heath's original
                compositions.</abstract>
      </did>
      <!-- required even if unrestricted -->
      <accessrestrict encodinganalog="506">
         <head>Access Restrictions</head>
         <p>This collection is open for research.</p>
      </accessrestrict>
      <!-- required; can be short -->
      <bioghist encodinganalog="545">
         <head>Biographical Note</head>
         <p>Organist and choirmaster at Christ Church Cathedral in Indianapolis, Indiana, for
                twenty one years. Cheston L. Heath was born in Corpus Christi, Texas, and directed
                his first choir at the age of fourteen. A year later, he entered the New England
                Conservatory of Music, and went on to earn an M.A. degree from Harvard University.
                After graduation, he traveled through Rome, Paris and Vienna, studying choral music
                and organ from Camille Saint-Saëns and Alexandre Guilmant. He is reported to have
                trained over a thousand choirboys for his choir and also was widely known for his
                musical compositions. During the St. Louis exposition, he was recognized as one of
                the seven greatest organists in the world. Heath died on February 11, 1947 at the
                age of 61. </p>
      </bioghist>
      <!-- required for collection level; optional for lower levels -->
      <scopecontent encodinganalog="520">
         <head>Scope and Content Note</head>
         <p>Collection consists of photographs and correspondence describing the wartime
                experiences of Cheston Heath, along with Xeroxed copies of two of Heath's original
                compositions. The correspondence in the collection is mainly from former choirboys
                of Heath's serving overseas (1943-1945). Additionally, there are oversized
                photocopies of choir music featuring original compositions bearing Heath's initials
                ("CLH").</p>
      </scopecontent>
      <!-- recommended; this information would be included for marc amc record -->
      <!-- should include all personal and corporate names, and subject headings -->
      <controlaccess>
         <head>Indexing Terms</head>
         <controlaccess>
            <head>Names</head>
            <list>
               <item>
                  <extref xlink:href="https://iucat.iu.edu/?q=&#34;heath+cheston+l+correspondence&#34;&amp;search_field=subject_link">
                     <persname encodinganalog="600" source="lcnaf" role="subject">Heath,
                                Cheston L. --Correspondence.</persname>
                  </extref>
               </item>
            </list>
         </controlaccess>
         <controlaccess>
            <head>Topics</head>
            <list>
               <item>
                  <extref xlink:href="https://iucat.iu.edu/?q=&#34;world+war+1939+1945+personal+narratives+american+correspondence&#34;&amp;search_field=subject_link">
                     <subject encodinganalog="650" source="lcsh">World War, 1939-1945
                                --Personal narratives, American --Correspondence.</subject>
                  </extref>
               </item>
               <item>
                  <extref xlink:href="https://iucat.iu.edu/?q=&#34;organists+correspondence&#34;&amp;search_field=subject_link">
                     <subject encodinganalog="650" source="lcsh">Organists
                                --Correspondence.</subject>
                  </extref>
               </item>
               <item>
                  <extref xlink:href="https://iucat.iu.edu/?q=&#34;choral+conductors+correspondence&#34;&amp;search_field=subject_link">
                     <subject encodinganalog="650" source="lcsh">Choral conductors
                                --Correspondence.</subject>
                  </extref>
               </item>
            </list>
         </controlaccess>
         <!-- <persname encodinganalog="100" source="lcnaf">[remove source attribute if name does not come from an authority file] </persname> -->
         <!-- <corpname encodinganalog="110" source="lcnaf">[remove source attribute if name does not come from an authority file]</corpname> -->
         <!--  <famname encodinganalog="100" source="lcnaf">[remove source attribute if name does not come from an authority file]</famname> -->
         <!--  <subject encodinganalog="650" source="lcsh"> </subject> -->
         <!--  <occupation encodinganalog="656" source="lcsh"> </occupation> -->
         <!--  <geogname encodinganalog="651" source="aacr2"> </geogname> -->
         <!-- <genreform encodinganalog="655" source="lcsh"> </genreform> -->
         <!-- <function encodinganalog="657" source="lcsh"/> -->
         <!-- <title encodinganalog="630"> </title> -->
      </controlaccess>
      <descgrp>
         <head>Administrative Information</head>
         <!-- required -->
         <acqinfo encodinganalog="541">
            <head>Acquisition Information</head>
            <p>Acquired: 2009</p>
         </acqinfo>
         <!-- required even if unrestricted -->
         <userestrict encodinganalog="540">
            <head>Usage Restrictions</head>
            <p>Prior arrangements are not necessary before coming to the Library, however,
                    patrons from out of town are encouraged to communicate with the Library in
                    advance of their visits to ascertain availability of materials.</p>
            <p>Photocopying permitted only with permission of the Curator of Manuscripts, Lilly
                    Library.</p>
         </userestrict>
         <!-- required -->
         <prefercite encodinganalog="524">
            <head>Preferred Citation</head>
            <p>[Item], Heath, Cheston L., mss., Lilly Library, Indiana University.</p>
         </prefercite>
         <!--required by Archives, optional for Lilly -->
         <processinfo encodinganalog="583">
            <head>Processing Information</head>
            <p>Processed by Craig Simpson.</p>
            <p>Completed in <date normal="2011">2011</date>.</p>
         </processinfo>
      </descgrp>
      <dsc type="combined"><!-- unittitle is the only required element within component --><!-- possible values for @level include: class, collection, file, fonds, item,
                otherlevel, recordgrp, series, subfonds, subgrp, subseries -->
         <c01 id="VAC1667-00001" level="series">
            <did><!-- optional -->
               <container label="Box" type="Box">1</container>
               <unittitle>Collection</unittitle>
            </did>
            <c02 id="VAC1667-00002" level="file">
               <did>
                  <unittitle>Correspondence, <unitdate normal="1943-09/1943-10" type="inclusive">1943, September-October</unitdate>
                  </unittitle>
               </did>
            </c02>
            <c02 id="VAC1667-00003" level="file">
               <did>
                  <unittitle>Correspondence, <unitdate normal="1943-10/1943-12" type="inclusive">1943, October-December</unitdate>
                  </unittitle>
               </did>
            </c02>
            <c02 id="VAC1667-00004" level="file">
               <did>
                  <unittitle>Correspondence, <unitdate normal="1944-03/1944-04" type="inclusive">1944, March-August</unitdate>
                  </unittitle>
               </did>
            </c02>
            <c02 id="VAC1667-00005" level="file">
               <did>
                  <unittitle>Correspondence, <unitdate normal="1944-08" type="inclusive">1944,
                                August</unitdate>
                  </unittitle>
               </did>
            </c02>
            <c02 id="VAC1667-00006" level="file">
               <did>
                  <unittitle>Correspondence, <unitdate normal="1944-10" type="inclusive">1944,
                                October</unitdate>
                  </unittitle>
               </did>
            </c02>
            <c02 id="VAC1667-00007" level="file">
               <did>
                  <unittitle>Correspondence, <unitdate normal="1944-11/1944-12" type="inclusive">1944, November-December</unitdate>
                  </unittitle>
               </did>
            </c02>
            <c02 id="VAC1667-00008" level="file">
               <did>
                  <unittitle>Correspondence, <unitdate normal="1944-12/1945-04" type="inclusive">1944, December-1945, April</unitdate>
                  </unittitle>
               </did>
            </c02>
            <c02 id="VAC1667-00009" level="file">
               <did>
                  <unittitle>Correspondence, <unitdate normal="1945-05/1945-08" type="inclusive">1945, May-August</unitdate>
                  </unittitle>
               </did>
            </c02>
            <c02 id="VAC1667-00010" level="file">
               <did>
                  <unittitle>Correspondence, <unitdate normal="1945-08/1945-10" type="inclusive">1945, August-October</unitdate>
                  </unittitle>
               </did>
            </c02>
            <c02 id="VAC1667-00011" level="file">
               <did>
                  <unittitle>Correspondence, <unitdate normal="1945-10/1945-11" type="inclusive">1945, October-November</unitdate>
                  </unittitle>
               </did>
            </c02>
            <c02 id="VAC1667-00012" level="file">
               <did>
                  <unittitle>Correspondence, <unitdate normal="1931/1947" type="inclusive">undated</unitdate>
                  </unittitle>
               </did>
            </c02>
            <c02 id="VAC1667-00013" level="file">
               <did>
                  <unittitle>Correspondence and photograph, <unitdate normal="1931/1947" type="inclusive">undated</unitdate>
                  </unittitle>
               </did>
            </c02>
            <c02 id="VAC1667-00014" level="file">
               <did>
                  <unittitle>Newspaper clippings and photograph, <unitdate normal="1931/1947" type="inclusive">undated</unitdate>
                  </unittitle>
               </did>
            </c02>
            <c02 id="VAC1667-00015" level="file">
               <did>
                  <unittitle>Newspaper clippings, programs, guild card, <unitdate normal="1931/1947" type="inclusive">undated</unitdate>
                  </unittitle>
               </did>
            </c02>
            <c02 id="VAC1667-00016" level="file">
               <did>
                  <unittitle>"Register of Visitors, and Record of Flowers," <unitdate normal="1931/1947" type="inclusive">undated</unitdate>
                  </unittitle>
               </did>
            </c02>
            <c02 id="VAC1667-00017" level="file">
               <did>
                  <container label="Box" type="Box">2 (Oversize)</container>
                  <unittitle>Sheet music, original Cheston L. Heath choir music</unittitle>
                  <physdesc>(6 folders)</physdesc>
               </did>
            </c02>
            <c02 id="VAC1667-00018" level="file">
               <did>
                  <unittitle>Newspaper clippings, <unitdate normal="1945/1947" type="inclusive">1945-1947</unitdate>
                  </unittitle>
               </did>
            </c02>
         </c01>
      </dsc>
   </archdesc>
</ead>
