<?xml version="1.0" encoding="utf-8"?>
<!-- Indiana University EAD template draft: 2003-Jan-2, 
    revised 2004-09-15 JLR; 
    revised fall 2006 and spring/summer 2007 JLR w/ EAD Working Group
    added repository code to /ead/archdesc/did/repository/@id, 4/1/09 JLR
    added repository web address and changed form of collection title in eadheader, June 2009, Valerie Higgins-->
<ead xmlns="urn:isbn:1-931666-22-9"
     xmlns:xlink="http://www.w3.org/1999/xlink"
     xmlns:xsi="http://www.w3.org/2001/XMLSchema-instance"
     xsi:schemaLocation="urn:isbn:1-931666-22-9 http://www.loc.gov/ead/ead.xsd">
   <eadheader audience="external"
              langencoding="iso639-2b"
              repositoryencoding="iso15511"
              countryencoding="iso3166-1"
              dateencoding="iso8601"
              relatedencoding="dublincore"
              scriptencoding="iso15924"
              findaidstatus="edited-full-draft">
      <eadid encodinganalog="identifier"
             countrycode="US"
             mainagencycode="InU-Li"
             identifier="InU-Li-VAD0648">InU-Li-VAD0648</eadid>
      <filedesc><!-- This is a description of the electronic finding aid, not the 
original finding aid or the collection --><!-- Make title "The John Doe Papers, 1919-1965" rather than "The Papers of John Doe, 1919-1965" to eliminate 
                potential confusion about the meaning of the dates -->
         <titlestmt>
            <titleproper encodinganalog="title">Hemingway mss., <date normal="1931">1931</date>
            </titleproper>
         </titlestmt>
         <publicationstmt>
            <publisher encodinganalog="publisher">Indiana University Digital Library
                    Program</publisher>
            <date encodinganalog="date" normal="2007" type="publication">© 2013</date>
         </publicationstmt>
         <notestmt><!-- Change date to date of first publication, change rights statement if other entity claims rights over the finding aid (not the collection)-->
            <note encodinganalog="rights">
               <p>
                  <date normal="2007">© 2013</date> Trustees of Indiana University. All rights
                        reserved.</p>
            </note>
         </notestmt>
      </filedesc>
      <profiledesc>
         <creation><!--description of how the finding aid was created, for example: --> XML finding aid
                derived from HTML version through cutting and pasting. <lb/>[date of source: <date normal="2013" type="source">2013</date>
            <lb/>Finding aid encoded by Tiffany Saulter, Library/Archives, Indiana University,
                    <date normal="2013-08-26">August 26, 2013</date>
         </creation>
         <langusage>Description is in <language encodinganalog="language" langcode="eng">English.</language>
         </langusage>
      </profiledesc>
      <!-- revisiondesc is required -->
      <!-- record when the finding aid is completed in first change element, 
with subsequent changes
listed below the first -->
      <revisiondesc>
         <change audience="internal">
            <date normal="2013-08-26">August 26, 2013</date>
            <item>Encoded finding aid started.</item>
         </change>
         <change audience="internal">
            <date normal="2013-08-27">August 27, 2013</date>
            <item>Encoded finding aid completed.</item>
         </change>
         <change audience="internal">
            <date normal="2017-11-29">November 29, 2017</date>
            <item>Batch update to change subject links.</item>
         </change>
      </revisiondesc>
   </eadheader>
   <archdesc level="collection"
             audience="external"
             type="inventory"
             relatedencoding="marc21"><!-- The TYPE attribute can be used to categorize the finding aid as an inventory, register, or other format. -->
      <did>
         <head>Summary Information</head>
         <repository id="lilly" encodinganalog="852" label="Repository">
            <corpname source="lcnaf" normal="Lilly Library (Indiana University, Bloomington)">
                    Lilly Library (Indiana University, Bloomington)</corpname>
            <address>
               <addressline>Indiana University</addressline>
               <addressline>1200 E. Seventh St.</addressline>
               <addressline>Bloomington, IN 47405-5500</addressline>
               <addressline>Phone: 812-855-2452</addressline>
               <addressline>Fax: 812-855-3143</addressline>
               <addressline>Email: liblilly@indiana.edu</addressline>
            </address>
            <lb/>
            <extref xlink:href="http://www.indiana.edu/~liblilly">http://www.indiana.edu/~liblilly</extref>
         </repository>
         <origination label="Creator"><!-- Or <corpname encodinganalog="110">, <meeting encodinganalog="111">, with source="lcnaf" if appropriate -->
            <persname encodinganalog="100" source="lcnaf">Hemingway, Ernest, 1899-1961</persname>
         </origination>
         <!-- per RLG guidelines recommendation, do not nest unitdate element within
unittitle element -->
         <unittitle encodinganalog="245$a" label="Title">Hemingway mss., </unittitle>
         <unitdate encodinganalog="245$f" normal="1931" type="inclusive">1931</unitdate>
         <!-- do not include separating punctuation between the unit title and the unit
date.  The stylesheets will supply a comma where appropriate. -->
         <!-- unitdate may be repeated if both bulk and inclusive dates are recorded -->
         <!-- record the type of date - bulk or inclusive - in the type attribute. if date is bulk, change encodinganalog to 245$g -->
         <!-- recommended -->
         <unitid encodinganalog="099" label="Collection No.">LMC 1485</unitid>
         <physdesc encodinganalog="300" label="Extent">
            <extent>7 items</extent>
            <!-- if both linear feet and number of items included, repeat extent-->
         </physdesc>
         <!-- if collection includes signinficant non-english material add code to
langmaterial element -->
         <langmaterial encodinganalog="546" label="Language">Materials are in <language langcode="eng">English</language>
         </langmaterial>
         <abstract encodinganalog="520" label="Abstract">The Hemingway mss., 1931, consists of writings and correspondence of author Ernest Hemingway.</abstract>
      </did>
      <!-- required even if unrestricted -->
      <accessrestrict encodinganalog="506">
         <head>Access Restrictions</head>
         <p>This collection is open for research.</p>
      </accessrestrict>
      <!-- required; can be short -->
      <bioghist encodinganalog="545">
         <head>Biographical Note</head>
         <p>Ernest Hemingway was born and raised in Cicero (now Oak Park), Illinois. He began his
                writing career as a journalist for the <emph render="italic">Kansas City Star</emph>
                and served as an ambulance driver in World War One, during which he rescued an
                Italian soldier while seriously wounded and received the Italian Silver Medal for
                Military Valor. In the 1920s he became part of the "Lost Generation" of
                American expatriates living in Paris, where he wrote his first novel, <emph render="italic">The Sun Also Rises</emph> (1926). Other important literary works
                by Hemingway include <emph render="italic">A Farewell to Arms</emph> (1929), <emph render="italic">For Whom the Bell Tolls</emph> (1940), the Pulitzer Prize
                winning <emph render="italic">The Old Man and the Sea</emph> (1951), and the
                posthumous <emph render="italic">A Moveable Feast</emph> (1964). Hemingway served as
                a war correspondent during the Spanish Civil War and World War II. In 1954, he won
                the Nobel Prize in Literature "for his mastery of the art of narrative...and
                for the influence he has exerted on contemporary style." Hemingway died from a
                self-inflicted gunshot wound in Ketchum, Idaho in 1961.</p>
      </bioghist>
      <!--optional -->
      <!-- not relevant to this collection
            <arrangement encodinganalog="351">
            <head>Arrangement</head>
            <p>arrangement note</p>
        </arrangement> -->
      <!-- required for collection level; optional for lower levels -->
      <scopecontent encodinganalog="520">
         <head>Scope and Content Note</head>
         <p>Writings in the collection include the essays "Notes on Dangerous Game," "On Being
                Shot Again," and "Second Tanganyika Letter," all of which reflect Hemingway's
                enthusiasm for big-game hunting. Also included is a letter from Ernest Hemingway to
                Edward W. Titus, proprietor of what was then called The English Book Shop, a
                gathering place for expatriate writers in Paris. </p>
      </scopecontent>
      <!-- recommended; this information would come from the marc record -->
      <!-- should include all personal and corporate names, and subject headings -->
      <controlaccess>
         <head>Indexing Terms</head>
         <controlaccess>
            <head>Names</head>
            <list>
               <item>
                  <extref xlink:href="https://iucat.iu.edu/?q=&#34;Hemingway+Ernest+1899-1961+Correspondence&#34;&amp;search_field=subject_link">
                     <persname encodinganalog="600" source="lcnaf">
                        Hemingway, Ernest, 1899-1961 --Correspondence. </persname>
                  </extref>
               </item>
               <item>
                  <extref xlink:href="https://iucat.iu.edu/?q=&#34;Titus+Edward+W+1880+Correspondence&#34;&amp;search_field=subject_link">
                     <persname encodinganalog="600" source="lcnaf">Titus, Edward W., 1880 --Correspondence.</persname>
                  </extref>
               </item>
            </list>
         </controlaccess>
         <!-- <controlaccess>
                <head>Topics</head>
                <list>
                    <item> </item>
                    <item> </item>
                </list>
            </controlaccess> -->
         <!-- repeat for each labeled section needed -->
      </controlaccess>
      <!-- required, if appropriate -->
      <!--<separatedmaterial encodinganalog="544">
            <head>Separated Material</head>

            <p>[note about separated materials]</p>
        </separatedmaterial> -->
      <!-- optional, if applicable -->
      <relatedmaterial encodinganalog="544 1">
         <head>Related Material</head>
         <p>
            <extref xlink:href="http://www.indiana.edu/~liblilly/lilly/mss/index.php?p=hemingw2">Hemingway mss. II</extref>; also located at the Lilly Library, Indiana University, Bloomington, Indiana</p>
         <p>
            <extref xlink:href="http://www.indiana.edu/~liblilly/lilly/mss/index.php?p=hemingw3">Hemingway mss. III</extref>; also located at the Lilly Library, Indiana University, Bloomington, Indiana</p>
      </relatedmaterial>
      <descgrp>
         <head>Administrative Information</head>
         <!-- include if appropriate -->
         <!--<accruals encodinganalog="584">
                <head>Accrual Information</head>
                <p>[Accrual information...]</p>
            </accruals>-->
         <!-- required -->
         <acqinfo encodinganalog="541">
            <head>Acquisition Information</head>
            <p>Acquired: 1957 </p>
         </acqinfo>
         <!-- required even if unrestricted -->
         <userestrict encodinganalog="540">
            <head>Usage Restrictions</head>
            <p>Prior arrangements are not necessary before coming to the Library, however, patrons from 
                    out of town are encouraged to communicate with the Library in advance of their visits to 
                    ascertain availability of materials.</p>
            <p>Photocopying permitted only with permission of the Curator of Manuscripts, Lilly Library.</p>
         </userestrict>
         <!-- required -->
         <prefercite encodinganalog="524">
            <head>Preferred Citation</head>
            <p>[item], Hemingway mss., Lilly Library, Indiana University, Bloomington, Indiana.</p>
         </prefercite>
         <!--required by Archives and Lilly -->
         <processinfo encodinganalog="583">
            <head>Processing Information</head>
            <p>Processed by staff.</p>
            <p>Completed in <date normal="2013">2013</date>
            </p>
         </processinfo>
      </descgrp>
      <dsc type="combined"><!-- unittitle is the only required element within component --><!-- possible values for @level include: class, collection, file, fonds, item,
                otherlevel, recordgrp, series, subfonds, subgrp, subseries -->
         <c01 id="VAD0648-00001" level="collection">
            <did>
               <unittitle>Hemingway mss., <unitdate normal="1931">1931</unitdate>
               </unittitle>
            </did>
            <c02 id="VAD0648-00002" level="file">
               <did>
                  <container label="Box" type="Label">1</container>
                  <unittitle>"The Sea Change," <unitdate normal="1931-09-22"> 1931, Sept. 22</unitdate>
                  </unittitle>
               </did>
            </c02>
            <c02 id="VAD0648-00003" level="file">
               <did>
                  <unittitle>Correspondence: Hemingway, Ernest to Titus, Edward W.,<unitdate normal="1931"> undated</unitdate>
                  </unittitle>
               </did>
            </c02>
            <c02 id="VAD0648-00004" level="file">
               <did>
                  <unittitle>"Homage to Ezra,"<unitdate normal="1931"> undated</unitdate>
                  </unittitle>
               </did>
            </c02>
            <c02 id="VAD0648-00005" level="file">
               <did>
                  <unittitle>"A Key West Letter,"<unitdate normal="1931"> undated</unitdate>
                  </unittitle>
               </did>
            </c02>
            <c02 id="VAD0648-00006" level="file">
               <did>
                  <unittitle>"Notes on Dangerous Game,"<unitdate normal="1931"> undated</unitdate>
                  </unittitle>
               </did>
            </c02>
            <c02 id="VAD0648-00007" level="file">
               <did>
                  <unittitle>"On Being Shot Again,"<unitdate normal="1931"> undated</unitdate>
                  </unittitle>
               </did>
            </c02>
            <c02 id="VAD0648-00008" level="file">
               <did>
                  <unittitle>"Second Tanganyika Letter,"<unitdate normal="1931"> undated</unitdate>
                  </unittitle>
               </did>
            </c02>
         </c01>
      </dsc>
   </archdesc>
</ead>
