<?xml version="1.0" encoding="utf-8"?>
<!-- Lilly Library, Indiana University, EAD template, 2003-02-21; updated DOCTYPE, Feb. 14, 2006, RKL -->
<ead xmlns="urn:isbn:1-931666-22-9"
     xmlns:xlink="http://www.w3.org/1999/xlink"
     xmlns:xsi="http://www.w3.org/2001/XMLSchema-instance"
     xsi:schemaLocation="urn:isbn:1-931666-22-9 http://www.loc.gov/ead/ead.xsd"><!-- value of @findaidstatus should be 'originaldraft', 'inprogressdraft', 'editinprogress', or 'editedfulldraft' -->
   <eadheader audience="internal"
              langencoding="iso639-2b"
              scriptencoding="iso15924"
              repositoryencoding="iso15511"
              countryencoding="iso3166-1"
              dateencoding="iso8601"
              findaidstatus="originaldraft"><!-- replace [uniqueid] with collection LMC number -->
      <eadid encodinganalog="identifier"
             identifier="InU-Li-VAA3757"
             countrycode="US"
             mainagencycode="InU-Li">InU-Li-VAA3757</eadid>
      <filedesc><!-- This is a description of the electronic finding aid, not the original finding aid or the collection --><!-- Make title "xxxx mss., yyyy-yyyy"--><!--Make subtitle "Papers, yyyy-yyyy, of [person] at the Lilly Library, Indiana University, Bloomington, Indiana-->
         <titlestmt>
            <titleproper encodinganalog="title">NACS mss.,</titleproper>
            <subtitle>Papers, <date normal="1978/1998" era="ce" calendar="gregorian">1978-1998</date>, of NACS at the Lilly Library, Indiana University, Bloomington,
               Indiana</subtitle>
            <author encodinganalog="creator">Electronic finding aid encoded by Donald C.
               Force.</author>
         </titlestmt>
         <publicationstmt>
            <publisher encodinganalog="publisher">Indiana University Digital Library
               Program</publisher>
            <date encodinganalog="date"
                  normal="2006"
                  type="publication"
                  era="ce"
                  calendar="gregorian">© 2006</date>
         </publicationstmt>
      </filedesc>
      <profiledesc>
         <creation>XML finding aid derived from HTML version through cutting and pasting.<!--description of how the finding aid was created, for example: XML finding aid derived from
[paper by means of scanning and OCR] [OCR file edited for typographical errors before encoding]
[typescript by rekeying] [word processing program and version number]
[<extref href="" title="" actuate="onrequest" show="new">HTML collection description</extref>]. --><lb/>[date of source: <lb/>Finding aid encoded by Donald C. Force, Lilly Library,
            Indiana University, <date normal="2006-09-07" era="ce" calendar="gregorian">September
               07, 2006</date>
         </creation>
         <!-- iso three-digit 639-2 value for @langcode can be found at http://www.loc.gov/standards/iso639-2/langcodes.html -->
         <langusage>Description is in <language encodinganalog="language" langcode="eng" scriptcode="Latn">English.</language>
         </langusage>
      </profiledesc>
      <!-- revisiondesc is required -->
      <!-- record when the finding aid is initiated in first 'change' element, with subsequent changes listed below the first, and the final 'change' element indicating date finding aid completed -->
      <revisiondesc>
         <change>
            <date normal="2006-09-07" era="ce" calendar="gregorian">September 7, 2006</date>
            <item>Encoded finding aid begun.</item>
         </change>
         <change>
            <date normal="2006-09-13" era="ce" calendar="gregorian">September 13, 2006</date>
            <item>Encoded finding aid completed.</item>
         </change>
         <change audience="internal">
            <date normal="2017-11-29">November 29, 2017</date>
            <item>Batch update to change subject links.</item>
         </change>
      </revisiondesc>
   </eadheader>
   <!-- the 'frontmatter' element is a wrapper that bundles prefatory text found before the start of the archival description <archdesc>. It focuses on the creation, publication, or use of the finding aid rather than information
about the materials being described. Examples include a title page, preface, dedication, and instructions for
using a finding aid. -->
   <frontmatter audience="external"><!-- information should be included as you would wish it to appear on a titlepage of a printed finding aid -->
      <titlepage>
         <titleproper>Guide to the NACS mss., <date normal="1978/1998" era="ce" calendar="gregorian">1978-1998</date>
         </titleproper>
         <publisher>Lilly Library, Indiana University, Bloomington, Indiana</publisher>
         <!--it is possible to include graphics using extptr -->
         <p>© 2006 Trustees of Indiana University. All rights reserved.</p>
      </titlepage>
   </frontmatter>
   <archdesc level="collection"
             audience="external"
             type="inventory"
             relatedencoding="marc"><!-- @type value may alternatively be 'bulk' --><!-- use the label attribute for these elements to determine what label is displayed -->
      <did>
         <head>Summary Information</head>
         <repository encodinganalog="852" label="Repository" id="lilly">
            <corpname source="lcnaf" normal="Lilly Library (Indiana University, Bloomington)">Lilly
               Library (Indiana University, Bloomington)</corpname>
            <address>
               <addressline>Indiana University</addressline>
               <addressline>1200 E. Seventh St.</addressline>
               <addressline>Bloomington, IN 47405-5500</addressline>
               <addressline>Phone: 812-855-2452</addressline>
               <addressline>Fax: 812-855-3143</addressline>
               <addressline>Email: liblilly@indiana.edu</addressline>
            </address>
            <lb/>
            <extref xlink:href="http://www.indiana.edu/~liblilly">http://www.indiana.edu/~liblilly</extref>
         </repository>
         <origination label="Creator">
            <corpname source="lcnaf" encodinganalog="110$a">North American Catalan
               Society</corpname>
         </origination>
         <unittitle encodinganalog="245$a" label="Title">NACS mss.,</unittitle>
         <unitdate normal="1978/1998"
                   type="inclusive"
                   encodinganalog="245$f"
                   era="ce"
                   calendar="gregorian">1978-1998</unitdate>
         <unitid encodinganalog="099"
                 countrycode="US"
                 repositorycode="US-InU-Li"
                 label="Collection No.">LMC 2524</unitid>
         <physdesc encodinganalog="300$a$f" label="Extent">
            <extent>1500 items</extent>
            <!-- if both linear feet and number of items included, separate by lb tag -->
         </physdesc>
         <langmaterial label="Language" encodinganalog="546">Materials are in <language langcode="eng" encodinganalog="008/35-37">English.</language>
         </langmaterial>
         <abstract encodinganalog="520$a" label="Abstract">Consists of the correspondence, papers,
            etc. of the North American Catalan Society (NACS).</abstract>
      </did>
      <accessrestrict encodinganalog="506$a">
         <head>Access Restrictions</head>
         <p>This collection is open for research.</p>
      </accessrestrict>
      <bioghist encodinganalog="545">
         <head>Biographical Note</head>
         <p>Founded in 1978, North American Catalan Society membership includes scholars from the
            United States and Canada interested in all aspects of Catalan culture and studies. </p>
      </bioghist>
      <!--optional -->
      <!-- element organization deprecated in DTD version 2002; @encodinganalog may be used to differentiate between 351 subfield a (organization) and subfield b (arrangement). -->
      <arrangement encodinganalog="351$x">
         <head>Arrangement/Organization</head>
         <p>The collection is organized into the following series: I. Presidential; II. Colloquia;
            III. Topics; IV. Printed materials.</p>
      </arrangement>
      <!-- required for collection level; optional for lower levels -->
      <scopecontent encodinganalog="520$a$b">
         <head>Scope and Content Note</head>
         <p>Consists of the correspondence, papers, etc. of the North American Catalan Society. They
            are a part of the Josep Roca-Pons Archives of the North American Catalan Society. The
            archives were established at the 8th NACS Colloquium held in 1995 in Bloomington,
            Indiana. At present the papers are almost exclusively the files of former President
            Patricia J. Boehne, a professor at Eastern College in Pennsylvania. Also present is a
            file of former president Curt Wittlin from the University of Saskatchewan in Saskatoon,
            Canada, and several newspapers from various countries containing obituary notices of
            Josep Roca-Pons in 2000.</p>
      </scopecontent>
      <!-- recommended; this information would be included for marc amc record -->
      <!-- should include all personal and corporate names, and subject headings -->
      <controlaccess>
         <head>Indexing Terms</head>
         <p>The following terms have been used to index the description of this collection in
               <extref xlink:href="http://www.iucat.iu.edu">IUCAT</extref>, the IU Libraries' online
            catalog. Materials about related topics, persons or places can be found by searching the
            catalog using these terms. </p>
         <controlaccess>
            <head>Names</head>
            <list>
               <item>
                  <corpname encodinganalog="610$a" source="lcnaf" role="subject">North American
                     Catalan Society.</corpname>
               </item>
               <item>
                  <persname encodinganalog="600$a" source="lcnaf" role="subject">Boehne, Patricia J.
                     --Correspondence.</persname>
               </item>
               <item>
                  <persname encodinganalog="600$a" source="lcnaf" role="subject">Wittlin, Curt J.
                     --Correspondence.</persname>
               </item>
               <item>
                  <persname encodinganalog="600$a" source="lcnaf" role="subject">Roca-Pons,
                     Josep.</persname>
               </item>
               <item>
                  <persname encodinganalog="700$a" source="lcnaf">Boehne, Patricia J.</persname>
               </item>
               <item>
                  <persname encodinganalog="700$a" source="lcnaf">Wittlin, Curt J.</persname>
               </item>
            </list>
         </controlaccess>
         <controlaccess>
            <head>Topics</head>
            <list>
               <item>
                  <subject encodinganalog="650$a" source="lcsh">Art, Catalan.</subject>
               </item>
               <item>
                  <subject encodinganalog="650$a" source="lcsh">Catalan literature.</subject>
               </item>
            </list>
         </controlaccess>
         <controlaccess>
            <head>Places</head>
            <list>
               <item>
                  <geogname encodinganalog="651$a" source="lcsh">Catalonia (Spain)
                     --Civilization.</geogname>
               </item>
            </list>
         </controlaccess>
      </controlaccess>
      <!-- required; 'descgrp' element replaces admininfo element in 2002 DTD -->
      <descgrp>
         <head>Administrative Information</head>
         <acqinfo encodinganalog="541">
            <head>Acquisition Information</head>
            <p>Gift. 2005</p>
         </acqinfo>
         <userestrict encodinganalog="540">
            <head>Usage Restrictions</head>
            <p>Prior arrangements are not necessary before coming to the Library, however, patrons
               from out of town are encouraged to communicate with the Library in advance of their
               visits to ascertain availability of materials.</p>
            <p>Photocopying permitted only with permission of the Curator of Manuscripts, Lilly
               Library.</p>
         </userestrict>
         <prefercite encodinganalog="524$a">
            <head>Preferred Citation</head>
            <p>[Item], NACS mss., Lilly Library, Indiana University, Bloomington, Indiana.</p>
         </prefercite>
      </descgrp>
      <dsc type="combined"><!-- unittitle is the only required element within component --><!-- possible values for @level include: class, collection, file, fonds, item, otherlevel, recordgrp, series, subfonds, subgrp, subseries -->
         <c01 level="series">
            <did>
               <unittitle>Presidential</unittitle>
            </did>
            <c02 level="file">
               <did>
                  <container type="box" label="Box">1</container>
                  <unittitle>Patricia Boehne, <unitdate type="inclusive"
                               normal="1978/1997"
                               era="ce"
                               calendar="gregorian">1978-1997</unitdate>
                  </unittitle>
                  <note>
                     <p>(12 folders)</p>
                  </note>
               </did>
            </c02>
            <c02 level="file">
               <did>
                  <unittitle>Curt Wittlin, <unitdate type="inclusive"
                               normal="1987/1993"
                               era="ce"
                               calendar="gregorian">1987-1993</unitdate>
                  </unittitle>
               </did>
            </c02>
         </c01>
         <c01 level="series">
            <did>
               <unittitle>Colloquia</unittitle>
            </did>
            <scopecontent>
               <p>Materials pertaining to the NACS colloquia and 2nd International Catalan Language
                  Congress. Nothing present for the 5th Colloquium, presumably held in 1987.</p>
            </scopecontent>
            <c02 level="file">
               <did>
                  <container type="box" label="Box">1</container>
                  <unittitle>
                     <unitdate type="inclusive"
                               normal="1978/1998"
                               era="ce"
                               calendar="gregorian">1978-1998</unitdate>
                  </unittitle>
                  <note>
                     <p>(14 folders)</p>
                  </note>
               </did>
            </c02>
            <c02 level="file">
               <did>
                  <unittitle>2nd International Catalan Language Congress, Barcelona, Spain,
                        <unitdate normal="1986" era="ce" calendar="gregorian">1986</unitdate>
                  </unittitle>
               </did>
            </c02>
         </c01>
         <c01 level="series">
            <did>
               <unittitle>Topics</unittitle>
            </did>
            <c02 level="file">
               <did>
                  <container type="box" label="Box">2</container>
                  <unittitle>Catalan Modern Art Collection</unittitle>
               </did>
            </c02>
            <c02 level="file">
               <did>
                  <unittitle>800 Years of Catalan Literature - a traveling exhibition, <unitdate type="inclusive"
                               normal="1990/1995"
                               era="ce"
                               calendar="gregorian">1990-ca.
                        1995</unitdate>
                  </unittitle>
               </did>
            </c02>
            <c02 level="file">
               <did>
                  <unittitle>NACS membership lists, <unitdate type="inclusive"
                               normal="1984/1993"
                               era="ce"
                               calendar="gregorian">ca. 1984-1993</unitdate>
                  </unittitle>
               </did>
            </c02>
            <c02 level="file">
               <did>
                  <unittitle>Miscellaneous.</unittitle>
                  <note>
                     <p>Includes unidentified photographs and printed items</p>
                  </note>
               </did>
            </c02>
         </c01>
         <c01 level="series">
            <did>
               <container type="box" label="Box">2</container>
               <unittitle>Printed materials</unittitle>
            </did>
            <scopecontent>
               <p>Includes newspapers with Roca-Pons obituary notices.</p>
            </scopecontent>
         </c01>
      </dsc>
   </archdesc>
</ead>
