<?xml version="1.0" encoding="UTF-8"?><ead xmlns="urn:isbn:1-931666-22-9" xmlns:xlink="http://www.w3.org/1999/xlink" xmlns:xsi="http://www.w3.org/2001/XMLSchema-instance" xsi:schemaLocation="urn:isbn:1-931666-22-9 http://www.loc.gov/ead/ead.xsd">
   <eadheader countryencoding="iso3166-1" audience="internal" dateencoding="iso8601" scriptencoding="iso15924" findaidstatus="originaldraft" langencoding="iso639-2b" repositoryencoding="iso15511">
      <eadid identifier="InU-Li-VAD6063" encodinganalog="identifier" mainagencycode="InU-Li" countrycode="US">InU-Li-VAD6063</eadid>
      <filedesc>
         <titlestmt>
            <titleproper encodinganalog="title">Bates mss., <date calendar="gregorian" normal="1926/1932" era="ce">1926-1932</date>
            </titleproper>
            <subtitle>Papers of Herbert Ernest Bates at the Lilly Library, Indiana University,
               Bloomington, Indiana</subtitle>
            <author encodinganalog="creator">Electronic finding aid encoded by Indiana University
               Libraries.</author>
         </titlestmt>
         <publicationstmt>
            <publisher encodinganalog="publisher">Indiana University Digital Library
               Program</publisher>
            <date calendar="gregorian" normal="2017" encodinganalog="date" era="ce" type="publication">© 2017</date>
         </publicationstmt>
         <notestmt>
            <note encodinganalog="rights">
               <p>
                  <date normal="2017">© 2017</date> Trustees of Indiana University. All rights
                  reserved.</p>
            </note>
         </notestmt>
      </filedesc>
      <profiledesc>
         <creation>XML finding aid automatically generated from spreadsheet output of database.
            Finding aid encoded by Indiana University Libraries, <date calendar="gregorian" normal="2017-03-10" era="ce">March 10, 2017</date>
         </creation>
         <langusage>Description is in <language langcode="eng" scriptcode="Latn" encodinganalog="language">English.</language>
         </langusage>
      </profiledesc>
      <revisiondesc>
         <change audience="internal">
            <date calendar="gregorian" normal="2017-03-10" era="ce">March 10, 2017</date>
            <item>Encoded finding aid created.</item>
         </change>
         <change audience="internal">
            <date calendar="gregorian" normal="2017-11-29" era="ce">November 29, 2017</date>
            <item>Edits and rearrangement of content into requisite Lilly EAD structure, including
               addition of abstract, bioghist, scopecontent, controlaccess, relatedmaterial, and c01
               levels of container list. Haley Suby.</item>
         </change>
         <change audience="internal">
            <date normal="2018-04-27">April 27, 2018</date>
            <item>Batch update to change subject links.</item>
         </change>
      </revisiondesc>
   </eadheader>
   <archdesc audience="external" level="collection" type="inventory" relatedencoding="marc">
      <did>
         <head>Summary Information</head>
         <repository encodinganalog="852" label="Repository" id="lilly">
            <corpname normal="Lilly Library (Indiana University, Bloomington)" source="lcnaf">Lilly
               Library (Indiana University, Bloomington)</corpname>
            <address>
               <addressline>Indiana University</addressline>
               <addressline>1200 E. Seventh St.</addressline>
               <addressline>Bloomington, IN 47405-5500</addressline>
               <addressline>Phone: 812-855-2452</addressline>
               <addressline>Fax: 812-855-3143</addressline>
               <addressline>Email: liblilly@indiana.edu</addressline>
            </address>
            <lb/>
            <extref xlink:href="http://www.indiana.edu/~liblilly">http://www.indiana.edu/~liblilly</extref>
         </repository>
         <origination label="Creator">Bates, H. E. (Herbert Ernest), 1905-1974</origination>
         <unittitle encodinganalog="245$a" label="Title">Bates mss.</unittitle>
         <unitdate calendar="gregorian" normal="1926/1932" encodinganalog="245$f" era="ce" type="inclusive">1926-1932</unitdate>
         <unitid encodinganalog="099" repositorycode="US-InU-Li" countrycode="US" label="Collection No.">LMC 1059</unitid>
         <physdesc encodinganalog="300$a$f" label="Extent">
            <extent>1 box (34 items)</extent>
         </physdesc>
         <langmaterial encodinganalog="546" label="Language">Materials are in <language langcode="eng">English.</language>
         </langmaterial>
         <abstract encodinganalog="520" label="Abstract">The Bates mss., 1926-1932, consist of the writings and
            letters of English author Herbert Ernest Bates, 1905-1974.</abstract>
      </did>
      <accessrestrict encodinganalog="506$a">
         <head>Access Restrictions</head>
         <p>This collection is open for research.</p>
      </accessrestrict>
      <bioghist encodinganalog="545">
         <head>Biographical Note</head>
         <p>Herbert Ernest Bates, 1905-1974, was an English author.</p>
      </bioghist>
      <arrangement encodinganalog="351">
         <head>Arrangement</head>
         <p>The collection is arranged chronologically, followed by a list of items mounted in books.</p>
      </arrangement>
      <scopecontent encodinganalog="520">
         <head>Scope and Content Note</head>
         <p>The Bates mss., 1926-1932, are writings and letters of English author Herbert Ernest
            Bates, 1905-1974.</p>
      </scopecontent>
      <controlaccess>
         <head>Indexing Terms</head>
         <list>
            <item>
               <extref xlink:href="https://iucat.iu.edu/?q=&#34;Bates+Herbert+Ernest+1905+1974&#34;&amp;search_field=subject_link">
                  <persname encodinganalog="600" role="subject" source="lcnaf">Bates, H. E. (Herbert
                     Ernest), 1905-1974</persname>
               </extref>
            </item>
         </list>
      </controlaccess>
      <!-- optional, if applicable -->
      <relatedmaterial encodinganalog="544 1">
         <head>Related Material</head>
         <p>
            <extref xlink:href="http://www.indiana.edu/~liblilly/lilly/mss/index.php?p=bates2">Bates
               mss. II, 1968-1980</extref>; also located at the Lilly Library, Indiana University,
            Bloomington, Indiana.</p>
      </relatedmaterial>
      <descgrp>
         <head>Administrative Information</head>
         <acqinfo encodinganalog="541">
            <head>Acquisition Information</head>
            <p>Purchase: <date normal="1958">1958</date>
            </p>
         </acqinfo>
         <userestrict encodinganalog="540">
            <head>Usage Restrictions</head>
            <p>Prior arrangements are not necessary before coming to the Library, however, patrons
               from out of town are encouraged to communicate with the Library in advance of their
               visits to ascertain availability of materials.</p>
            <p>Photocopying permitted only with permission of the curator.</p>
         </userestrict>
         <prefercite encodinganalog="524$a">
            <head>Preferred Citation</head>
            <p>[Item], Bates mss., Lilly Library, Indiana University, Bloomington, Indiana.</p>
         </prefercite>
      </descgrp>
      <dsc>
         <c01 level="series" id="VAD6063-00001">
            <did>
               <unittitle>Manuscripts</unittitle>
            </did>
            <c02 level="item" id="VAD6063-00002">
               <did>
                  <unittitle>1926. <title render="italic">The Lesson</title>
                  </unittitle>
               </did>
            </c02>
            <c02 level="item" id="VAD6063-00003">
               <did>
                  <unittitle>1926. <title render="italic">The Mother</title>
                  </unittitle>
               </did>
            </c02>
            <c02 level="item" id="VAD6063-00004">
               <did>
                  <unittitle>1929, June-July. <title render="italic">Alexander</title>
                  </unittitle>
               </did>
            </c02>
            <c02 level="item" id="VAD6063-00005">
               <did>
                  <unittitle>1930, January 16-1933, February 6. Letters from Bates to Barbara
                     McClenaghen, including one letter from McClenaghen to Bates, Dec. 9, 1931. (16
                     items)</unittitle>
               </did>
            </c02>
            <c02 level="item" id="VAD6063-00006">
               <did>
                  <unittitle>1930? <title render="italic">Obadiah</title>
                  </unittitle>
               </did>
            </c02>
            <c02 level="item" id="VAD6063-00007">
               <did>
                  <unittitle>1930? <title render="italic">A Threshing Day for Esther</title>
                  </unittitle>
               </did>
            </c02>
            <c02 level="item" id="VAD6063-00008">
               <did>
                  <unittitle>1931, January. <title render="italic">On the Road</title>
                  </unittitle>
               </did>
            </c02>
            <c02 level="item" id="VAD6063-00009">
               <did>
                  <unittitle>1931, March. <title render="italic">The Mower</title>
                  </unittitle>
               </did>
            </c02>
            <c02 level="item" id="VAD6063-00010">
               <did>
                  <unittitle>1931. <title render="italic">A German Idyll</title> – first draft</unittitle>
               </did>
            </c02>
            <c02 level="item" id="VAD6063-00011">
               <did>
                  <unittitle>1931. <title render="italic">A German Idyll</title>
                  </unittitle>
               </did>
            </c02>
            <c02 level="item" id="VAD6063-00012">
               <did>
                  <unittitle>1932, December. <title render="italic">The Pink Cart</title>
                  </unittitle>
               </did>
            </c02>
            <c02 level="item" id="VAD6063-00013">
               <did>
                  <unittitle>1932. <title render="italic">The Russian Dancer</title>
                  </unittitle>
               </did>
            </c02>
            <c02 level="item" id="VAD6063-00014">
               <did>
                  <unittitle>1932. <title render="italic">A Speculation in the Angelic</title>
                  </unittitle>
               </did>
            </c02>
            <c02 level="item" id="VAD6063-00015">
               <did>
                  <unittitle>Undated. <title render="italic">The Black Boxer</title>
                  </unittitle>
               </did>
            </c02>
            <c02 level="item" id="VAD6063-00016">
               <did>
                  <unittitle>Undated. <title render="italic">The Dove</title>
                  </unittitle>
               </did>
            </c02>
            <c02 level="item" id="VAD6063-00017">
               <did>
                  <unittitle>Undated. <title render="italic">Fishing</title>
                  </unittitle>
               </did>
            </c02>
            <c02 level="item" id="VAD6063-00018">
               <did>
                  <unittitle>Undated. <title render="italic">Never</title>
                  </unittitle>
               </did>
            </c02>
         </c01>
         <c01 level="series" id="VAD6063-00019">
            <did>
               <unittitle>Mounted in books</unittitle>
            </did>
            <c02 level="item" id="VAD6063-00020">
               <did>
                  <unittitle>The Country Dctor (fragment- p.5) in Bates: <title render="italic">The
                        Story Without an End and Country Doctor</title> (Lilly PR6003.A86 S81 copy
                     2)</unittitle>
               </did>
            </c02>
            <c02 level="item" id="VAD6063-00021">
               <did>
                  <unittitle>Mrs. Esmond's Life, chapter III (p. 26) in Bates: <title render="italic">Mrs. Esmond's Life</title> (Lilly PR 6003.A86
                     M61).</unittitle>
               </did>
            </c02>
         </c01>
      </dsc>
   </archdesc>
</ead>