<?xml version="1.0" encoding="UTF-8"?><ead xmlns="urn:isbn:1-931666-22-9" xmlns:xlink="http://www.w3.org/1999/xlink" xmlns:xsi="http://www.w3.org/2001/XMLSchema-instance" xsi:schemaLocation="urn:isbn:1-931666-22-9 http://www.loc.gov/ead/ead.xsd">
   <eadheader countryencoding="iso3166-1" audience="internal" dateencoding="iso8601" scriptencoding="iso15924" findaidstatus="originaldraft" langencoding="iso639-2b" repositoryencoding="iso15511">
      <eadid identifier="InU-Li-VAD6019" encodinganalog="identifier" mainagencycode="InU-Li" countrycode="US">InU-Li-VAD6019</eadid>
      <filedesc>
         <titlestmt>
            <titleproper encodinganalog="title">Altenburg mss., <date calendar="gregorian" normal="1946/1960" era="ce">1946-1960</date>
            </titleproper>
            <subtitle>Papers of Edgar Altenburg at the Lilly Library, Indiana University,
               Bloomington, Indiana</subtitle>
            <author encodinganalog="creator">Electronic finding aid encoded by Indiana University
               Libraries.</author>
         </titlestmt>
         <publicationstmt>
            <publisher encodinganalog="publisher">Indiana University Digital Library
               Program</publisher>
            <date calendar="gregorian" normal="2017" encodinganalog="date" era="ce" type="publication">© 2017</date>
         </publicationstmt>
         <notestmt>
            <note encodinganalog="rights">
               <p>
                  <date normal="2017">© 2017</date> Trustees of Indiana University. All rights
                  reserved.</p>
            </note>
         </notestmt>
      </filedesc>
      <profiledesc>
         <creation>XML finding aid automatically generated from spreadsheet output of database.
            Finding aid encoded by Indiana University Libraries, <date calendar="gregorian" normal="2017-03-10" era="ce">March 10, 2017</date>
         </creation>
         <langusage>Description is in <language langcode="eng" scriptcode="Latn" encodinganalog="language">English.</language>
         </langusage>
      </profiledesc>
      <revisiondesc>
         <change audience="internal">
            <date calendar="gregorian" normal="2017-03-10" era="ce">March 10, 2017</date>
            <item>Encoded finding aid created.</item>
         </change>
         <change audience="internal">
            <date calendar="gregorian" normal="2017-11-27" era="ce">November 27, 2017</date>
            <item>Edits and rearrangement of content into requisite Lilly EAD structure, including
               addition of abstract, bioghist, scopecontent, controlaccess, relatedmaterial, and c01
               levels of container list. Haley Suby.</item>
         </change>
         <change audience="internal">
            <date normal="2018-04-27">April 27, 2018</date>
            <item>Batch update to change subject links.</item>
         </change>
      </revisiondesc>
   </eadheader>
   <archdesc audience="external" level="collection" type="inventory" relatedencoding="marc">
      <did>
         <head>Summary Information</head>
         <repository encodinganalog="852" label="Repository" id="lilly">
            <corpname normal="Lilly Library (Indiana University, Bloomington)" source="lcnaf">Lilly
               Library (Indiana University, Bloomington)</corpname>
            <address>
               <addressline>Indiana University</addressline>
               <addressline>1200 E. Seventh St.</addressline>
               <addressline>Bloomington, IN 47405-5500</addressline>
               <addressline>Phone: 812-855-2452</addressline>
               <addressline>Fax: 812-855-3143</addressline>
               <addressline>Email: liblilly@indiana.edu</addressline>
            </address>
            <lb/>
            <extref xlink:href="http://www.indiana.edu/~liblilly">http://www.indiana.edu/~liblilly</extref>
         </repository>
         <origination label="Creator">Altenburg, Edgar, 1888-1967</origination>
         <unittitle encodinganalog="245$a" label="Title">Altenburg mss.</unittitle>
         <unitdate calendar="gregorian" normal="1946/1960" encodinganalog="245$f" era="ce" type="inclusive">1946-1960</unitdate>
         <unitid encodinganalog="099" repositorycode="US-InU-Li" countrycode="US" label="Collection No.">LMC 2291</unitid>
         <physdesc encodinganalog="300$a$f" label="Extent">
            <extent>4 boxes</extent>
            <extent>(72 items)</extent>
         </physdesc>
         <langmaterial encodinganalog="546" label="Language">Materials are in <language langcode="eng">English.</language>
         </langmaterial>
         <abstract encodinganalog="520" label="Abstract">The Altenburg mss., 1946-1960, are the
            papers of Edgar Altenburg, 1888-1967, geneticist. They consist of correspondence with
            scientists, scientific papers, drawings, and printed matter.</abstract>
      </did>
      <accessrestrict encodinganalog="506$a">
         <head>Access Restrictions</head>
         <p>This collection is open for research.</p>
      </accessrestrict>
      <bioghist encodinganalog="545">
         <head>Biographical Note</head>
         <p>Edgar Altenberg was born on January 11, 1888, in Jersey City, New Jersey; 1906 graduated
            from Morris High School, New York; 1911 A.B., 1912 A.M., 1916 Ph.D. Columbia University;
            1912-1916 assistant Columbia University; 1916-1920 instructor Rice Institute; 1920-1947
            assistant professor, 1947-1958 associate professor, 1958-1967 professor; demonstrated
            with Muller that spontaneous mutation rates could be increased by heat, 1919-1921; in
            1920 they co-authored a paper showing that the variability of the character
            "truncate wing," which had been thought to be a "non-Mendelian"
            trait, was due to the presence of modifier genes; study on the frequency of
            translocations produced by X-rays in Drosophila published in 1930; in 1930-1934
            discovered ultraviolet mutagenesis; with the assistance of students, discovered alpha
            particle and neutron mutagenesis in 1934; in 1946 proposed a theory that most cancers
            arise de novo as mutations in particles in the cytoplasm which have their own genetic
            constitution apart from that of the cell itself; Altenburg and one of Muller's
            co-workers independently discovered in 1952 that photoreactivating light could reverse
            ultraviolet mutagenesis; died on August 27, 1967. For biographical information see
            Genetics, LX (1968), S20-21.</p>
      </bioghist>
      <scopecontent encodinganalog="520">
         <head>Scope and Content Note</head>
         <p>The Altenburg mss., 1946-1960, consist of correspondence with scientists, scientific
            papers, drawings, and printed matter.</p>
         <p>Correspondence with Royal Alexander Brink and Barbara McClintock concerns maize
            genetics, 1952-1960; with Graham Phillips DuShane relates to the publication of
            criticism in <title render="doublequote">Science</title> on Brink's virus
            interrelation of his RR case in maize, 1959; with August Ernest Kehr is on the immunity
            to virus X in Irish potatoes, 1959; and with Edward Harold Coe discusses the B locus in
            maize, 1959. A letter from Hermann Joseph Muller refers to Brink's research,
            1959.</p>
         <p>Among the articles in the collection are Brink's <title render="doublequote">Paramutation and chromosome organization,</title> Keh<title render="doublequote">Paramutation and chromosome organization,</title>
            <title render="doublequote">Resistance of potato to infection by mechanically introduced
               virus X,</title> McClintock's <title render="doublequote">Mutable genes,</title>
            Altenburg's <title render="doublequote">Thomas Hunt Morgan, Democrat,</title> and
            Altenburg's criticism entitled <title render="doublequote">Virus versus gene change
               in Brink's RR case in maize.</title> There is also a mimeographed copy of
            Altenburg's <title render="doublequote">The Science of Evolution.</title>
         </p>
      </scopecontent>
      <controlaccess>
         <head>Indexing Terms</head>
         <controlaccess>
            <head>Names</head>
            <list>
               <item>
                  <extref xlink:href="https://iucat.iu.edu/?q=&#34;Altenburg+Edgar+1888+1967&#34;&amp;search_field=subject_link">
                     <persname encodinganalog="600" source="lcnaf" role="subject">Altenburg, Edgar,
                        1888-1967</persname>
                  </extref>
               </item>
               <item>
                  <extref xlink:href="https://iucat.iu.edu/?q=&#34;Brink+Royal+Alexander+1897+1984&#34;&amp;search_field=subject_link">
                     <persname encodinganalog="600" source="lcnaf" role="subject">Brink, R.
                        Alexander (Royal Alexander), 1897-1984</persname>
                  </extref>
               </item>
               <item>
                  <extref xlink:href="https://iucat.iu.edu/?q=&#34;Mcclintock+Barbara+1902+1992&#34;&amp;search_field=subject_link">
                     <persname encodinganalog="600" source="lcnaf" role="subject">McClintock,
                        Barbara, 1902-1992</persname>
                  </extref>
               </item>
            </list>
         </controlaccess>
      </controlaccess>
      <descgrp>
         <head>Administrative Information</head>
         <!-- required -->
         <acqinfo encodinganalog="541">
            <head>Acquisition Information</head>
            <p>Gift: <date normal="1968">1968</date>
            </p>
         </acqinfo>
         <userestrict encodinganalog="540">
            <head>Usage Restrictions</head>
            <p>Prior arrangements are not necessary before coming to the Library, however, patrons
               from out of town are encouraged to communicate with the Library in advance of their
               visits to ascertain availability of materials.</p>
            <p>Photocopying permitted only with permission of the curator.</p>
         </userestrict>
         <prefercite encodinganalog="524$a">
            <head>Preferred Citation</head>
            <p>[Item], Altenburg mss., Lilly Library, Indiana University, Bloomington, Indiana.</p>
         </prefercite>
      </descgrp>
      <dsc>
         <c01 level="item" id="VAD6019-00001">
            <did>
               <container label="Box" type="box">1</container>
               <unittitle>Photos &amp; Drawings</unittitle>
            </did>
         </c01>
         <c01 level="item" id="VAD6019-00002">
            <did>
               <container label="Box" type="box">2</container>
               <unittitle>Altenburg Mss.</unittitle>
            </did>
            <c02 level="item" id="VAD6019-00003">
               <did>
                  <unittitle>Biographical Information, etc.</unittitle>
               </did>
            </c02>
            <c02 level="item" id="VAD6019-00004">
               <did>
                  <unittitle>1946-1957</unittitle>
               </did>
            </c02>
            <c02 level="item" id="VAD6019-00005">
               <did>
                  <unittitle>1958</unittitle>
               </did>
            </c02>
            <c02 level="item" id="VAD6019-00006">
               <did>
                  <unittitle>1959, January-May</unittitle>
               </did>
            </c02>
            <c02 level="item" id="VAD6019-00007">
               <did>
                  <unittitle>1959, June-1960</unittitle>
               </did>
            </c02>
            <c02 level="item" id="VAD6019-00008">
               <did>
                  <unittitle>McClintock, Barbara. Mutable genes.</unittitle>
               </did>
            </c02>
         </c01>
         <c01 level="item" id="VAD6019-00009">
            <did>
               <unittitle>Printed Matter</unittitle>
            </did>
            <c02 level="item" id="VAD6019-00010">
               <did>
                  <container label="Box" type="box">3</container>
                  <unittitle>Evolution</unittitle>
               </did>
            </c02>
            <c02 level="item" id="VAD6019-00011">
               <did>
                  <container label="Box" type="box">4</container>
                  <unittitle>
                     <title render="italic">Morgan, T.H.</title> by Edgar
                     Altenburg</unittitle>
               </did>
            </c02>
            <c02 level="item" id="VAD6019-00012">
               <did>
                  <unittitle>Reprints, Altenburg: Interference, 1921</unittitle>
               </did>
            </c02>
            <c02 level="item" id="VAD6019-00013">
               <did>
                  <unittitle>
                     <title render="italic">General Biology</title>, Volume I by Edgar
                     Altenburg</unittitle>
               </did>
            </c02>
            <c02 level="item" id="VAD6019-00014">
               <did>
                  <unittitle>
                     <title render="italic">Elementary Biology</title>, Volume II by Edgar
                     Altenburg</unittitle>
               </did>
            </c02>
            <c02 level="item" id="VAD6019-00015">
               <did>
                  <unittitle>
                     <title render="italic">Elementary Biology</title>, Volume III by Edgar
                     Altenburg</unittitle>
               </did>
            </c02>
         </c01>
      </dsc>
   </archdesc>
</ead>