<?xml version="1.0" encoding="utf-8"?>
<!-- Indiana University EAD template draft: 2003-Jan-2, 
    revised 2004-09-15 JLR; 
    revised fall 2006 and spring/summer 2007 JLR w/ EAD Working Group  -->
<ead xmlns="urn:isbn:1-931666-22-9"
     xmlns:xlink="http://www.w3.org/1999/xlink"
     xmlns:xsi="http://www.w3.org/2001/XMLSchema-instance"
     xsi:schemaLocation="urn:isbn:1-931666-22-9 http://www.loc.gov/ead/ead.xsd">
   <eadheader relatedencoding="dublincore"
              audience="external"
              langencoding="iso639-2b"
              scriptencoding="iso15924"
              repositoryencoding="iso15511"
              countryencoding="iso3166-1"
              dateencoding="iso8601"
              findaidstatus="edited-full-draft">
      <eadid encodinganalog="identifier"
             identifier="InU-Li-VAA8846"
             countrycode="US"
             mainagencycode="InU-Li">InU-Li-VAA8846</eadid>
      <filedesc><!-- This is a description of the electronic finding aid, not the 
original finding aid or the collection --><!-- Make title "The John Doe Papers, 1919-1965" rather than "The 
Papers of John Doe, 1919-1965" to eliminate 
                potential confusion about the meaning of the dates -->
         <titlestmt>
            <titleproper encodinganalog="title">Baker, E. mss., <date normal="1958/2003">ca.
                        1958-2003</date>
            </titleproper>
         </titlestmt>
         <publicationstmt>
            <publisher encodinganalog="publisher">Indiana University Digital Library
                    Program</publisher>
            <date encodinganalog="date" normal="2008" type="publication">© 2008</date>
         </publicationstmt>
         <notestmt><!-- Change date to date of first publication, change rights statement if other entity claims rights over the finding aid (not the collection)-->
            <note encodinganalog="rights">
               <p>
                  <date normal="2008">© 2008</date> Trustees of Indiana University. All rights
                        reserved.</p>
            </note>
         </notestmt>
      </filedesc>
      <profiledesc>
         <creation><!--description of how the finding aid was created, for example: -->
                Machine-readable finding aid derived from HTML version through cutting and
                pasting.<lb/>[date of source: <date normal="2007-02-21" type="source">February 21,
                    2007</date>
            <lb/>Finding aid encoded by Valerie Higgins, Library/Archives, Indiana University,
                    <date normal="2008-11-19">November 19, 2008</date>
         </creation>
         <langusage>Description is in <language encodinganalog="language" langcode="eng">English.</language>
         </langusage>
      </profiledesc>
      <!-- revisiondesc is required -->
      <!-- record when the finding aid is completed in first change element, 
with subsequent changes
listed below the first -->
      <revisiondesc>
         <change audience="internal">
            <date normal="2008-11-19"/>
            <item/>
         </change>
         <change audience="internal">
            <date normal="2012-10-05">October 5, 2012</date>
            <item>Added links to indexing terms.</item>
         </change>
         <change audience="internal">
            <date normal="2017-11-29">November 29, 2017</date>
            <item>Batch update to change subject links.</item>
         </change>
      </revisiondesc>
   </eadheader>
   <archdesc level="collection"
             audience="external"
             type="inventory"
             relatedencoding="marc21"><!-- The TYPE attribute can be used to categorize the finding aid as an inventory, register, or other format. -->
      <did>
         <head>Summary Information</head>
         <repository encodinganalog="852" label="Repository" id="lilly">
            <corpname source="lcnaf" normal="Lilly Library (Indiana University, Bloomington)">Lilly Library (Indiana University, Bloomington)</corpname>
            <address>
               <addressline>Indiana University</addressline>
               <addressline>1200 E. Seventh St.</addressline>
               <addressline>Bloomington, IN 47405-5500</addressline>
               <addressline>Phone: 812-855-2452</addressline>
               <addressline>Fax: 812-855-3143</addressline>
               <addressline>Email: liblilly@indiana.edu</addressline>
            </address>
            <lb/>
            <extref xlink:href="http://www.indiana.edu/~liblilly">http://www.indiana.edu/~liblilly</extref>
         </repository>
         <origination label="Creator"><!-- Or <corpname encodinganalog="110">, <meeting encodinganalog="111">, with source="lcnaf" if appropriate -->
            <persname source="lcnaf" encodinganalog="100">Baker, Elliott</persname>
         </origination>
         <!-- per RLG guidelines recommendation, do not nest unitdate element within
unittitle element -->
         <unittitle encodinganalog="245$a" label="Title">Baker, E. mss.</unittitle>
         <unitdate normal="1958/2003" type="inclusive" encodinganalog="245$f">ca.
                1958-2003</unitdate>
         <!-- do not include separating punctuation between the unit title and the unit
date.  The stylesheets will supply a comma where appropriate. -->
         <!-- unitdate may be repeated if both bulk and inclusive dates are recorded -->
         <!-- record the type of date - bulk or inclusive - in the type attribute. if date is bulk, change encodinganalog to 245$g -->
         <!-- recommended -->
         <unitid encodinganalog="099" label="Collection No.">LMC 2386</unitid>
         <physdesc encodinganalog="300" label="Extent">
            <extent>ca. 250 items</extent>
            <!-- if both linear feet and number of items included, repeat extent-->
         </physdesc>
         <!-- if collection includes signinficant non-english material add code to
langmaterial element -->
         <langmaterial encodinganalog="546" label="Language">Materials are in <language langcode="eng" encodinganalog="546">English</language>
         </langmaterial>
         <abstract encodinganalog="520" label="Abstract">The Baker, E. mss., ca. 1958-2003,
                consists primarily of the correspondence and writings of Elliott Baker. </abstract>
      </did>
      <!-- required even if unrestricted -->
      <accessrestrict encodinganalog="506">
         <head>Access Restrictions</head>
         <p>This collection is open for research.</p>
      </accessrestrict>
      <!-- required; can be short -->
      <bioghist encodinganalog="545">
         <head>Biographical Note</head>
         <p>Born December 15, 1922, in Buffalo, New York, Elliott Baker graduated from Indiana
                University in 1943 with a B.S. in business. Following a short professional baseball
                appearance with the Cincinnati Reds, Baker joined the United States Army and served
                as an infantry rifleman until discharged in 1946. His writing career began with
                playwriting, eventually having a number of plays produced in the new medium of
                television on both CBS and NBC. His first novel, <emph render="italic">A Fine
                    Madness,</emph> was published in 1964 by G.P. Putnam. It was subsequently made
                into a film with the screenplay by Elliott Baker and starring Sean Connery and
                Joanne Woodward.</p>
      </bioghist>
      <!--optional -->
      <arrangement encodinganalog="351">
         <head>Arrangement</head>
         <p>The collection is organized into the following series: I. Correspondence; II.
                Photographs and video tape; III. Printed; IV. Writings by E. Baker; and, V. Writings
                by others.</p>
      </arrangement>
      <!-- required for collection level; optional for lower levels -->
      <scopecontent encodinganalog="520">
         <head>Scope and Content Note</head>
         <p>The Baker, E. mss., ca. 1958-2003, consists primarily of the correspondence and
                writings of Elliott Baker. Correspondents in the collection include Elliott Baker,
                Tom Bethell, Charles Davenport Champlin, Edward T. Chase, Claud Cockburn, Bryan
                Forbes, Claude Gallimard, Harvey Slom Ginsberg, Peter Israel, Irvin Kershner, Norman
                Mailer, Charlton Ogburn, Margaret Rutherford, Gary Taylor, Gore Vidal, Ivan von Auw,
                William Carlos Williams and Elizabeth (Springer) Wrigley.</p>
         <p>Other items in the collection include three photographs: Elliott Baker in London,
                Elliott Baker with Robert Frost, 1958, and Elliott Baker with Sean Connery and
                Joanne Woodward while shooting the film, <emph render="italic">A Fine Madness</emph>
                October, 1965; and a video taped interview with Baker by Skip E. Lowe for his
                program <emph render="doublequote">Skip Lowe Looks at Hollywood.</emph>
         </p>
         <p>Writings present include: <emph render="italic">And We Were Young; </emph>
            <emph render="italic">Clark and Myrna; </emph>
            <emph render="italic">Confectionaries; </emph>
            <emph render="italic">Delia; </emph>
            <emph render="italic">Doctor Lopez; </emph>
            <emph render="italic">Ebenezer; </emph>
            <emph render="italic">Klynt's Law; </emph>
            <emph render="italic">The Movies, The Monks and Colonel Mix; </emph>
            <emph render="italic">The Penny Wars; </emph>
            <emph render="italic">Pocock &amp; Pitt; </emph>
            <emph render="italic">Unhealthful Air; </emph>
            <emph render="italic">Unrequited Loves; </emph>and <emph render="italic">When the
                    Flowers Died.</emph> Also present are a couple of talks given by Baker at
                various meetings, and an essay on Baker and his novels by Warren Hope. </p>
      </scopecontent>
      <!-- recommended; this information would be included for marc amc record -->
      <!-- should include all personal and corporate names, and subject headings -->
      <controlaccess>
         <head>Indexing Terms</head>
         <p>The following terms have been used to index the description of this collection in
                    <extref xlink:href="http://www.iucat.iu.edu">IUCAT</extref>, the IU Libraries'
                online catalog. Materials about related topics, persons or places can be found by
                searching the catalog using these terms. </p>
         <controlaccess>
            <head>Names</head>
            <list>
               <item>
                  <extref xlink:href="https://iucat.iu.edu/?q=&#34;baker+elliott+correspondence&#34;&amp;search_field=subject_link">
                     <persname encodinganalog="600" source="lcnaf">Baker, Elliott
                            --Correspondence.</persname>
                  </extref>
               </item>
               <item>
                  <extref xlink:href="https://iucat.iu.edu/?q=&#34;bethell+tom+correspondence&#34;&amp;search_field=subject_link">
                     <persname encodinganalog="600" source="lcnaf">Bethell, Tom
                            --Correspondence.</persname>
                  </extref>
               </item>
               <item>
                  <extref xlink:href="https://iucat.iu.edu/?q=&#34;champlin+charles+1926+correspondence&#34;&amp;search_field=subject_link">
                     <persname encodinganalog="600" source="lcnaf">Champlin, Charles, 1926-
                            --Correspondence.</persname>
                  </extref>
               </item>
               <item>
                  <extref xlink:href="https://iucat.iu.edu/?q=&#34;chase+edward+tinsley+correspondence&#34;&amp;search_field=subject_link">
                     <persname encodinganalog="600" source="lcnaf">Chase, Edward T. (Edward
                            Tinsley) --Correspondence.</persname>
                  </extref>
               </item>
               <item>
                  <extref xlink:href="https://iucat.iu.edu/?q=&#34;cockburn+claud+1904+correspondence&#34;&amp;search_field=subject_link">
                     <persname encodinganalog="600" source="lcnaf">Cockburn, Claud, 1904-
                            --Correspondence.</persname>
                  </extref>
               </item>
               <item>
                  <extref xlink:href="https://iucat.iu.edu/?q=&#34;forbes+bryan+1926+correspondence&#34;&amp;search_field=subject_link">
                     <persname encodinganalog="600" source="lcnaf">Forbes, Bryan, 1926-
                            --Correspondence.</persname>
                  </extref>
               </item>
               <item>
                  <extref xlink:href="https://iucat.iu.edu/?q=&#34;israel+peter+1933+correspondence&#34;&amp;search_field=subject_link">
                     <persname encodinganalog="600" source="lcnaf">Israel, Peter, 1933-
                            --Correspondence.</persname>
                  </extref>
               </item>
               <item>
                  <extref xlink:href="https://iucat.iu.edu/?q=&#34;kershner+irvin+correspondence&#34;&amp;search_field=subject_link">
                     <persname encodinganalog="600" source="lcnaf">Kershner, Irvin
                            --Correspondence.</persname>
                  </extref>
               </item>
               <item>
                  <extref xlink:href="https://iucat.iu.edu/?q=&#34;mailer+norman+correspondence&#34;&amp;search_field=subject_link">
                     <persname encodinganalog="600" source="lcnaf">Mailer, Norman
                            --Correspondence.</persname>
                  </extref>
               </item>
               <item>
                  <extref xlink:href="https://iucat.iu.edu/?q=&#34;ogburn+charlton+1911+1998+correspondence&#34;&amp;search_field=subject_link">
                     <persname encodinganalog="600" source="lcnaf">Ogburn, Charlton, 1911-1998
                            --Correspondence.</persname>
                  </extref>
               </item>
               <item>
                  <extref xlink:href="https://iucat.iu.edu/?q=&#34;rutherford+margaret+1892+1972&#34;&amp;search_field=subject_link">
                     <persname encodinganalog="600" source="lcnaf">Rutherford, Margaret,
                            1892-1972 --Correspondence.</persname>
                  </extref>
               </item>
               <item>
                  <extref xlink:href="https://iucat.iu.edu/?q=&#34;taylor+gary+1953&#34;&amp;search_field=subject_link">
                     <persname encodinganalog="600" source="lcnaf">Taylor, Gary, 1953-
                            --Correspondence.</persname>
                  </extref>
               </item>
               <item>
                  <extref xlink:href="https://iucat.iu.edu/?q=&#34;vidal+gore+1925&#34;&amp;search_field=subject_link">
                     <persname encodinganalog="600" source="lcnaf">Vidal, Gore, 1925-
                            --Correspondence.</persname>
                  </extref>
               </item>
               <item>
                  <extref xlink:href="https://iucat.iu.edu/?q=&#34;auw+ivan+von+correspondence&#34;&amp;search_field=subject_link">
                     <persname encodinganalog="600" source="lcnaf">Auw, Ivan von
                            --Correspondence.</persname>
                  </extref>
               </item>
               <item>
                  <extref xlink:href="https://iucat.iu.edu/?q=&#34;williams+williams+carlos+1883+1963+correspondence&#34;&amp;search_field=subject_link">
                     <persname encodinganalog="600" source="lcnaf">Williams, William Carlos,
                            1883-1963 --Correspondence.</persname>
                  </extref>
               </item>
               <item>
                  <extref xlink:href="https://iucat.iu.edu/?q=&#34;wrigley+elizabeth+s+correspondence&#34;&amp;search_field=subject_link">
                     <persname encodinganalog="600" source="lcnaf">Wrigley, Elizabeth S.
                            --Correspondence.</persname>
                  </extref>
               </item>
               <item>
                  <extref xlink:href="https://iucat.iu.edu/?q=&#34;frost+robert+1874+1963+photographs&#34;&amp;search_field=subject_link">
                     <persname encodinganalog="600" source="lcnaf">Frost, Robert, 1874-1963
                            --Photographs.</persname>
                  </extref>
               </item>
            </list>
         </controlaccess>
         <controlaccess>
            <head>Topics</head>
            <list>
               <item>
                  <extref xlink:href="https://iucat.iu.edu/?q=&#34;authors+american+correspondence&#34;&amp;search_field=subject_link">
                     <subject encodinganalog="650" source="lcsh">Authors, American
                            --Correspondence.</subject>
                  </extref>
               </item>
            </list>
         </controlaccess>
      </controlaccess>
      <!-- optional, if applicable -->
      <relatedmaterial encodinganalog="544 1">
         <head>Related Material</head>
         <p>Baker, E. mss. II; also located at the Lilly Library, Indiana University,
                Bloomington, Indiana.</p>
      </relatedmaterial>
      <descgrp>
         <head>Administrative Information</head>
         <!-- required -->
         <acqinfo encodinganalog="541">
            <head>Acquisition Information</head>
            <p>Acquired. 1972-2003.</p>
         </acqinfo>
         <!-- required even if unrestricted -->
         <userestrict encodinganalog="540">
            <head>Usage Restrictions</head>
            <p>Photocopying permitted only with permission of the Curator of Manuscripts, Lilly
                    Library.</p>
         </userestrict>
         <!-- required -->
         <prefercite encodinganalog="524">
            <head>Preferred Citation</head>
            <p>[Item], Baker, E. mss., Lilly Library, Indiana University, Bloomington,
                    Indiana.</p>
         </prefercite>
      </descgrp>
      <dsc type="combined"><!-- unittitle is the only required element within component --><!-- possible values for @level include: class, collection, file, fonds, item,
                otherlevel, recordgrp, series, subfonds, subgrp, subseries -->
         <c01 level="series">
            <did>
               <container type="Box" label="Box">1</container>
               <unittitle>Correspondence</unittitle>
            </did>
            <c02 level="file">
               <did>
                  <unittitle>General, <unitdate normal="1958/1993" type="inclusive">1958-1993</unitdate>
                  </unittitle>
               </did>
               <c03 level="file">
                  <did>
                     <unittitle>Baker, Elliott, 1922-</unittitle>
                  </did>
                  <c04 level="file">
                     <did>
                        <unittitle>To Hellman, Jerome; <unitdate normal="1965-11-12">1965,
                                        Nov. 12,</unitdate>
                           <unitdate normal="1965-11-26">26.</unitdate>
                        </unittitle>
                     </did>
                  </c04>
                  <c04 level="file">
                     <did>
                        <unittitle>To Kershner, Irvin; <unitdate normal="1966-01-29">1966,
                                        Jan. 29</unitdate>
                        </unittitle>
                     </did>
                  </c04>
                  <c04 level="file">
                     <did>
                        <unittitle>To Ogburn, Charlton; <unitdate normal="1993-10-08">1993,
                                        Oct. 8</unitdate>
                        </unittitle>
                        <physdesc>(copy)</physdesc>
                     </did>
                  </c04>
               </c03>
               <c03 level="file">
                  <did>
                     <unittitle>Bethell, Tom, 1940- to Baker, Elliott; <unitdate normal="1992-04-06">1992, Apr. 6</unitdate>
                     </unittitle>
                  </did>
               </c03>
               <c03 level="file">
                  <did>
                     <unittitle>Champlin, Charles Davenport, 1926- to Baker,
                                Elliott</unittitle>
                  </did>
                  <c04 level="file">
                     <did>
                        <unittitle>
                           <unitdate normal="1992-03-30">1992, Mar. 30</unitdate>
                        </unittitle>
                     </did>
                  </c04>
                  <c04 level="file">
                     <did>
                        <unittitle>
                           <unitdate normal="1993-09-25">1993, Sept. 25;</unitdate>
                           <unitdate normal="1993-10-05">Oct. 5 (enclosure),</unitdate>
                           <unitdate normal="1993-10-20">Oct. 20.</unitdate>
                        </unittitle>
                     </did>
                  </c04>
               </c03>
               <c03 level="file">
                  <did>
                     <unittitle>Chase, Edward T., 1912-1988 to Baker, Elliott; <unitdate normal="1979-04-30">1979, Apr. 30</unitdate>
                     </unittitle>
                  </did>
               </c03>
               <c03 level="file">
                  <did>
                     <unittitle>Cockburn, Claud, 1904-1981 to Baker, Elliott; <unitdate normal="1963-02-07">1963, Feb. 7;</unitdate>
                        <unitdate normal="1963-07-02">July 2</unitdate>
                     </unittitle>
                  </did>
               </c03>
               <c03 level="file">
                  <did>
                     <unittitle>Forbes, Bryan, 1926- to Baker, Elliott <unitdate normal="1993-05-28">1993, May 28</unitdate>
                     </unittitle>
                  </did>
               </c03>
               <c03 level="file">
                  <did>
                     <unittitle>Gallimard, Claude, 1914-1991 to Baker, Elliott; <unitdate normal="1963-10-16">1963, Oct. 16</unitdate>
                     </unittitle>
                  </did>
               </c03>
               <c03 level="file">
                  <did>
                     <unittitle>Israel, Peter, 1933- to Baker, Elliott; <unitdate normal="1963-10-16">1963, Oct. 16;</unitdate>
                        <unitdate normal="1963-11-14">Nov. 14</unitdate>
                     </unittitle>
                  </did>
               </c03>
               <c03 level="file">
                  <did>
                     <unittitle>Kershner, Irvin, 1923- to Baker, Elliott; <unitdate normal="1966-01-25">1966, Jan. 25</unitdate>
                     </unittitle>
                  </did>
               </c03>
               <c03 level="file">
                  <did>
                     <unittitle>Mailer, Norman, 1923- to Baker, Elliott; <unitdate normal="1979-06-01">1979, June 1</unitdate>
                     </unittitle>
                  </did>
               </c03>
               <c03 level="file">
                  <did>
                     <unittitle>Ogburn, Charlton, 1911-1998 to Baker, Elliott</unittitle>
                  </did>
                  <c04 level="file">
                     <did>
                        <unittitle>
                           <unitdate normal="1992-04-16">1992, Apr. 16</unitdate>
                        </unittitle>
                     </did>
                  </c04>
                  <c04 level="file">
                     <did>
                        <unittitle>
                           <unitdate normal="1993-10-15">1993, Oct.
                                    15</unitdate>(postcard)</unittitle>
                     </did>
                  </c04>
               </c03>
               <c03 level="file">
                  <did>
                     <unittitle>Ogburn, Charlton, 1911-1998 to Champlin, Charles Davenport;
                                    <unitdate normal="1993-10-02">1993, Oct. 2</unitdate>(copy -
                                enclosed in Champlain to Elliott Baker, <unitdate normal="1993-10-05">Oct. 5, 1993)</unitdate>
                     </unittitle>
                  </did>
               </c03>
               <c03 level="file">
                  <did>
                     <unittitle>Rutherford, Margaret, 1892-1972 to Baker, Elliott; <unitdate normal="1962-06-12">1962, June 12</unitdate>
                     </unittitle>
                  </did>
               </c03>
               <c03 level="file">
                  <did>
                     <unittitle>Taylor, Gary, 1953- to Baker, Elliott; <unitdate normal="1992-05-18">1992, May 18</unitdate>
                     </unittitle>
                  </did>
               </c03>
               <c03 level="file">
                  <did>
                     <unittitle>Vidal, Gore, 1925- to Baker, Elliott; <unitdate normal="1958/2003" type="inclusive">undated</unitdate>
                     </unittitle>
                  </did>
               </c03>
               <c03 level="file">
                  <did>
                     <unittitle>Von Auw, Ivan, 1903-1991 to Baker, Elliott</unittitle>
                  </did>
                  <c04 level="file">
                     <did>
                        <unittitle>
                           <unitdate normal="1962-11-05">1962, Nov. 5</unitdate>
                        </unittitle>
                     </did>
                  </c04>
                  <c04 level="file">
                     <did>
                        <unittitle>
                           <unitdate normal="1964-01-31">1964, Jan. 31</unitdate>
                        </unittitle>
                     </did>
                  </c04>
               </c03>
               <c03 level="file">
                  <did>
                     <unittitle>Williams, William Carlos, 1883-1963 to Baker, Elliott;
                                    <unitdate normal="1958-06-06">1958, June
                                6</unitdate>
                     </unittitle>
                     <physdesc>(copy)</physdesc>
                  </did>
               </c03>
               <c03 level="file">
                  <did>
                     <unittitle>Wrigley, Elizabeth (Springer), 1914-1997 to Baker, Elliott;
                                    <unitdate normal="1993-12-15">1993, Dec.
                                15</unitdate>
                     </unittitle>
                  </did>
               </c03>
            </c02>
            <c02 level="file">
               <did>
                  <unittitle>Harvey Ginsberg, <unitdate normal="1962/1974" type="inclusive">1962-1974</unitdate>
                  </unittitle>
               </did>
            </c02>
            <c02 level="file">
               <did>
                  <unittitle>Lisabeth Scott, <unitdate normal="1972/1988" type="inclusive">1972-1988</unitdate>(all photocopies). Includes one photograph of
                            Scott.</unittitle>
               </did>
            </c02>
         </c01>
         <c01 level="series">
            <did>
               <unittitle>Photographs and Video Tape</unittitle>
            </did>
            <c02 level="file">
               <did>
                  <container type="Box" label="Box">1</container>
                  <unittitle>Photographs</unittitle>
               </did>
               <c03 level="file">
                  <did>
                     <unittitle>Baker with Robert Frost, <unitdate normal="1958-11">Nov.
                                    1958</unitdate>
                     </unittitle>
                  </did>
               </c03>
               <c03 level="file">
                  <did>
                     <unittitle>Baker with Sean Connery and Joanne Woodward during filming of
                                    <title render="italic">A Fine Madness,</title> New York City,
                                    <unitdate normal="1965-10">Oct. 1965</unitdate>
                     </unittitle>
                  </did>
               </c03>
               <c03 level="file">
                  <did>
                     <unittitle>Baker alone with cityscape in background, <unitdate normal="1958/2003" type="inclusive">undated</unitdate>
                     </unittitle>
                  </did>
               </c03>
            </c02>
            <c02 level="file">
               <did>
                  <unittitle>Video tape: Skip Lowe looks at Hollywood, guest Elliott
                            Baker</unittitle>
               </did>
            </c02>
         </c01>
         <c01 level="series">
            <did>
               <unittitle>Printed</unittitle>
            </did>
            <c02 level="file">
               <did>
                  <container type="Box" label="Box">1</container>
                  <unittitle>By or about Elliott Baker, <unitdate normal="1967/1985" type="inclusive">1967-1985.</unitdate>Includes copy of BBC
                            interview, <unitdate normal="1964">1964;</unitdate>off-print of Elliott
                            Baker entry in <emph render="italic">First Printings of American
                                Authors,</emph>
                     <unitdate normal="1977">1977;</unitdate> etc.</unittitle>
               </did>
            </c02>
            <c02 level="file">
               <did>
                  <unittitle>
                     <title render="italic">A Fine Madness.</title> Jacket copy, ads,
                            reviews, etc.</unittitle>
               </did>
            </c02>
            <c02 level="file">
               <did>
                  <unittitle>
                     <title render="italic">A Fine Madness.</title> Movie
                            reviews</unittitle>
               </did>
            </c02>
         </c01>
         <c01 level="series">
            <did>
               <unittitle>Writings by E. Baker</unittitle>
            </did>
            <c02 level="subseries">
               <did>
                  <unittitle>Short Works</unittitle>
               </did>
               <c03 level="file">
                  <did>
                     <container type="Box" label="Box">1</container>
                     <unittitle>
                        <title render="doublequote">And the Winner is...</title>
                                Typed document, 24 p. Published in <emph render="italic">Blue
                                    Satellite,</emph> vol. 6, no. 2, <unitdate normal="2000-02">Feb.
                                    2000</unitdate>
                     </unittitle>
                     <physdesc>(2 copies)</physdesc>
                  </did>
               </c03>
               <c03 level="file">
                  <did>
                     <unittitle>
                        <title render="doublequote">The Man Who Would Be
                                    Tampax.</title> Typed document, 6 p.</unittitle>
                  </did>
               </c03>
               <c03 level="file">
                  <did>
                     <unittitle>
                        <title render="doublequote">More Home Thoughts from
                                    Abroad...</title> Typed document, 9 p. <unitdate normal="1997-04-07">Apr. 7, 1997</unitdate>
                     </unittitle>
                  </did>
               </c03>
               <c03 level="file">
                  <did>
                     <unittitle>
                        <title render="doublequote">The Movies, the Monks, and
                                    Colonel Mix.</title> Typed document, 54 p. in gray covers. Part
                                published in <emph render="italic">The Saturday Evening Post,</emph>
                        <unitdate normal="1964-09-14">Sept. 14, 1964</unitdate>
                     </unittitle>
                  </did>
               </c03>
               <c03 level="file">
                  <did>
                     <unittitle>
                        <title render="doublequote">The Unpopular Novel and the
                                    Popular Film.</title> Typed document, 15 p. Talk given at the
                                Fifteenth Annual Writers' Week at Pasadena City College, <unitdate normal="1969-05-06">May 6, 1969</unitdate>
                     </unittitle>
                  </did>
               </c03>
            </c02>
            <c02 level="subseries">
               <did>
                  <container type="Box" label="Box">2</container>
                  <unittitle>Full-Length Novels, etc.</unittitle>
               </did>
               <c03 level="file">
                  <did>
                     <unittitle>
                        <title render="italic">And We Were Young.</title> Typed
                                document, 272 p. in black covers. (London: Michael Joseph, <unitdate normal="1980">1980)</unitdate>
                     </unittitle>
                  </did>
               </c03>
               <c03 level="file">
                  <did>
                     <unittitle>
                        <title render="italic">And We Were Young.</title> Ads,
                                reviews, etc., <unitdate normal="1979/1980" type="inclusive">1979-1980</unitdate>
                     </unittitle>
                  </did>
               </c03>
               <c03 level="file">
                  <did>
                     <unittitle>
                        <title render="italic">Klynt's Law.</title> Typed document,
                                311 p. Original title: <title render="doublequote">The Death of
                                    Probability</title> (London: Michael Joseph, <unitdate normal="1976">1976)</unitdate>
                     </unittitle>
                  </did>
               </c03>
               <c03 level="file">
                  <did>
                     <unittitle>
                        <title render="italic">Klynt's Law.</title> Reviews, etc.,
                                    <unitdate normal="1976">1976</unitdate>
                     </unittitle>
                  </did>
               </c03>
               <c03 level="file">
                  <did>
                     <unittitle>
                        <title render="italic">Klynt's Law.</title> Screenplay,
                                adapted by Elliott Baker from his novel. 110 p. in plastic binder
                                (includes 1 p. of photocopied reviews, <unitdate normal="1976">1976)</unitdate>
                     </unittitle>
                  </did>
               </c03>
               <c03 level="file">
                  <did>
                     <unittitle>
                        <title render="italic">The Penny Wars: A nostalgic
                                    novel.</title> Typed document, 344 p. in blue binder (London:
                                Michael Joseph, <unitdate normal="1968">1968)</unitdate>
                     </unittitle>
                  </did>
               </c03>
               <c03 level="file">
                  <did>
                     <unittitle>
                        <title render="italic">The Penny Wars: A nostalgic
                                    novel.</title> Ads, reviews, etc., <unitdate normal="1968/1969" type="inclusive">1968-1969</unitdate>
                     </unittitle>
                  </did>
               </c03>
               <c03 level="file">
                  <did>
                     <unittitle>
                        <title render="italic">The Penny Wars: A nostalgic
                                    novel.</title> Stage adaptation. Typed document, 135 p. in
                                plastic binder (Produced by David Merrick; premiere performance, New
                                York, Royale Theatre, <unitdate normal="1969-10-15">Oct. 15,
                                    1969)</unitdate>
                     </unittitle>
                  </did>
               </c03>
               <c03 level="file">
                  <did>
                     <unittitle>
                        <title render="italic">Pocock and Pitt.</title> 2 drafts;
                                printer's copy, 2 sets of galleys (London: Michael Joseph, <unitdate normal="1974">1974)</unitdate>
                     </unittitle>
                     <physdesc>(6 folders)</physdesc>
                  </did>
               </c03>
               <c03 level="file">
                  <did>
                     <unittitle>
                        <title render="italic">Pocock and Pitt.</title> Ads, reviews,
                                etc., <unitdate normal="1971/1974" type="inclusive">1971-1974</unitdate>
                     </unittitle>
                  </did>
               </c03>
               <c03 level="file">
                  <did>
                     <container type="Box" label="Box">3</container>
                     <unittitle>
                        <title render="italic">Unhealthful Air.</title> Typed
                                document, 287 p. (New York: Viking, <unitdate normal="1988">1988)</unitdate>
                     </unittitle>
                     <physdesc>(3 folders)</physdesc>
                  </did>
               </c03>
               <c03 level="file">
                  <did>
                     <unittitle>
                        <title render="italic">Unrequited Loves.</title> Typed
                                document with many revisions, 243 p. (London: Michael Joseph,
                                    <unitdate normal="1974">1974)</unitdate>
                     </unittitle>
                     <physdesc>(2 folders)</physdesc>
                  </did>
               </c03>
               <c03 level="file">
                  <did>
                     <unittitle>
                        <title render="italic">Unrequited Loves.</title>
                                Galleys</unittitle>
                  </did>
               </c03>
               <c03 level="file">
                  <did>
                     <unittitle>
                        <title render="italic">Unrequited Loves.</title> Ads,
                                reviews, etc., <unitdate normal="1973/1974" type="inclusive">1973-1974</unitdate>
                     </unittitle>
                  </did>
               </c03>
               <c03 level="file">
                  <did>
                     <unittitle>
                        <title render="italic">Portraits.</title> Adapted from his
                                autobiography, <title render="italic">Unrequited Loves,</title>
                                (screenplay) typed document, 110 p. <unitdate normal="1998">1998,</unitdate>in yellow covers</unittitle>
                  </did>
               </c03>
               <c03 level="file">
                  <did>
                     <unittitle>
                        <title render="italic">Clark and Myrna.</title> Typed
                                document, 96 p. Play in two acts, premiered <unitdate normal="1972-07">July 1972.</unitdate>
                     </unittitle>
                     <physdesc>2 copies - one in plastic binder; one in yellow covers (2
                                folders)</physdesc>
                  </did>
               </c03>
               <c03 level="file">
                  <did>
                     <unittitle>
                        <title render="italic">Delia: A Novel.</title> Typed
                                document, 235 p. in gray covers</unittitle>
                  </did>
               </c03>
               <c03 level="file">
                  <did>
                     <unittitle>
                        <title render="italic">Delia: A Novel.</title> Typed
                                document, 237 p. in plastic binder</unittitle>
                  </did>
               </c03>
               <c03 level="file">
                  <did>
                     <unittitle>
                        <title render="doublequote">In Defense of Delia</title> Typed
                                document with penciled revisions, 22p. London, <unitdate normal="1989-09">Sept. 1989.</unitdate> Published in Elliott
                                Baker's <title render="italic">Bardolatry</title> (London:
                                Holofernes, 1992)</unittitle>
                  </did>
               </c03>
               <c03 level="file">
                  <did>
                     <unittitle>
                        <emph render="italic">The Philosophy of the Plays of
                                    Shakspere Unfolded,</emph> by Delia Bacon; abridged by Elliott
                                Baker. Typed document (photocopy), 280p. Foreword by Elliott Baker,
                                London, <unitdate normal="1993">1993,</unitdate>in plastic binder.
                                Published as <emph render="italic">Shakespeare's Philosophy
                                    Unfolded</emph> (Phila., PA: Xlibris Corp., 2000)</unittitle>
                  </did>
               </c03>
               <c03 level="file">
                  <did>
                     <unittitle>
                        <title render="italic">Doctor Lopez: A Novel.</title> Typed document
                                227 p. in plastic binder (London: Holofernes, <unitdate normal="1995">1995)</unitdate>
                     </unittitle>
                  </did>
               </c03>
               <c03 level="file">
                  <did>
                     <unittitle>
                        <title render="italic">Doctor Lopez.</title> Screenplay by
                                Elliott Baker (adapted from his novel) <unitdate normal="2002">2002.</unitdate>Typed document (photocopy), 120 p. in lavender
                                covers</unittitle>
                  </did>
               </c03>
               <c03 level="file">
                  <did>
                     <unittitle>
                        <title render="italic">Percy, Bob and Assenpoop: Memories of
                                    Wyndham Lewis, Robert Frost and Ezra Pound.</title> Typed
                                document, 125 p. (London: <unitdate normal="1994">1994)</unitdate>
                     </unittitle>
                  </did>
               </c03>
               <c03 level="file">
                  <did>
                     <unittitle>
                        <title render="italic">When the Flowers Died: a potboiler
                                    novel.</title>
                        <unitdate normal="1997">c.1997</unitdate>Typed document, 222
                                p.</unittitle>
                  </did>
               </c03>
               <c03 level="file">
                  <did>
                     <unittitle>
                        <title render="italic">Ebenezer.</title>
                        <emph render="doublequote">Novel in progress - as of May 2000</emph>
                                Typed document (photocopy), 56 p. <unitdate normal="2000-05">May
                                    2000</unitdate>
                     </unittitle>
                  </did>
               </c03>
               <c03 level="file">
                  <did>
                     <container type="Box" label="Box">4</container>
                     <unittitle>
                        <title render="italic">Ebenezer.</title> Typed document
                                (copy), 177 p.</unittitle>
                  </did>
               </c03>
               <c03 level="file">
                  <did>
                     <unittitle>
                        <title render="italic">Confectionaries.</title> Typed
                                document contents: <title render="italic">Percy, Bob and
                                    Assenpoop,</title>
                        <title render="doublequote">And the Winner is...,</title>
                        <title render="italic">Bardolatry,</title> and <title render="italic">Variations on the Theme of the Kreutzer
                                    Sonata.</title> Includes copy of letter from Elliott Baker to
                                    <emph render="doublequote">Lillian</emph> (typist?) dated
                                    <unitdate normal="2002-11-21">Nov. 21,
                                2002</unitdate>
                     </unittitle>
                  </did>
               </c03>
               <c03 level="file">
                  <did>
                     <unittitle>
                        <title render="italic">Confectionaries.</title>
                                Photocopy/proofs?</unittitle>
                  </did>
               </c03>
            </c02>
         </c01>
         <c01 level="series">
            <did>
               <unittitle>Writings by Others</unittitle>
            </did>
            <c02 level="file">
               <did>
                  <container type="Box" label="Box">4</container>
                  <unittitle>Hope, Warren. <emph render="doublequote">Saplings for the Sahara:
                                Some novels by Elliott Baker</emph> Typed document (copy), 8
                            p.</unittitle>
               </did>
            </c02>
         </c01>
      </dsc>
   </archdesc>
</ead>
