<?xml version="1.0" encoding="UTF-8"?><ead xmlns="urn:isbn:1-931666-22-9" xmlns:xlink="http://www.w3.org/1999/xlink" xmlns:xsi="http://www.w3.org/2001/XMLSchema-instance" xsi:schemaLocation="urn:isbn:1-931666-22-9 http://www.loc.gov/ead/ead.xsd">
   <eadheader countryencoding="iso3166-1" audience="internal" dateencoding="iso8601" scriptencoding="iso15924" findaidstatus="originaldraft" langencoding="iso639-2b" repositoryencoding="iso15511">
      <eadid identifier="InU-Li-VAD6155" encodinganalog="identifier" mainagencycode="InU-Li" countrycode="US">InU-Li-VAD6155</eadid>
      <filedesc>
         <titlestmt>
            <titleproper encodinganalog="title">Bulwer-Lytton mss., <date calendar="gregorian" normal="1827/1872" era="ce">1827-1872</date>
            </titleproper>
            <subtitle>Papers of Edward George Earle Lytton at the Lilly Library, Indiana University,
               Bloomington, Indiana</subtitle>
            <author encodinganalog="creator">Electronic finding aid encoded by Indiana University
               Libraries.</author>
         </titlestmt>
         <publicationstmt>
            <publisher encodinganalog="publisher">Indiana University Digital Library
               Program</publisher>
            <date calendar="gregorian" normal="2017" encodinganalog="date" era="ce" type="publication">© 2017</date>
         </publicationstmt>
         <notestmt>
            <note encodinganalog="rights">
               <p>
                  <date normal="2017">© 2017</date> Trustees of Indiana University. All rights
                  reserved.</p>
            </note>
         </notestmt>
      </filedesc>
      <profiledesc>
         <creation>XML finding aid automatically generated from spreadsheet output of database.
            Finding aid encoded by Indiana University Libraries, <date calendar="gregorian" normal="2017-03-10" era="ce">March 10, 2017</date>
         </creation>
         <langusage>Description is in <language langcode="eng" scriptcode="Latn" encodinganalog="language">English.</language>
         </langusage>
      </profiledesc>
      <revisiondesc>
         <change audience="internal">
            <date calendar="gregorian" normal="2017-03-10" era="ce">March 10, 2017</date>
            <item>Encoded finding aid created.</item>
         </change>
         <change audience="internal">
            <date calendar="gregorian" normal="2017-12-18" era="ce">December 18, 2017</date>
            <item>Edits and rearrangement of content into requisite Lilly EAD structure, including
               addition of abstract, bioghist, scopecontent, controlaccess, relatedmaterial, and c01
               levels of container list. Haley Suby.</item>
         </change>
         <change audience="internal">
            <date normal="2018-04-27">April 27, 2018</date>
            <item>Batch update to change subject links.</item>
         </change>
      </revisiondesc>
   </eadheader>
   <archdesc audience="external" level="collection" type="inventory" relatedencoding="marc">
      <did>
         <head>Summary Information</head>
         <repository encodinganalog="852" label="Repository" id="lilly">
            <corpname normal="Lilly Library (Indiana University, Bloomington)" source="lcnaf">Lilly
               Library (Indiana University, Bloomington)</corpname>
            <address>
               <addressline>Indiana University</addressline>
               <addressline>1200 E. Seventh St.</addressline>
               <addressline>Bloomington, IN 47405-5500</addressline>
               <addressline>Phone: 812-855-2452</addressline>
               <addressline>Fax: 812-855-3143</addressline>
               <addressline>Email: liblilly@indiana.edu</addressline>
            </address>
            <lb/>
            <extref xlink:href="http://www.indiana.edu/~liblilly">http://www.indiana.edu/~liblilly</extref>
         </repository>
         <origination label="Creator">Lytton, Lord Edward George Earle,
            1803-1873</origination>
         <unittitle encodinganalog="245$a" label="Title">Bulwer-Lytton mss.</unittitle>
         <unitdate calendar="gregorian" normal="1827/1872" encodinganalog="245$f" era="ce" type="inclusive">1827-1872</unitdate>
         <unitid encodinganalog="099" repositorycode="US-InU-Li" countrycode="US" label="Collection No.">LMC 1150</unitid>
         <physdesc encodinganalog="300$a$f" label="Extent">
            <extent>51 items (1 folder, 1 volume)</extent>
         </physdesc>
         <langmaterial encodinganalog="546" label="Language">Materials are in <language langcode="eng">English.</language>
         </langmaterial>
         <abstract encodinganalog="520" label="Abstract">The Bulwer-Lytton mss., 1827-1872, consist
            of letters of Edward George Earle Lytton, Lord Bulwer-Lytton, 1803-1873,
            author.</abstract>
      </did>
      <accessrestrict encodinganalog="506$a">
         <head>Access Restrictions</head>
         <p>This collection is open for research.</p>
      </accessrestrict>
      <bioghist encodinganalog="545">
         <head>Biographical Note</head>
         <p>Edward George Earle Lytton, Lord Bulwer-Lytton, 1803-1873, was a bestselling author, playwright, and politician.</p>
      </bioghist>
      <scopecontent encodinganalog="520">
         <head>Scope and Content Note</head>
         <p>The Bulwer-Lytton mss., 1827-1872, consist of letters of Edward George Earle Lytton,
            Lord Bulwer-Lytton, 1803-1873, author. Topics discussed in Bulwer-Lytton's letters
            include his writings, theories of poetry and poetry criticism, and various social
            matters. Included also are a few letters by other people relating to Bulwer-Lytton or
            his family. These correspondents are William Henry Lytton Earle Bulwer, baron Dalling
            and Bulwer, Abraham Hayward, William Hazlitt, and Baroness Rosina Doyle (Wheeler)
            Bulwer-Lytton. </p>
         <p>Six copies of an 1846 engraving of Lord Bulwer-Lytton, a Carte de Visite photograph
            taken late in his life, and bound corrected page proofs for the final section of his <title render="italic">My
               Novel</title> (serial appearance, 1852) complete the collection. </p>
         <p>A detailed description of the collection appears in the dealer catalog located in the
            Vertical File. </p>
         <!-- could not find this -->
      </scopecontent>
      <controlaccess>
         <head>Indexing Terms</head>
         <controlaccess>
            <head>Names</head>
            <list>
               <item>
                  <extref xlink:href="https://iucat.iu.edu/?q=&#34;Lytton+Edward+Bulwer+Lytton+Baron+1803+1873&#34;&amp;search_field=subject_link">
                     <persname encodinganalog="600" source="lcnaf">Lytton, Edward Bulwer Lytton,
                        Baron, 1803-1873</persname>
                  </extref>
               </item>
               <item>
                  <extref xlink:href="https://iucat.iu.edu/?q=&#34;Dalling+Bulwer+Henry+Lytton+Bulwer+Baron+1801+1872&#34;&amp;search_field=subject_link">
                     <persname encodinganalog="600" source="lcnaf">Dalling and Bulwer, Henry Lytton
                        Bulwer, Baron, 1801-1872</persname>
                  </extref>
               </item>
               <item>
                  <extref xlink:href="https://iucat.iu.edu/?q=&#34;Hayward+Abraham+1801+1884&#34;&amp;search_field=subject_link">
                     <persname encodinganalog="600" source="lcnaf">Hayward, A. (Abraham),
                        1801-1884</persname>
                  </extref>
               </item>
               <item>
                  <extref xlink:href="https://iucat.iu.edu/?q=&#34;Hazlitt+William+1778+1830&#34;&amp;search_field=subject_link">
                     <persname encodinganalog="600" source="lcnaf">Hazlitt, William,
                        1778-1830</persname>
                  </extref>
               </item>
            </list>
         </controlaccess>
      </controlaccess>
      <descgrp>
         <head>Administrative Information</head>
         <acqinfo encodinganalog="541">
            <head>Acquisition Information</head>
            <p>Purchase: <date normal="1977">1977</date>
            </p>
         </acqinfo>
         <userestrict encodinganalog="540">
            <head>Usage Restrictions</head>
            <p>Prior arrangements are not necessary before coming to the Library. However, patrons
               from out of town are encouraged to communicate with the Library in advance of their
               visits to ascertain availability of materials.</p>
            <p>Photocopying permitted only with permission of the curator.</p>
         </userestrict>
         <prefercite encodinganalog="524$a">
            <head>Preferred Citation</head>
            <p>[Item], Bulwer-Lytton mss., Lilly Library, Indiana University, Bloomington,
               Indiana.</p>
         </prefercite>
      </descgrp>
      <dsc type="combined">
         <c01 level="item" id="VAD6155-00001">
            <did>
               <container label="" type="file">Folder</container>
               <unittitle>Engraving of Lord Bulwer-Lytton, a Carte de Visite photograph taken late
                  in his life, <date normal="1846">1846</date>
               </unittitle>
               <physdesc>
                  <extent>6 copies</extent>
               </physdesc>
            </did>
         </c01>
         <c01 level="item" id="VAD6155-00002">
            <did>
               <container label="" type="book">Book</container>
               <unittitle>Page proofs of his <title render="italic">My Novel</title>, <date normal="1852">1852</date>
               </unittitle>
            </did>
         </c01>
      </dsc>
   </archdesc>
</ead>