<?xml version="1.0" encoding="utf-8"?>
<ead xmlns="urn:isbn:1-931666-22-9"
     xmlns:xlink="http://www.w3.org/1999/xlink"
     xmlns:xsi="http://www.w3.org/2001/XMLSchema-instance"
     xsi:schemaLocation="urn:isbn:1-931666-22-9 http://www.loc.gov/ead/ead.xsd">
   <eadheader audience="internal"
              langencoding="iso639-2b"
              scriptencoding="iso15924"
              repositoryencoding="iso15511"
              countryencoding="iso3166-1"
              dateencoding="iso8601"
              findaidstatus="originaldraft">
      <eadid encodinganalog="identifier"
             identifier="InU-Li-VAD6053"
             countrycode="US"
             mainagencycode="InU-Li">InU-Li-VAD6053</eadid>
      <filedesc>
         <titlestmt>
            <titleproper encodinganalog="title">Baltic mss., <date normal="1539/1710" era="ce" calendar="gregorian">1539-1710</date>
            </titleproper>
            <subtitle>Papers relating to Russian and Slavic law at the Lilly Library, Indiana
               University, Bloomington, Indiana</subtitle>
            <author encodinganalog="creator">Electronic finding aid encoded by Indiana University
               Libraries.</author>
         </titlestmt>
         <publicationstmt>
            <publisher encodinganalog="publisher">Indiana University Libraries</publisher>
            <date encodinganalog="date"
                  normal="2017"
                  type="publication"
                  era="ce"
                  calendar="gregorian">© 2017</date>
         </publicationstmt>
         <notestmt>
            <note encodinganalog="rights">
               <p>
                  <date normal="2017">© 2017</date> Trustees of Indiana University. All rights
                  reserved.</p>
            </note>
         </notestmt>
      </filedesc>
      <profiledesc>
         <creation>XML finding aid automatically generated from spreadsheet output of database.
            Finding aid encoded by Indiana University Libraries, <date normal="2017-03-10" era="ce" calendar="gregorian">March 10, 2017</date>
         </creation>
         <langusage>Description is in <language encodinganalog="language" langcode="eng" scriptcode="Latn">English.</language>
         </langusage>
      </profiledesc>
      <revisiondesc>
         <change audience="internal">
            <date normal="2017-03-10" era="ce" calendar="gregorian">March 10, 2017</date>
            <item>Encoded finding aid created.</item>
         </change>
         <change audience="internal">
            <date normal="2017-08-31" era="ce" calendar="gregorian">August 31, 2017</date>
            <item>Edits and rearrangement of content to create sections for abstract, bioghist,
               controlaccess, scopecontent, and levels for container list were applied. Madison
               Chartier</item>
         </change>
         <change audience="internal">
            <date normal="2017-09-06" era="ce" calendar="gregorian">September 6, 2017</date>
            <item>Acquisition information added. Madison Chartier</item>
         </change>
         <change audience="internal">
            <date normal="2017-11-29">November 29, 2017</date>
            <item>Batch update to change subject links.</item>
         </change>
      </revisiondesc>
   </eadheader>
   <archdesc level="collection"
             audience="external"
             type="inventory"
             relatedencoding="marc">
      <did>
         <head>Summary Information</head>
         <repository encodinganalog="852" label="Repository" id="lilly">
            <corpname source="lcnaf" normal="Lilly Library (Indiana University, Bloomington)">Lilly
               Library (Indiana University, Bloomington)</corpname>
            <address>
               <addressline>Indiana University</addressline>
               <addressline>1200 E. Seventh St.</addressline>
               <addressline>Bloomington, IN 47405-5500</addressline>
               <addressline>Phone: 812-855-2452</addressline>
               <addressline>Fax: 812-855-3143</addressline>
               <addressline>Email: liblilly@indiana.edu</addressline>
            </address>
            <lb/>
            <extref xlink:href="http://www.indiana.edu/~liblilly">http://www.indiana.edu/~liblilly</extref>
         </repository>
         <origination label="Creator">Various</origination>
         <unittitle encodinganalog="245$a" label="Title">Baltic mss.</unittitle>
         <unitdate normal="1539/1710"
                   type="inclusive"
                   encodinganalog="245$f"
                   era="ce"
                   calendar="gregorian">1539-1710</unitdate>
         <unitid encodinganalog="099"
                 countrycode="US"
                 repositorycode="US-InU-Li"
                 label="Collection No.">LMC 1050</unitid>
         <physdesc encodinganalog="300$a$f" label="Extent">
            <extent>4 items</extent>
         </physdesc>
         <langmaterial label="Language" encodinganalog="546">Materials are in <language langcode="und">Undetermined Language.</language>
            <!-- Mention on Lilly website of this being pertinent to Russian and Slavic literature. MVC 8-31-17 -->
         </langmaterial>
         <abstract encodinganalog="520" label="Abstract">The Baltic mss., 1539-1710, consist
            primarily of legal documents.</abstract>
      </did>
      <accessrestrict encodinganalog="506$a">
         <head>Access Restrictions</head>
         <p>This collection is open for research.</p>
      </accessrestrict>
      <bioghist encodinganalog="545">
         <head>Historical Note</head>
         <p>The Baltic mss., <date normal="1539/1710" type="inclusive">1539-1710</date>, consist
            primarily of legal documents, authored by various persons. These records pertain to
            Russian and Slavic law.</p>
      </bioghist>
      <scopecontent encodinganalog="520">
         <head>Scope and Content Note</head>
         <p>The collection consists of 4 volumes.</p>
         <!-- Using language noted on corresponding form here.  MVC 8-31-17 -->
      </scopecontent>
      <controlaccess>
         <head>Indexing Terms</head>
         <controlaccess>
            <head>Subjects</head>
            <list>
               <item>
                  <extref xlink:href="https://iucat.iu.edu/?q=&#34;law&#34;&amp;search_field=subject_link">
                     <subject encodinganalog="650" source="lcsh">Law</subject>
                  </extref>
               </item>
               <item>
                  <extref xlink:href="https://iucat.iu.edu/?q=&#34;slavic+literature&#34;&amp;search_field=subject_link">
                     <subject encodinganalog="650" source="lcsh">Slavic literature</subject>
                  </extref>
               </item>
               <item>
                  <extref xlink:href="https://iucat.iu.edu/?q=&#34;russian+literature&#34;&amp;search_field=subject_link">
                     <subject encodinganalog="650" source="lcsh">Russian literature</subject>
                  </extref>
               </item>
            </list>
         </controlaccess>
      </controlaccess>
      <descgrp>
         <head>Administrative Information</head>
         <acqinfo encodinganalog="541">
            <head>Acquisition Information</head>
            <p>Acquired: Purchase. 1953, 1954.</p>
         </acqinfo>
         <userestrict encodinganalog="540">
            <head>Usage Restrictions</head>
            <p>Prior arrangements are not necessary before coming to the Library, however, patrons
               from out of town are encouraged to communicate with the Library in advance of their
               visits to ascertain availability of materials.</p>
            <p>Photocopying permitted only with permission of the curator.</p>
         </userestrict>
         <prefercite encodinganalog="524$a">
            <head>Preferred Citation</head>
            <p>[Item], Baltic mss., Lilly Library, Indiana University, Bloomington, Indiana.</p>
         </prefercite>
      </descgrp>
      <dsc>
         <head>Container List</head>
         <c01 level="collection">
            <did>
               <unittitle>Baltic mss.</unittitle>
               <physdesc>
                  <extent>4 items</extent>
                  <extent>(4 volumes)</extent>
               </physdesc>
            </did>
         </c01>
      </dsc>
   </archdesc>
</ead>
