<?xml version="1.0" encoding="UTF-8"?><ead xmlns="urn:isbn:1-931666-22-9" xmlns:xlink="http://www.w3.org/1999/xlink" xmlns:xsi="http://www.w3.org/2001/XMLSchema-instance" xsi:schemaLocation="urn:isbn:1-931666-22-9 http://www.loc.gov/ead/ead.xsd">
   <eadheader countryencoding="iso3166-1" audience="internal" dateencoding="iso8601" scriptencoding="iso15924" findaidstatus="originaldraft" langencoding="iso639-2b" repositoryencoding="iso15511">
      <eadid identifier="InU-Li-VAD6035" encodinganalog="identifier" mainagencycode="InU-Li" countrycode="US">InU-Li-VAD6035</eadid>
      <filedesc>
         <titlestmt>
            <titleproper encodinganalog="title">Arnold mss., <date calendar="gregorian" normal="1882/1899" era="ce">1882-1899</date>
            </titleproper>
            <subtitle>Papers of Edwin Arnold at the Lilly Library, Indiana University, Bloomington,
               Indiana</subtitle>
            <author encodinganalog="creator">Electronic finding aid encoded by Indiana University
               Libraries.</author>
         </titlestmt>
         <publicationstmt>
            <publisher encodinganalog="publisher">Indiana University Digital Library
               Program</publisher>
            <date calendar="gregorian" normal="2017" encodinganalog="date" era="ce" type="publication">© 2017</date>
         </publicationstmt>
         <notestmt>
            <note encodinganalog="rights">
               <p>
                  <date normal="2017">© 2017</date> Trustees of Indiana University. All rights
                  reserved.</p>
            </note>
         </notestmt>
      </filedesc>
      <profiledesc>
         <creation>XML finding aid automatically generated from spreadsheet output of database.
            Finding aid encoded by Indiana University Libraries, <date calendar="gregorian" normal="2017-03-10" era="ce">March 10, 2017</date>
         </creation>
         <langusage>Description is in <language langcode="eng" scriptcode="Latn" encodinganalog="language">English.</language>
         </langusage>
      </profiledesc>
      <revisiondesc>
         <change audience="internal">
            <date calendar="gregorian" normal="2017-03-10" era="ce">March 10, 2017</date>
            <item>Encoded finding aid created.</item>
         </change>
         <change audience="internal">
            <date calendar="gregorian" normal="2017-10-11" era="ce">October 11, 2017</date>
            <item>Edits and rearrangement of content into requisite Lilly EAD structure, including
               addition of abstract, bioghist, scopecontent, controlaccess, relatedmaterial, and c01
               levels of container list. Haley Suby.</item>
         </change>
         <change audience="internal">
            <date normal="2018-04-27">April 27, 2018</date>
            <item>Batch update to change subject links.</item>
         </change>
      </revisiondesc>
   </eadheader>
   <archdesc audience="external" level="collection" type="inventory" relatedencoding="marc">
      <did>
         <head>Summary Information</head>
         <repository encodinganalog="852" label="Repository" id="lilly">
            <corpname normal="Lilly Library (Indiana University, Bloomington)" source="lcnaf">Lilly
               Library (Indiana University, Bloomington)</corpname>
            <address>
               <addressline>Indiana University</addressline>
               <addressline>1200 E. Seventh St.</addressline>
               <addressline>Bloomington, IN 47405-5500</addressline>
               <addressline>Phone: 812-855-2452</addressline>
               <addressline>Fax: 812-855-3143</addressline>
               <addressline>Email: liblilly@indiana.edu</addressline>
            </address>
            <lb/>
            <extref xlink:href="http://www.indiana.edu/~liblilly">http://www.indiana.edu/~liblilly</extref>
         </repository>
         <origination label="Creator">Arnold, Edwin, Sir, 1832-1904</origination>
         <unittitle encodinganalog="245$a" label="Title">Arnold mss.</unittitle>
         <unitdate calendar="gregorian" normal="1882/1899" encodinganalog="245$f" era="ce" type="inclusive">1882-1899</unitdate>
         <unitid encodinganalog="099" repositorycode="US-InU-Li" countrycode="US" label="Collection No.">LMC 1031</unitid>
         <physdesc encodinganalog="300$a$f" label="Extent">
            <extent>22 items</extent>
            <extent>(1 folder)</extent>
         </physdesc>
         <langmaterial encodinganalog="546" label="Language">Materials are in <language langcode="eng">English.</language>
         </langmaterial>
         <abstract encodinganalog="520" label="Abstract">The Arnold mss., 1882-1899, consist of
            letters written by Sir Edwin Arnold, 1832-1904, author. Most of the letters are for the
            years 1898 and 1899 and are written to Francis Henry Bennett Skrine, 1847-1933. Subjects
            referred to, other than the memorial, are appointments, gifts of books, Arnold's
            health, etc. </abstract>
      </did>
      <accessrestrict encodinganalog="506$a">
         <head>Access Restrictions</head>
         <p>This collection is open for research.</p>
      </accessrestrict>
      <bioghist encodinganalog="545">
         <head>Biographical Note</head>
         <p>Sir Edwin Arnold, 1832-1904, was an author.</p>
      </bioghist>
      <scopecontent encodinganalog="520">
         <head>Scope and Content Note</head>
         <p>The Arnold mss., 1882-1899, consist of letters written by Sir Edwin Arnold, 1832-1904,
            author. </p>
         <p>Most of the letters are for the years 1898 and 1899 and are written to Francis Henry
            Bennett Skrine, 1847-1933, who had served in the Bengal civil service. They relate in
            the main to a memorial, which was presented to the Earl of Balfour, who was first Lord
            of the Treasury and leader of the House of Commons at that time. </p>
         <p>Letters for the years 1882-1895 are addressed to various persons. </p>
         <p>Subjects referred to, other than the memorial, are appointments, gifts of books,
            Arnold's health, etc. </p>
      </scopecontent>
      <controlaccess>
         <head>Indexing Terms</head>
         <controlaccess>
            <head>Names</head>
            <list>
               <item>
                  <extref xlink:href="https://iucat.iu.edu/?q=&#34;Arnold+Edwin+Sir+1832+1904&#34;&amp;search_field=subject_link">
                     <persname encodinganalog="600" source="lcnaf" role="subject">Arnold, Edwin,
                        Sir, 1832-1904</persname>
                  </extref>
               </item>
            </list>
         </controlaccess>
      </controlaccess>
      <descgrp>
         <head>Administrative Information</head>
         <acqinfo encodinganalog="541">
            <head>Acquisition Information</head>
            <p>Gift: <date normal="1961">1961</date>
            </p>
         </acqinfo>
         <userestrict encodinganalog="540">
            <head>Usage Restrictions</head>
            <p>Prior arrangements are not necessary before coming to the Library, however, patrons
               from out of town are encouraged to communicate with the Library in advance of their
               visits to ascertain availability of materials.</p>
            <p>Photocopying permitted only with permission of the curator.</p>
         </userestrict>
         <prefercite encodinganalog="524$a">
            <head>Preferred Citation</head>
            <p>[Item], Arnold mss., Lilly Library, Indiana University, Bloomington, Indiana.</p>
         </prefercite>
      </descgrp>
      <dsc>
         <c01 level="collection" id="VAD6035-00001">
            <did>
               <unittitle>Arnold mss.</unittitle>
               <physdesc>
                  <extent>22 items</extent>
                  <extent>(1 folder)</extent>
               </physdesc>
            </did>
         </c01>
      </dsc>
   </archdesc>
</ead>