<?xml version="1.0" encoding="utf-8"?>
<!-- Indiana University EAD template draft: 2003-Jan-2, 
    revised 2004-09-15 JLR; 
    revised fall 2006 and spring/summer 2007 JLR w/ EAD Working Group
    added repository code to /ead/archdesc/did/repository/@id, 4/1/09 JLR
-->
<ead xmlns="urn:isbn:1-931666-22-9"
     xmlns:xlink="http://www.w3.org/1999/xlink"
     xmlns:xsi="http://www.w3.org/2001/XMLSchema-instance"
     xsi:schemaLocation="urn:isbn:1-931666-22-9 http://www.loc.gov/ead/ead.xsd">
   <eadheader relatedencoding="dublincore"
              audience="external"
              langencoding="iso639-2b"
              scriptencoding="iso15924"
              repositoryencoding="iso15511"
              countryencoding="iso3166-1"
              dateencoding="iso8601"
              findaidstatus="edited-full-draft">
      <eadid encodinganalog="identifier"
             identifier="InU-Li-VAD4659"
             countrycode="US"
             mainagencycode="InU-Li">InU-Li-VAD4659</eadid>
      <!-- The value of eadid should follow the pattern of archive or library code, and then a 
unique number for the collection, e.g. InU-Li-VAA1234. Put this full identifier both in the identifier attribute and in the value of the eadid element. -->
      <!-- Generate a unique number for the collection at http://www.dlib.indiana.edu/cgi-bin/testtrackedit/filename.pl -->
      <filedesc><!-- This is a description of the electronic finding aid, not the 
original finding aid or the collection --><!-- Make title "The John Doe Papers, 1919-1965" rather than "The 
Papers of John Doe, 1919-1965" to eliminate 
                potential confusion about the meaning of the dates -->
         <titlestmt>
            <titleproper encodinganalog="title">Latin American mss. --Brazil,
                    <date normal="1639/1871" type="inclusive">1639-1871</date>
            </titleproper>
         </titlestmt>
         <publicationstmt>
            <publisher encodinganalog="publisher">Indiana University Digital Library Program</publisher>
            <date encodinganalog="date" normal="2015" type="publication">© 2015</date>
         </publicationstmt>
         <notestmt><!-- Change date to date of first publication, change rights statement if other entity claims rights over the finding aid (not the collection)-->
            <note encodinganalog="rights">
               <p>
                  <date normal="2015">© 2015</date> Trustees of Indiana University. All rights reserved.</p>
            </note>
         </notestmt>
      </filedesc>
      <profiledesc>
         <creation>XML finding aid derived from HTML version through cutting and pasting and
                through folder analysis. <date normal="2015" type="source">2015</date>
            <lb/>Finding aid encoded by Erin Clarke, Lilly Library, Indiana University,
                <date normal="2015-08-27">August 27, 2015</date>
         </creation>
         <langusage>Description is in 
                <language encodinganalog="language" langcode="eng">English.</language>
         </langusage>
      </profiledesc>
      <!-- revisiondesc is required -->
      <!-- record when the finding aid is completed in first change element, 
with subsequent changes
listed below the first -->
      <revisiondesc>
         <change audience="internal">
            <date normal="2015-08-27">August 27, 2015</date>
            <item>Encoded finding aid started.</item>
         </change>
         <change audience="internal">
            <date normal="2015-09-01">Spetember 01, 2015</date>
            <item>Encoded finding aid finished.</item>
         </change>
         <change audience="internal">
            <date normal="2017-11-29">November 29, 2017</date>
            <item>Batch update to change subject links.</item>
         </change>
      </revisiondesc>
   </eadheader>
   <archdesc level="collection"
             audience="external"
             type="inventory"
             relatedencoding="marc21"><!-- The TYPE attribute can be used to categorize the finding aid as an inventory, register, or other format. -->
      <did>
         <head>Summary Information</head>
         <repository encodinganalog="852" label="Repository" id="lilly">
            <corpname source="lcnaf" normal="Lilly Library (Indiana University, Bloomington)">Lilly Library (Indiana University, Bloomington)</corpname>
            <address>
               <addressline>Lilly Library</addressline>
               <addressline>Indiana University</addressline>
               <addressline>1200 E. Seventh St.</addressline>
               <addressline>Bloomington, IN 47405-5500</addressline>
               <addressline>Phone: 812-855-2452</addressline>
               <addressline>Fax: 812-855-3143</addressline>
               <addressline>Email: liblilly@indiana.edu</addressline>
            </address>
         </repository>
         <!-- per RLG guidelines recommendation, do not nest unitdate element within
unittitle element -->
         <unittitle encodinganalog="245$a" label="Title">Latin American mss. --Brazil,</unittitle>
         <unitdate normal="1639/1871" type="inclusive" encodinganalog="245$f">1639-1871</unitdate>
         <!-- do not include separating punctuation between the unit title and the unit
date.  The stylesheets will supply a comma where appropriate. -->
         <!-- unitdate may be repeated if both bulk and inclusive dates are recorded -->
         <!-- record the type of date - bulk or inclusive - in the type attribute. if date is bulk, change encodinganalog to 245$g -->
         <!-- recommended -->
         <unitid encodinganalog="099" label="Collection No.">LMC 1607</unitid>
         <physdesc encodinganalog="300" label="Extent">
            <extent>48 items</extent>
         </physdesc>
         <!-- if both linear feet and number of items included, repeat extent-->
         <!-- if collection includes signinficant non-english material add code to
langmaterial element -->
         <langmaterial encodinganalog="546" label="Language">Materials are in 
                <language langcode="por">Portuguese.</language>
         </langmaterial>
         <abstract encodinganalog="520" label="Abstract">
                The Latin American mss. --Brazil, 1639-1871, consists of individual items acquired separately either as a gift, purchase, transfer, or 
                removal from a variety of sources, relating to Brazil. Additions continue to be made.
            </abstract>
      </did>
      <!-- required even if unrestricted -->
      <accessrestrict encodinganalog="506">
         <head>Access Restrictions</head>
         <p>This collection is open for research.</p>
      </accessrestrict>
      <!-- required for collection level; optional for lower levels -->
      <scopecontent encodinganalog="520">
         <head>Scope and Content Note</head>
         <p>The Latin American mss. Brazil, 1639-1871, consist of various documents including correspondence, description and travel 
                books, maps, an architectural plan, Franciscan and Jesuit writings, as well as manuscripts and printed material relating 
                to the capitulation of French Guiana and the Portuguese and Brazilian royal families.</p>
         <p>Among the three documents of the l7th century is found a bound copy of the Jesuit <title render="italic">Cristóbal de Acuña's 
                Nuevo Descubrimiento del gran Rio de Las Amazonas</title> (1639), published in Madrid in 1641 (Lilly F2546 A.182 Meldel vault).</p>
         <p>The 18th century material includes three letters from Pedro II, king of Portugal, to José Vaz Pinto, a bound draft of the 
                Franciscan Bernardino de Castelo de Vide's work on his order's missions in Brazil, a map of the Paraná, Paraguay and Uruguay Rivers, 
                a sewn copy of the works of Alexandre de Gusmão, 1695-1753, based on the edition published in 1841 entitled 
                <title render="italic">Colleccão de varios escritos ineditos politicos e litterarios.</title> Another bound copy pertaining to 
                João António Salter de Mendonca contains copies of letters and orders from João V and José I, kings of Portugal, along with 
                other miscellaneous information concerning Brazil.</p>
         <p>The Pre-Independence 19th century documents include a bound volume of ten letters about the taking of French Guiana, one of 
                which was signed by José Narciso de Magalhães de Menezes. Also in this volume is the printed capitulation proposed by Victor Hugues. 
                Related to this is a separate document signed by Menezes with additions to the capitulation. Another bound volume of this period 
                consists of material relating to the claims of Carlota Joaquina de Borbón and Pedro Carlos de Borbón y Braganza, infante of Spain. 
                There is a draft of a manifesto made by João VI (May 1, 1808) announcing the severing of relations with France, a letter written 
                in code by José Marí a de Salazar to Luis María de Salazar (for deciphering see José María de Salazar, <title render="italic">Modo en que me entenderé ...,</title> 
                Nov. 27, 1814. Latin American mss. Argentina), and a plan for the veranda of João VI's palace in Rio de Janeiro.</p>
         <p>For 1821 and the Independence period there is an autograph letter by Pedro I, emperor of Brazil, (Jan. 28, 1821), as well as a 
                draft of a letter sent by João VI, king of Portugal, to his son Pedro I concerning the future relations between Portugal and Brazil (June 12, 1823). 
                Related to the year of 1821 is a military investigation conducted in Lisbon in 1824 involving the actions of several army officers 
                in Rio de Janeiro. Among those being investigated figure Francisco Joaquim Carreti and the future visconde de Tavira, 
                António de Pádua da Costa e Almeida. There are two works that deal with Germans in Brazil, one a bound journal written by Wilhelm Hartleben 
                with his observations in Minas Gerais, including pencil drawings of people, plants and other subjects. There is also a 19th century 
                draft of a letter addressed to an editor mentioning the complaints of some Germans in Brazil. Regarding the British, there is a 
                document about Edward Gibbon Swann and his imprisonment in Brazil after sailing with a British flag. The Brazilian military promotion 
                dated Aug. 30, 1871, was signed by Isabel, the imperial princess of Brazil.</p>
         <p>The correspondents in the collection include: Aires de Saldanha de Albuquerque; Martinho de Melo e Castro; João VI, king of Portugal; Pedro I, 
                emperor of Brazil; Pedro II, king of Portugal; José María de Salazar; Rui Vaz de Sequeira; Salvador Pereira da Silva; and João Fernandes Vieira.</p>
      </scopecontent>
      <!-- recommended; this information would be included for marc amc record -->
      <!-- should include all personal and corporate names, and subject headings -->
      <controlaccess>
         <head>Indexing Terms</head>
         <controlaccess>
            <head>Names</head>
            <list>
               <item>
                  <extref xlink:href="http://iucat.iu.edu/catalog?q=%22John+VI+King+of+Portugal+1767+1826--Correspondence%22&amp;search_field=subject_link">
                     <persname encodinganalog="600" source="lcnaf">John VI, King of Portugal, 1767-1826--Correspondence.</persname>
                  </extref>
               </item>
               <item>
                  <extref xlink:href="http://iucat.iu.edu/catalog?q=%22Pedro+I+Emperor+of+Brazil+1798+1834--Correspondence%22&amp;search_field=subject_link">
                     <persname encodinganalog="600" source="lcnaf">Pedro I, Emperor of Brazil, 1798-1834--Correspondence.</persname>
                  </extref>
               </item>
               <item>
                  <extref xlink:href="http://iucat.iu.edu/catalog?q=%22Pedro+II+King+of+Portugal+1648+1706--Correspondence%22&amp;search_field=subject_link">
                     <persname encodinganalog="600" source="lcnaf">Pedro II, King of Portugal, 1648-1706--Correspondence. </persname>
                  </extref>
               </item>
               <item>
                  <extref xlink:href="http://iucat.iu.edu/catalog?q=%22Salazar+Jos%C3%A9+Mar%C3%ADa+1762--Correspondence%22&amp;search_field=subject_link">
                     <persname encodinganalog="600" source="lcnaf">Salazar, José María, 1762---Correspondence.</persname>
                  </extref>
               </item>
               <item>
                  <extref xlink:href="http://iucat.iu.edu/catalog?q=%22Vieira+Jo%C3%A3o+Fernandes+1613+1681--Correspondence%22&amp;search_field=subject_link">
                     <persname encodinganalog="600" source="lcnaf">Vieira, João Fernandes, 1613-1681--Correspondence. </persname>
                  </extref>
               </item>
               <item>
                  <extref xlink:href="http://iucat.iu.edu/catalog?q=%22Catholic+Church--Brazil%22&amp;search_field=subject_link">
                     <corpname encodinganalog="610" source="lcnaf">Catholic Church--Brazil.</corpname>
                  </extref>
               </item>
               <item>
                  <extref xlink:href="http://iucat.iu.edu/catalog?q=%22Franciscans--Brazil--Manuscripts%22&amp;search_field=subject_link">
                     <corpname encodinganalog="610" source="lcnaf">Franciscans--Brazil--Manuscripts.</corpname>
                  </extref>
               </item>
               <item>
                  <extref xlink:href="http://iucat.iu.edu/catalog?q=%22Jesuits--Brazil--Manuscripts%22&amp;search_field=subject_link">
                     <corpname encodinganalog="610" source="lcnaf">Jesuits--Brazil--Manuscripts.</corpname>
                  </extref>
               </item>
            </list>
         </controlaccess>
         <controlaccess>
            <head>Topics</head>
            <list>
               <item>
                  <extref xlink:href="http://iucat.iu.edu/catalog?q=%22Brazil--History%22&amp;search_field=subject_link">
                     <geogname encodinganalog="651" source="aacr2">Brazil--History.</geogname>
                  </extref>
               </item>
               <item>
                  <extref xlink:href="http://iucat.iu.edu/catalog?q=%22Brazil--Politics+and+government%22&amp;search_field=subject_link">
                     <geogname encodinganalog="651" source="aacr2">Brazil--Politics and government.</geogname>
                  </extref>
               </item>
            </list>
         </controlaccess>
         <!-- <persname encodinganalog="600" source="lcnaf">[remove source attribute if name does not come from an authority file] </persname> -->
         <!-- <corpname encodinganalog="610" source="lcnaf">[remove source attribute if name does not come from an authority file]</corpname> -->
         <!--  <famname encodinganalog="600" source="lcnaf">[remove source attribute if name does not come from an authority file]</famname> -->
         <!--  <subject encodinganalog="650" source="lcsh"> </subject> -->
         <!--  <occupation encodinganalog="656" source="lcsh"> </occupation> -->
         <!--  <geogname encodinganalog="651" source="aacr2"> </geogname> -->
         <!-- <genreform encodinganalog="655" source="lcsh"> </genreform> -->
         <!-- <function encodinganalog="657" source="lcsh"/> -->
         <!-- <title encodinganalog="630"> </title> -->
      </controlaccess>
      <descgrp>
         <head>Administrative Information</head>
         <!-- required -->
         <acqinfo encodinganalog="541">
            <head>Acquisition Information</head>
            <p>Acquired: 1967, 1968 </p>
            <p>Purchase. Bernardo Mendel, New York, New York, and Lathrop C. Harper, New York, New York. 1967, 1968</p>
         </acqinfo>
         <!-- required even if unrestricted -->
         <userestrict encodinganalog="540">
            <head>Usage Restrictions</head>
            <p>Prior arrangements are not necessary before coming to the Library, however,
                    patrons from out of town are encouraged to communicate with the Library in
                    advance of their visits to ascertain availability of materials.</p>
            <p>Photocopying permitted only with permission of the Curator of Manuscripts, Lilly
                    Library.</p>
         </userestrict>
         <!-- required -->
         <prefercite encodinganalog="524">
            <head>Preferred Citation</head>
            <p>Latin American mss. Brazil, Lilly Library, Indiana University, Bloomington, Indiana.</p>
         </prefercite>
      </descgrp>
      <dsc type="combined"><!-- unittitle is the only required element within component --><!-- possible values for @level include: class, collection, file, fonds, item,
                otherlevel, recordgrp, series, subfonds, subgrp, subseries -->
         <c01 level="file">
            <did>
               <container type="box" label="Box">1</container>
               <unittitle>
                  <unitdate normal="1761-04-29/1768-06-10" type="inclusive">1761, Apr. 29-1768, June 10.</unitdate>Castelo Branco, Miguel Carlos Caldeira de Pina, et al.
                    </unittitle>
               <note>
                  <p>[Recibos e outros documentos]</p>
               </note>
            </did>
         </c01>
         <c01 level="file">
            <did>
               <unittitle>
                  <unitdate normal="1824-07-15/1824-08-17" type="inclusive">1824, July 15-Aug. 17.</unitdate> Exercito. Conselho de investigacao. 
                    </unittitle>
               <note>
                  <p>[Informacao sobre os officiaes...]</p>
               </note>
            </did>
         </c01>
         <c01 level="file">
            <did>
               <unittitle>
                  <unitdate normal="1651/1900" type="inclusive">1651-1900.</unitdate>Documents.
                    </unittitle>
            </did>
         </c01>
         <c01 level="file">
            <did>
               <container type="other">Bound Materials</container>
               <unittitle>
                  <unitdate normal="1607">1607.</unitdate>
                  <title render="italic">Carta Do Ministerio..</title>
               </unittitle>
            </did>
         </c01>
         <c01 level="file">
            <did>
               <unittitle>
                  <unitdate normal="1639">1639.</unitdate>
                  <title render="italic">Brazil Acuna, Cristobal de Nuevo Discubrimento...</title>
               </unittitle>
            </did>
         </c01>
         <c01 level="file">
            <did>
               <unittitle>
                  <unitdate normal="1709">1709.</unitdate>
                  <title render="italic">Brazil Vide, Bernardino de Castello de Aspecto material e politico des missoes...</title>
               </unittitle>
            </did>
         </c01>
         <c01 level="file">
            <did>
               <unittitle>
                  <unitdate normal="1700/1799" type="inclusive">[18th century].</unitdate>
                  <title render="italic">Brazil Mendonca Joco…Registro de Cartas e ordens...</title>
               </unittitle>
            </did>
         </c01>
         <c01 level="file">
            <did>
               <unittitle>
                  <unitdate normal="1804">1804.</unitdate>
                  <title render="italic">Colecao de 10 Cartas Sobre A Tomada Da Guiana Francesca</title>
               </unittitle>
            </did>
         </c01>
         <c01 level="file">
            <did>
               <unittitle>
                  <unitdate normal="1808-08-19/1809-03-12" type="inclusive">1808. Aug. 19-1809, Mar. 12.</unitdate>
                  <title render="italic">Proceso de Dona Carlota</title>
               </unittitle>
            </did>
         </c01>
         <c01 level="file">
            <did>
               <unittitle>
                  <unitdate normal="1832">1832.</unitdate>Wilhelm Hartleben.
                        <title render="italic"> Reise Nach Brasilien</title>
               </unittitle>
            </did>
         </c01>
         <c01 level="file">
            <did>
               <container type="other">Oversize Folio</container>
               <unittitle>
                  <unitdate normal="1871-08-30">1871, Aug. 30.</unitdate>Military promotion. Official document, signed by Isabel, imperial princess of Brazil Design
                    </unittitle>
            </did>
         </c01>
      </dsc>
   </archdesc>
</ead>
