<?xml version="1.0" encoding="utf-8"?>
<!-- Indiana University EAD template draft: 2003-Jan-2, 
    revised 2004-09-15 JLR; 
    revised fall 2006 and spring/summer 2007 JLR w/ EAD Working Group
    added repository code to /ead/archdesc/did/repository/@id, 4/1/09 JLR
-->
<ead xmlns="urn:isbn:1-931666-22-9"
     xmlns:xlink="http://www.w3.org/1999/xlink"
     xmlns:xsi="http://www.w3.org/2001/XMLSchema-instance"
     xsi:schemaLocation="urn:isbn:1-931666-22-9 http://www.loc.gov/ead/ead.xsd">
   <eadheader repositoryencoding="iso15511"
              langencoding="iso639-2b"
              audience="external"
              countryencoding="iso3166-1"
              dateencoding="iso8601"
              scriptencoding="iso15924"
              relatedencoding="dublincore"
              findaidstatus="edited-full-draft">
      <eadid countrycode="US"
             encodinganalog="identifier"
             mainagencycode="InU-Li"
             identifier="InU-Li-VAD5555">InU-Li-VAD5555</eadid>
      <!-- The value of eadid should follow the pattern of archive or library code, and then a unique number for the collection, e.g. InU-Li-VAA1234. Put this full identifier both in the identifier attribute and in the value of the eadid element. -->
      <!-- Generate a unique number for the collection at http://www.dlib.indiana.edu/cgi-bin/testtrackedit/filename.pl -->
      <filedesc><!-- This is a description of the electronic finding aid, not the original finding aid or the collection --><!-- Make title "The John Doe Papers, 1919-1965" rather than "The Papers of John Doe, 1919-1965" to eliminate 
                potential confusion about the meaning of the dates -->
         <titlestmt>
            <titleproper encodinganalog="title">Plath mss. V, 
                    <date normal="1944/1945" type="inclusive">1944–1945</date>
            </titleproper>
         </titlestmt>
         <publicationstmt>
            <publisher encodinganalog="publisher">Indiana University Digital Library Program</publisher>
            <date encodinganalog="date" normal="2016" type="publication">© 2016</date>
         </publicationstmt>
         <notestmt><!-- Change date to date of first publication, change rights statement if other entity claims rights over the finding aid (not the collection)-->
            <note encodinganalog="rights">
               <p>
                  <date normal="2016">© 2016</date> Trustees of Indiana University. All rights reserved.</p>
            </note>
         </notestmt>
      </filedesc>
      <profiledesc>
         <creation>XML finding aid derived from HTML version through cutting and pasting and
                through folder analysis. <date normal="2016" type="source">2016</date>
            <lb/>Finding aid encoded by Elizabeth Peters, Lilly Library, Indiana University,
                <date normal="2016-02-05">February 05, 2016.</date>
         </creation>
         <langusage>Description is in <language encodinganalog="language" langcode="eng">English.</language>
         </langusage>
      </profiledesc>
      <!-- revisiondesc is required -->
      <!-- record when the finding aid is completed in first change element, 
with subsequent changes
listed below the first -->
      <revisiondesc>
         <change audience="internal">
            <date normal="2016-02-05">February 05, 2016</date>
            <item>Encoded finding aid started.</item>
         </change>
         <change audience="internal">
            <date normal="2017-11-29">November 29, 2017</date>
            <item>Batch update to change subject links.</item>
         </change>
      </revisiondesc>
   </eadheader>
   <archdesc audience="external"
             level="collection"
             type="inventory"
             relatedencoding="marc21"><!-- The TYPE attribute can be used to categorize the finding aid as an inventory, register, or other format. -->
      <did>
         <head>Summary Information</head>
         <repository id="lilly" encodinganalog="852" label="Repository">
            <corpname source="lcnaf" normal="Lilly Library (Indiana University, Bloomington)">Lilly Library (Indiana University, Bloomington)</corpname>
            <address>
               <addressline>Lilly Library</addressline>
               <addressline>Indiana University</addressline>
               <addressline>1200 E. Seventh St.</addressline>
               <addressline>Bloomington, IN 47405-5500</addressline>
               <addressline>Phone: 812-855-2452</addressline>
               <addressline>Fax: 812-855-3143</addressline>
               <addressline>Email: liblilly@indiana.edu</addressline>
            </address>
         </repository>
         <origination label="Creator"><!-- Or <corpname encodinganalog="110">, <meeting encodinganalog="111">, with source="lcnaf" if appropriate -->
            <persname encodinganalog="100" source="lcnaf">Plath, Sylvia.</persname>
         </origination>
         <!-- per RLG guidelines recommendation, do not nest unitdate element within unittitle element -->
         <unittitle encodinganalog="245$a" label="Title">Plath mss. V</unittitle>
         <unitdate encodinganalog="245$f" normal="1944/1945" type="inclusive">1944-1945</unitdate>
         <!-- do not include separating punctuation between the unit title and the unit date.  The stylesheets will supply a comma where appropriate. -->
         <!-- unitdate may be repeated if both bulk and inclusive dates are recorded -->
         <!-- record the type of date - bulk or inclusive - in the type attribute. if date is bulk, change encodinganalog to 245$g -->
         <!-- recommended -->
         <unitid encodinganalog="099" label="Collection No.">LMC 2682</unitid>
         <physdesc encodinganalog="300" label="Extent">
            <extent>3 items</extent>
         </physdesc>
         <!-- if both linear feet and number of items included, repeat extent-->
         <!-- if collection includes signinficant non-english material add code to langmaterial element -->
         <langmaterial encodinganalog="546" label="Language">Materials are in 
                <language langcode="eng">English.</language>
         </langmaterial>
         <abstract encodinganalog="520" label="Abstract">The Plath mss. V, 1944–1945, consist of three items of early Sylvia Plath juvenilia.</abstract>
      </did>
      <!-- required even if unrestricted -->
      <accessrestrict encodinganalog="506">
         <head>Access Restrictions</head>
         <p>This collection is open for research.</p>
      </accessrestrict>
      <!-- required; can be short -->
      <bioghist encodinganalog="545">
         <head>Biographical Note</head>
         <p>Plath was born in Boston, Massachusetts, and began writing poetry as a child. She entered Smith College in 1950 and, after an abortive suicide attempt in August of 1953, graduated in 1955. She then attended Newnham College in Cambridge for two years on a Fulbright Fellowship where late in her first year she met and shortly thereafter married poet Ted Hughes. Plath took her degree in June 1957, after which she and Hughes sailed to America for a year of teaching and a second year of writing and travel. In late 1959 they returned to England where Plath lived until her death in February 1963.</p>
      </bioghist>
      <!-- required for collection level; optional for lower levels -->
      <scopecontent encodinganalog="520">
         <head>Scope and Content Note</head>
         <p>The Plath mss. V, 1944–1945, consist of three items of early Sylvia Plath juvenilia: an autographed manuscript with drawings, entitled "Christmas Booklet", signed "Sylvia Plath" (with 9 illustrated leaves beginning with an illustrated wrapper decorated with paper cut outs of a candle and holly branches, an illustrated title page followed by a thank–you letter to "Aunt Frieda" dated December 26, 1944, a short story and two poems); an 11–page, pencil manuscript hand–made stapled booklet entitled "The Treasures of Sylvia Plath," with her notes on several book titles she apparently read while participating in a reading club including treasures or maxims from each work such as "The Silver Pencil," "The White Stag," and "Stand Fast and Reply" among others; and an illustrated, typescript poem in the form of a get–well card.</p>
      </scopecontent>
      <!-- recommended; this information would be included for marc amc record -->
      <!-- should include all personal and corporate names, and subject headings -->
      <controlaccess>
         <head>Indexing Terms</head>
         <controlaccess>
            <head>Names</head>
            <list>
               <item>
                  <extref xlink:href="https://iucat.iu.edu/?q=&#34;Plath+Sylvia+Correspondence&#34;&amp;search_field=subject_link">
                     <persname encodinganalog="600" source="lcnaf">Plath, Sylvia --Correspondence.</persname>
                  </extref>
               </item>
               <item>
                  <extref xlink:href="https://iucat.iu.edu/?q=&#34;Plath+Sylvia+Manuscripts&#34;&amp;search_field=subject_link">
                     <persname encodinganalog="600" source="lcnaf">Plath, Sylvia --Manuscripts.</persname>
                  </extref>
               </item>
            </list>
         </controlaccess>
         <!-- <persname encodinganalog="600" source="lcnaf">[remove source attribute if name does not come from an authority file] </persname> -->
         <!-- <corpname encodinganalog="610" source="lcnaf">[remove source attribute if name does not come from an authority file]</corpname> -->
         <!--  <famname encodinganalog="600" source="lcnaf">[remove source attribute if name does not come from an authority file]</famname> -->
         <!--  <subject encodinganalog="650" source="lcsh"> </subject> -->
         <!--  <occupation encodinganalog="656" source="lcsh"> </occupation> -->
         <!--  <geogname encodinganalog="651" source="aacr2"> </geogname> -->
         <!-- <genreform encodinganalog="655" source="lcsh"> </genreform> -->
         <!-- <function encodinganalog="657" source="lcsh"/> -->
         <!-- <title encodinganalog="630"> </title> -->
      </controlaccess>
      <!-- optional, if applicable -->
      <relatedmaterial encodinganalog="544 1">
         <head>Related Material</head>
         <p>
            <extref xlink:href="http://www.indiana.edu/~liblilly/lilly/mss/index.php?p=plath">Plath mss.</extref>, <extref xlink:href="http://www.indiana.edu/~liblilly/lilly/mss/index.php?p=plath2">Plath mss. II</extref>, <extref xlink:href="http://www.indiana.edu/~liblilly/lilly/mss/index.php?p=plath3">Plath mss. III</extref>, <extref xlink:href="http://www.indiana.edu/~liblilly/lilly/mss/index.php?p=plath4">Plath mss. IV</extref>, <extref xlink:href="http://www.indiana.edu/~liblilly/lilly/mss/index.php?p=plath6">Plath mss. VI</extref>, <extref xlink:href="http://www.indiana.edu/~liblilly/lilly/mss/index.php?p=plath7">Plath mss. VII</extref>, <extref xlink:href="http://www.indiana.edu/~liblilly/lilly/mss/index.php?p=plath8">Plath mss. VIII</extref>, <extref xlink:href="http://www.indiana.edu/~liblilly/lilly/mss/index.php?p=plath9">Plath mss. IX</extref>, <extref xlink:href="http://www.indiana.edu/~liblilly/lilly/mss/index.php?p=plath10">Plath mss. X</extref>, <extref xlink:href="http://www.indiana.edu/~liblilly/lilly/mss/index.php?p=plath11">Plath mss. XI</extref>, also located at the Lilly Library, Indiana University, Bloomington, Indiana.</p>
      </relatedmaterial>
      <descgrp>
         <head>Administrative Information</head>
         <!-- required -->
         <acqinfo encodinganalog="541">
            <head>Acquisition Information</head>
            <p>Acquired: 2009</p>
         </acqinfo>
         <!-- required even if unrestricted -->
         <userestrict encodinganalog="540">
            <head>Usage Restrictions</head>
            <p>Prior arrangements are not necessary before coming to the Library, however,
                    patrons from out of town are encouraged to communicate with the Library in
                    advance of their visits to ascertain availability of materials.</p>
            <p>Photocopying permitted only with permission of the Curator of Manuscripts, Lilly
                    Library.</p>
         </userestrict>
         <!-- required -->
         <prefercite encodinganalog="524">
            <head>Preferred Citation</head>
            <p>[Item], Plath mss. V, Lilly Library, Indiana University, Bloomington, Indiana.</p>
         </prefercite>
      </descgrp>
      <dsc type="combined"><!-- unittitle is the only required element within component --><!-- possible values for @level include: class, collection, file, fonds, item,
                otherlevel, recordgrp, series, subfonds, subgrp, subseries -->
         <c01 id="VAD5555-00001" level="item">
            <did>
               <container label="Box" type="box">1</container>
               <!-- add type="bulk" or type="inclusive" to unitdate if appropriate -->
               <unittitle>Illustrated Typescript Poem<unitdate normal="1944/1945" type="inclusive"/>
               </unittitle>
            </did>
         </c01>
         <c01 id="VAD5555-00002" level="item">
            <did>
               <unittitle>"Christmas Booklet." <unitdate normal="1944">1944</unitdate>
               </unittitle>
            </did>
         </c01>
         <c01 id="VAD5555-00003" level="item">
            <did>
               <unittitle>"The Treasures of Sylvia Plath." <unitdate normal="1945">ca. 1945</unitdate>
               </unittitle>
            </did>
         </c01>
      </dsc>
   </archdesc>
</ead>
