<?xml version="1.0" encoding="utf-8"?>
<!-- Indiana University EAD template draft: 2003-Jan-2, 
	revised 2004-09-15 JLR; 
	revised fall 2006 and spring/summer 2007 JLR w/ EAD Working Group
	added repository code to /ead/archdesc/did/repository/@id, 4/1/09 JLR
-->
<ead xmlns="urn:isbn:1-931666-22-9"
     xmlns:xlink="http://www.w3.org/1999/xlink"
     xmlns:xsi="http://www.w3.org/2001/XMLSchema-instance"
     xsi:schemaLocation="urn:isbn:1-931666-22-9 http://www.loc.gov/ead/ead.xsd">
   <eadheader countryencoding="iso3166-1"
              audience="external"
              dateencoding="iso8601"
              scriptencoding="iso15924"
              findaidstatus="edited-full-draft"
              langencoding="iso639-2b"
              repositoryencoding="iso15511"
              relatedencoding="dublincore">
      <eadid identifier="InU-Li-VAA3048"
             encodinganalog="identifier"
             mainagencycode="InU-Li"
             countrycode="US">InU-Li-VAA3048</eadid>
      <filedesc><!-- This is a description of the electronic finding aid, not the original finding aid or the collection --><!-- Make title "xxxx mss., yyyy-yyyy"--><!--Make subtitle "Papers, yyyy-yyyy, of [person] at the Lilly Library, Indiana University, Bloomington, Indiana-->
         <titlestmt>
            <titleproper encodinganalog="title">English literature mss.,</titleproper>
            <subtitle>Papers, <date normal="1951/1993">1951-1993,</date> of English literature
					at the Lilly Library, Indiana University, Bloomington, Indiana</subtitle>
         </titlestmt>
         <publicationstmt>
            <publisher encodinganalog="publisher">Indiana University Digital Library
					Program</publisher>
            <date normal="2013" encodinganalog="date" type="publication">© 2013</date>
         </publicationstmt>
         <notestmt><!-- Change date to date of first publication, change rights statement if other entity claims rights over the finding aid (not the collection)-->
            <note encodinganalog="rights">
               <p>
                  <date normal="2013">© 2013</date> Trustees of Indiana University. All rights
						reserved.</p>
            </note>
         </notestmt>
      </filedesc>
      <profiledesc>
         <creation>XML finding aid derived from Microsoft Word 2003 file through cutting and
				pasting. <!--description of how the finding aid was created, for example: XML finding aid derived from
[paper by means of scanning and OCR] [OCR file edited for typographical errors before encoding]
[typescript by rekeying] [word processing program and version number]
[<extref href="" linktype="simple" title="" actuate="onrequest" show="new">HTML collection description</extref>]. --><lb/>[date of source: <lb/>Finding aid encoded by Ryan K. Lee, Lilly Library,
				Indiana University, <date normal="2005-09-28">September 28, 2005</date>
         </creation>
         <!-- iso three-digit 639-2 value for @langcode can be found at http://www.loc.gov/standards/iso639-2/langcodes.html -->
         <langusage>Description is in <language scriptcode="Latn" langcode="eng" encodinganalog="language">English.</language>
         </langusage>
      </profiledesc>
      <!-- revisiondesc is required -->
      <!-- record when the finding aid is initiated in first 'change' element, with subsequent changes listed below the first, and the final 'change' element indicating date finding aid completed -->
      <revisiondesc>
         <change>
            <date normal="2005-09-28">September 28, 2005</date>
            <item>Encoded finding aid begun.</item>
         </change>
         <change>
            <date normal="2006-02-20">February 20, 2006</date>
            <item>Encoded finding aid completed.</item>
         </change>
         <change>
            <date normal="2012-02-15">February 15, 2012</date>
            <item>Encoded finding aid updated.</item>
         </change>
         <change>
            <date normal="2013-02-12">February 12, 2013</date>
            <item>Added indexing terms.</item>
         </change>
         <change>
            <date normal="2017-03-22">March 22, 2017</date>
            <item>Added box designations. Elizabeth Peters.</item>
         </change>
         <change audience="internal">
            <date normal="2017-11-29">November 29, 2017</date>
            <item>Batch update to change subject links.</item>
         </change>
      </revisiondesc>
   </eadheader>
   <!-- the 'frontmatter' element is a wrapper that bundles prefatory text found before the start of the archival description <archdesc>. It focuses on the creation, publication, or use of the finding aid rather than information
about the materials being described. Examples include a title page, preface, dedication, and instructions for
using a finding aid. -->
   <archdesc audience="external"
             level="collection"
             type="inventory"
             relatedencoding="marc"><!-- @type value may alternatively be 'bulk' --><!-- use the label attribute for these elements to determine what label is displayed -->
      <did>
         <head>Summary Information</head>
         <!-- record the name of the repository even if its display is to be suppressed -->
         <repository encodinganalog="852" id="lilly" label="Repository">
            <corpname normal="Lilly Library (Indiana University, Bloomington)" source="lcnaf">Lilly Library (Indiana University, Bloomington)</corpname>
            <address>
               <addressline>Lilly Library</addressline>
               <addressline>Indiana University</addressline>
               <addressline>1200 E. Seventh St.</addressline>
               <addressline>Bloomington, IN 47405-5500</addressline>
               <addressline>Phone: 812-855-2452</addressline>
               <addressline>Fax: 812-855-3143</addressline>
               <addressline>Email: liblilly@indiana.edu</addressline>
            </address>
         </repository>
         <!-- per RLG guidelines recommendation, do not nest unitdate element within unittitle element -->
         <unittitle encodinganalog="245$a" label="Title">English literature mss.,</unittitle>
         <unitdate normal="1951/1993" encodinganalog="245$f" type="inclusive">1951-1993</unitdate>
         <!-- do not include separating punctuation between the unit title and the unit date - the stylesheets will supply a comma where appropriate. -->
         <!-- unitdate may be repeated if both bulk and inclusive dates are recorded -->
         <!-- record the type of date - bulk or inclusive - in the type attribute. -->
         <!-- recommended -->
         <unitid encodinganalog="099" label="Collection No.">LMC 1334</unitid>
         <physdesc encodinganalog="300" label="Extent">
            <extent>80 items</extent>
            <!-- if both linear feet and number of items included, separate by lb tag -->
         </physdesc>
         <!-- langmaterial element replaces langmaterial attribute on eadheader element in 2002 DTD -->
         <!-- if collection includes significant non-english material add code to langmaterial element -->
         <langmaterial encodinganalog="546" label="Language">Materials are in <language langcode="eng">English.</language>
         </langmaterial>
         <abstract encodinganalog="520" label="Abstract">Consists of individual items acquired
				separately either as a gift, purchase, transfer, or removal from a variety of
				sources, relating to English literature. Additions continue to be made.</abstract>
      </did>
      <accessrestrict encodinganalog="506">
         <head>Access Restrictions</head>
         <p>This collection is open for research.</p>
      </accessrestrict>
      <!-- required; 'descgrp' element replaces admininfo element in 2002 DTD -->
      <arrangement encodinganalog="351$x">
         <head>Arrangement</head>
         <p>Arranged chronologically.</p>
      </arrangement>
      <scopecontent encodinganalog="520$a$b">
         <head>Scope and Content Note</head>
         <p>This collection contains mostly correspondence from major figures in English
				literature between 1951-1993. It also includes literary works, including manuscripts
				and bound volumes; financial records; and legal documents.</p>
      </scopecontent>
      <!--optional -->
      <!-- element organization deprecated in DTD version 2002; @encodinganalog may be used to differentiate between 351 subfield a (organization) and subfield b (arrangement). -->
      <!-- recommended; this information would be included for marc amc record -->
      <!-- should include all personal and corporate names, and subject headings -->
      <controlaccess>
         <head>Indexing Terms</head>
         <controlaccess>
            <head>Names</head>
            <list>
               <item>
                  <extref xlink:href="https://iucat.iu.edu/?q=&#34;braine+john&#34;&amp;search_field=subject_link">
                     <persname encodinganalog="700" source="lcnaf">Braine, John.</persname>
                  </extref>
               </item>
               <item>
                  <extref xlink:href="https://iucat.iu.edu/?q=&#34;hutchinson+r.c.+(ray coryton)+1907-1975&#34;&amp;search_field=subject_link">
                     <persname encodinganalog="700" source="lcnaf">Hutchinson, R. C. (Ray
								Coryton), 1907-1975.</persname>
                  </extref>
               </item>
               <item>
                  <extref xlink:href="https://iucat.iu.edu/?q=&#34;eliot+t.s.+(thomas+stearns)+1888-1965&#34;&amp;search_field=subject_link">
                     <persname encodinganalog="700" source="lcnaf">Eliot, T. S. (Thomas
								Stearns), 1888-1965.</persname>
                  </extref>
               </item>
               <item>
                  <extref xlink:href="https://iucat.iu.edu/?q=&#34;spender+stephen+1909-1995&#34;&amp;search_field=subject_link">
                     <persname encodinganalog="700" source="lcnaf">Spender, Stephen,
								1909-1995.</persname>
                  </extref>
               </item>
               <item>
                  <extref xlink:href="https://iucat.iu.edu/?q=&#34;wain+john&#34;&amp;search_field=subject_link">
                     <persname encodinganalog="700" source="lcnaf">Wain, John.</persname>
                  </extref>
               </item>
               <item>
                  <extref xlink:href="https://iucat.iu.edu/?q=&#34;lilly+josiah+kirby+1893-1966&#34;&amp;search_field=subject_link">
                     <persname encodinganalog="700" source="lcnaf">Lilly, Josiah Kirby,
								1893-1966, former owner.</persname>
                  </extref>
               </item>
            </list>
         </controlaccess>
         <controlaccess>
            <head>Topics</head>
            <list>
               <item>
                  <extref xlink:href="https://iucat.iu.edu/?q=&#34;english+literature+20th+century&#34;&amp;search_field=subject_link">
                     <subject encodinganalog="650" source="lcnaf">English literature --20th
								century.</subject>
                  </extref>
               </item>
            </list>
         </controlaccess>
      </controlaccess>
      <relatedmaterial encodinganalog="544 1">
         <head>Related Material</head>
         <p>Additional finding aids for English literature mss. are available. <lb/>
            <extref xlink:href="http://purl.dlib.indiana.edu/iudl/findingaids/lilly/InU-Li-VAA1950">English Literature mss., 1630-1800</extref>
            <lb/>
            <extref xlink:href="http://purl.dlib.indiana.edu/iudl/findingaids/lilly/InU-Li-VAA2016">English Literature mss., 1801-1850</extref>
            <lb/>
            <extref xlink:href="http://purl.dlib.indiana.edu/iudl/findingaids/lilly/InU-Li-VAA3046">English Literature mss., 1851-1900</extref>
            <lb/>
            <extref xlink:href="http://purl.dlib.indiana.edu/iudl/findingaids/lilly/InU-Li-VAA3047">English Literature mss., 1901-1950</extref>
            <lb/>
            <extref xlink:href="http://purl.dlib.indiana.edu/iudl/findingaids/lilly/InU-Li-VAA3049">English Literature mss., undated</extref>
         </p>
      </relatedmaterial>
      <descgrp>
         <head>Administrative Information</head>
         <!-- required even if unrestricted -->
         <!-- recommended for manuscript collections, if known -->
         <acqinfo encodinganalog="541">
            <head>Acquisition Information</head>
            <p>Received from numerous sources at various times. Accession information is given
					for the majority of entries.</p>
         </acqinfo>
         <!-- required even if unrestricted -->
         <userestrict encodinganalog="540">
            <head>Usage Restrictions</head>
            <p>Prior arrangements are not necessary before coming to the Library, however,
					patrons from out of town are encouraged to communicate with the Library in
					advance of their visits to ascertain availability of materials.</p>
            <p>Photocopying permitted only with permission of the Curator of Manuscripts, Lilly
					Library.</p>
         </userestrict>
         <prefercite encodinganalog="524$a">
            <head>Preferred Citation</head>
            <p>[Item], English literature mss., Lilly Library, Indiana University, Bloomington,
					Indiana.</p>
         </prefercite>
      </descgrp>
      <!-- required for collection level; optional for lower levels -->
      <dsc type="combined">
         <head>Container List</head>
         <!-- unittitle is the only required element within component -->
         <!-- possible values for @level include: class, collection, file, fonds, item, otherlevel, recordgrp, series, subfonds, subgrp, subseries -->
         <c01 level="series" id="VAA3048-00001">
            <did>
               <unittitle>English literature mss. </unittitle>
            </did>
            <scopecontent>
               <p>Arranged chronologically at the item level.</p>
            </scopecontent>
            <c02 level="item" id="VAA3048-00002">
               <did>
                  <container label="Box" type="box">11</container>
                  <unittitle>
                     <unitdate normal="1951-04-09">1951 Apr. 9 - </unitdate>
                     <persname>Whistler, Laurence, 1912- , author.</persname> Little Place,
							Lyme Regis, Dorset. To Lady Cynthia [Mary Evelyn (Charteris) Asquith].
							"I wish your sketch of Rex, so delicate &amp; so right, and oh so
							moving, had been longer. I think it much better…than Osbert’s elaborate
							‘set-piece’…". </unittitle>
                  <physdesc>
                     <extent>Autograph Letter Signed 5p. 18cm.</extent>
                  </physdesc>
               </did>
               <acqinfo>
                  <p>Purchased. <date normal="1975">1975</date>
                  </p>
               </acqinfo>
            </c02>
            <c02 level="item" id="VAA3048-00003">
               <did>
                  <unittitle>
                     <unitdate normal="1951-07-18">1951 July 18 - </unitdate>
                     <persname>Woodham-Smith, Cecil Blanche (FitzGerald), 1896-1977,
								historian.</persname> 48, Cadogan Place, S.W.1. To Mr. Feisenberger.
							Comments on the association of the names of Miss Bevington and Rev. W.
							Chawner with Florence Nightingale’s <title render="italic">Notes on
								Nursing</title> and the large number of letters written by Miss
							Nightingale. </unittitle>
                  <physdesc>
                     <extent>Autograph Letter Signed 2pp. 20.5cm.</extent>
                  </physdesc>
                  <note>
                     <list>
                        <item>Book under discussion: Florence Nightingale, <title render="italic">Notes on Nursing</title>. London, Harrison,
										<date normal="1859">1859</date> (Lilly RT51 .N68)</item>
                     </list>
                  </note>
               </did>
               <acqinfo>
                  <p>Transferred from Lilly Library Book Department, Bibliographic File,
							Indiana University, Bloomington, Ind. <date normal="1981">1981</date>
                  </p>
               </acqinfo>
            </c02>
            <c02 level="file" id="VAA3048-00004">
               <did>
                  <unittitle>
                     <unitdate normal="1951-10-03">1951 Oct. 3 - </unitdate>
                     <persname>Powys, John Cowper, 1872-1963, author.</persname> To [?].
							"Would love to have some description of that forest from you at the end
							of one of your long drives but I fear you don’t drive quite so far as
							Wiltshire. O yes I do so loathe being ‘tiled up’….I am now off on a
							new…philosophy book."</unittitle>
                  <physdesc>
                     <extent>Autograph Letter Signed 2p. 20cm.</extent>
                  </physdesc>
               </did>
               <acqinfo>
                  <p>Purchased. <date normal="1970">1970</date>
                  </p>
               </acqinfo>
            </c02>
            <c02 level="item" id="VAA3048-00005">
               <did>
                  <unittitle>
                     <unitdate normal="1951-10-16">1951 Oct. 16 - </unitdate>
                     <persname>Sitwell, Edith, 1887-1964, author.</persname> Renishaw Hall,
							Renishaw near Sheffield. To John [Davy Hayward]. "I was enchanted by
							your letter. I can see that you, also, have been thoroughly put through
							the mangle." </unittitle>
                  <physdesc>
                     <extent>Autograph Letter Signed 8p. 20cm.</extent>
                  </physdesc>
               </did>
               <acqinfo>
                  <p>Purchased. <date normal="1967">1967</date>
                  </p>
               </acqinfo>
            </c02>
            <c02 level="item" id="VAA3048-00006">
               <did>
                  <unittitle>
                     <unitdate normal="1951-12-21">1951 Dec. 21 - </unitdate>
                     <persname>Bax, Clifford, 1886-1962, author, dramatist.</persname> F2,
							Albany, London, W.1. To [Kerrison] Preston. Is recovering from an
							illness. Will visit his town again soon: "(I have to preside at a big
							Cricket Dinner on January 8th.)"</unittitle>
                  <physdesc>
                     <extent>Autograph Letter Signed 1p. 17.5cm.</extent>
                  </physdesc>
               </did>
               <acqinfo>
                  <p>Removed from <title render="italic">An anthology of the work of Clifford
								Bax</title>, compiled by Meum Stewart. London: Favil Press, <date normal="1953">1953</date> (Lilly PR6003 .A9 A62). <date normal="1990">1990</date>
                  </p>
               </acqinfo>
            </c02>
            <c02 level="item" id="VAA3048-00007">
               <did>
                  <unittitle>
                     <unitdate normal="1952-01-28">[1952 Jan. 28] - </unitdate>
                     <persname>Raine, Kathleen Jessie, 1908- , poet.</persname> Cunard Line,
							R.M.S. "Queen Mary". To David [Lougee], 39 Homesdale Road, Bronxville,
							New York, U.S.A. "You have a gift not all poets posses, of lyric <emph render="underline">movement</emph>….Above all avoid the D.T.’s—Dylan
							has perfected, and uses brilliantly some very vulgar and easy…poetic
							effects…".</unittitle>
                  <physdesc>
                     <extent>Autograph Letter Signed 2p. 17cm.</extent>
                  </physdesc>
                  <note>
                     <list>
                        <item>Accompanied by cover</item>
                     </list>
                  </note>
               </did>
               <acqinfo>
                  <p>Purchased. <date normal="1972">1972</date>
                  </p>
               </acqinfo>
            </c02>
            <c02 level="item" id="VAA3048-00008">
               <did>
                  <unittitle>
                     <unitdate normal="1952-04-18">1952 Apr. 18 - </unitdate>
                     <persname>Bowen, Elizabeth, 1899- novelist.</persname> Bowen’s Court,
							Kildorrery, Co. Cork, [Ireland]. To Henry W. Winslow, 52 South Park
							Avenue, Longmeadows, Springfield, Mass[achusetts]. "I am glad to hear
							you enjoyed my "Shelbourne" book, and that it brought back to you happy
							memories."</unittitle>
                  <physdesc>
                     <extent>Autograph Letter Signed 1p. 18cm.</extent>
                  </physdesc>
                  <note>
                     <list>
                        <item>Accompanied by cover</item>
                     </list>
                  </note>
               </did>
               <acqinfo>
                  <p>Removed from Elizabeth Bowen, <title render="italic">The Shelbourne
								Hotel</title>. New York, Knopf, <date normal="1951">1951</date>
							(Lilly PR6003 .O7S54). <date normal="1971">1971</date>
                  </p>
               </acqinfo>
            </c02>
            <c02 level="item" id="VAA3048-00009">
               <did>
                  <unittitle>
                     <unitdate normal="1952-05-21">1952 May 21 - </unitdate>
                     <persname>Abercrombie, Ralph, fl. 1952, author.</persname> Flat One, 4
							The Park, Highgate, London, N.6. To [Robert] Gathorne-Hardy. "Many
							thanks for the cheque….I have slipped in two small items which may
							interest you…they are more properly housed by a Bridges collector than
							by me…"</unittitle>
                  <physdesc>
                     <extent>Autograph Letter Signed 1p. 20cm.</extent>
                  </physdesc>
                  <note>
                     <list>
                        <item>Abercrombie, the son of Lascelles Abercrombie, has sold the
									R.C. Trevelyan copy of Bridges’ <title render="italic">The
										Testament of Beauty</title> to Mr. Gathorne-Hardy</item>
                        <item>Accompanied by a card written by R[obert] G[athorne]-H[ardy]
									concerning the sale of the Bridges’ book, n.d., 8cm.</item>
                     </list>
                  </note>
               </did>
               <acqinfo>
                  <p>Removed from Robert Seymour Bridges, <title render="italic">The Testament
								of Beauty</title>, n.p., <date normal="1927/1929" type="inclusive">1927-1929</date> (Lilly PR4161 .B6T3). <date normal="1974">1974</date>
                  </p>
               </acqinfo>
            </c02>
            <c02 level="item" id="VAA3048-00010">
               <did>
                  <unittitle>
                     <unitdate normal="1952-11-16">[19]52 Nov. 16 - </unitdate>
                     <persname>Southwold, Stephen, 1887-1964, author.</persname> Brixham. To
							"My dear John." Extends thanks for "the delightful diaries." Inquires
							about the publication of <title render="singlequote">The House of
								Collins</title> by John [i.e. David] Keir. </unittitle>
                  <physdesc>
                     <extent>Autograph Letter Signed 1p. 25.5cm.</extent>
                  </physdesc>
                  <note>
                     <list>
                        <item>Inscribed on verso of page 250 of carbon of an unidentified
									manuscript</item>
                     </list>
                  </note>
               </did>
               <acqinfo>
                  <p>Removed from Neil Bell, <title render="italic">One of the Best</title>.
							Eyre &amp; Spottiswoode, <date normal="1952">1952</date> (Lilly PR6037
							.O86O58), inscribed to John. <date normal="1984">1984</date>
                  </p>
               </acqinfo>
            </c02>
            <c02 level="item" id="VAA3048-00011">
               <did>
                  <unittitle>
                     <unitdate normal="1953-05-12">[19]53 May 12 - </unitdate>
                     <persname>Thomas, Ronald Stuart, 1913- , poet.</persname> Manafon
							Rectory, Montgomery[shire]. To Mr. Palmer. "I think you may not like
							this savage saga of wild Wales—but I send it…." </unittitle>
                  <physdesc>
                     <extent>Autograph Letter Signed 1p. 17.8cm.</extent>
                  </physdesc>
               </did>
               <acqinfo>
                  <p>Removed from R.S. Thomas, <title render="italic">An acre of land</title>.
							Newton: Montgomeryshire Printing Co., <date normal="1952">[1952]</date>
							(Lilly PR6039 .H618 .A64). <date normal="1989">1989</date>
                  </p>
               </acqinfo>
            </c02>
            <c02 level="item" id="VAA3048-00012">
               <did>
                  <unittitle>
                     <unitdate normal="1953-07-08">1953 July 8 - </unitdate>
                     <persname>Wade, Allan, 1881-1955, actor, bibliographer.</persname> 30
							Clareville Grove, London, S.W.7, [England]. To "Dear Mr." "I am feeling
							quite well again now, I am glad to say, and am just beginning on the
							formidable task of reading the proofs of my big book of the Letters,
							which are just starting to come in." </unittitle>
                  <physdesc>
                     <extent>Typed Letter Signed 1p. 18cm.</extent>
                  </physdesc>
                  <note>
                     <list>
                        <item>The surname in the salutation has been erased.</item>
                     </list>
                  </note>
               </did>
               <acqinfo>
                  <p>Removed from Yeats, <title render="italic">The unicorn from the
								stars</title>. New York, Macmillan Company, <date normal="1908">1908</date> (Lilly PR5904 .U49). <date normal="1970">1970</date>
                  </p>
               </acqinfo>
            </c02>
            <c02 level="item" id="VAA3048-00013">
               <did>
                  <unittitle>
                     <unitdate normal="1953-08-10">1953 Aug. 10 - </unitdate>
                     <persname>Braine, John, 1922-1986, author.</persname> Ward 2, The
							Hospital, Grassington, nr. Skipton. To Margaret [Crosland]. "I’ll be in
							London for a year or so….In the meantime I’ll finish the novel and, I
							hope, do some broadcasting from the North, and some
							journalism."</unittitle>
                  <physdesc>
                     <extent>Autograph Letter Signed 4p. 18cm.</extent>
                  </physdesc>
               </did>
               <acqinfo>
                  <p>Purchased. <date normal="1970">1970</date>
                  </p>
               </acqinfo>
            </c02>
            <c02 level="item" id="VAA3048-00014">
               <did>
                  <unittitle>
                     <unitdate normal="1953-08-12">1953 Aug. 12 - </unitdate>
                     <persname>Blunden, Edmund Charles, 1896-1974, poet.</persname> To Daniel
							[George Bunting]. Concerning an invitation by Bunting, agreeing with his
							"address to the poets," and enclosing a copy of his book. </unittitle>
                  <physdesc>
                     <extent>Autograph Letter Signed 1p. 20cm.</extent>
                  </physdesc>
                  <note>
                     <list>
                        <item>On <title render="italic">The Times Literary
										Supplement</title> letterhead</item>
                     </list>
                  </note>
               </did>
               <acqinfo>
                  <p>Removed from Blunden, <title render="italic">The Dede of Pittie</title>,
							London: Christ’s Hospital <date normal="1953">[1953]</date> (Lilly
							PR6003 .L8 D29). <date normal="1986">1986</date>
                  </p>
               </acqinfo>
            </c02>
            <c02 level="item" id="VAA3048-00015">
               <did>
                  <unittitle>
                     <unitdate normal="1953-09-25">1953 Sept. 25 - </unitdate>
                     <persname>Dick, Kay, 1915- , novelist, critic.</persname> To Daniel
							George [Bunting]. "I hope you tell every librarian to buy more
							novels!"</unittitle>
                  <physdesc>
                     <extent>Autograph Postcard Signed 9cm. 1p.</extent>
                  </physdesc>
               </did>
               <acqinfo>
                  <p>Removed from Kay Dick, <title render="italic">An Affair of love</title>.
							London: Heinemann, <date normal="1953">1953</date> (Lilly PR6054
							.I29A66). <date normal="1981">1981</date>
                  </p>
               </acqinfo>
            </c02>
            <c02 level="item" id="VAA3048-00016">
               <did>
                  <unittitle>
                     <unitdate normal="1953-11-16">[19]53 Nov. 16 - </unitdate>
                     <persname>Godden, Rumer, 1907- , author.</persname> Pollards, Whiteleaf,
							Princes Risborough, Bucks. To Mr. Wightman. Sends the three books she
							has signed. May look for him at the Edinburgh Festival. </unittitle>
                  <physdesc>
                     <extent>Typed Letter Signed 1p. 20cm.</extent>
                  </physdesc>
               </did>
               <acqinfo>
                  <p>Removed from Godden, <title render="italic">China Court</title>. London,
							Macmillan, <date normal="1961">1961</date> (Lilly PR6013 .O2C55). <date normal="1984">1984</date>
                  </p>
               </acqinfo>
            </c02>
            <c02 level="item" id="VAA3048-00017">
               <did>
                  <unittitle>
                     <unitdate normal="1954-02-11">1954 Feb. 11 - </unitdate>
                     <persname>Maugham, William Somerset, 1874-1965, novelist.</persname>
							Villa Mauresque, St. Jean – Cap Ferrat, A.M. To Mary [Francis] K[emper]
							Ashe [i.e. Ash]. 2703 Scioto Street, Cincinnati 19, Ohio. Extends thanks
							for her best wishes for his eightieth birthday and for the "paper" which
							she sent him. </unittitle>
                  <physdesc>
                     <extent>Typed Letter Signed 1p. 21cm.</extent>
                  </physdesc>
                  <note>
                     <list>
                        <item>Accompanied by envelope addressed to Mrs. Ashe</item>
                        <item>With the letter is an undated carbon copy of Ash’s essay,
									entitled <title render="doublequote">The Razor’s Edge.</title>
									Typed Document Signed 3pp. 28cm.</item>
                     </list>
                  </note>
               </did>
               <acqinfo>
                  <p>Gift. <date normal="1985">1985</date>
                  </p>
               </acqinfo>
            </c02>
            <c02 level="item" id="VAA3048-00018">
               <did>
                  <unittitle>
                     <unitdate normal="1954-04-12">1954 Apr. 12 - </unitdate>
                     <persname>Kirkup, James, 1918- poet.</persname> 139 Adelaide Road,
							London, N.W. 3, [England]. To Philip [Kenneth] Callow. "All I can say
							about your new poems is that I like many of them….In poetry, it is only
							love and life, and poetry itself, that matter."</unittitle>
                  <physdesc>
                     <extent>Autograph Letter Signed 2p. 26cm.</extent>
                  </physdesc>
               </did>
               <acqinfo>
                  <p>Purchased. <date normal="1970">1970</date>
                  </p>
               </acqinfo>
            </c02>
            <c02 level="item" id="VAA3048-00019">
               <did>
                  <unittitle>
                     <unitdate normal="1954-08-12">1954 Aug. 12 - </unitdate>
                     <persname>Brophy, Brigid, 1929- novelist.</persname> 23 Earls Court
							Square, S.W.5. To [John Cecil] Moore. "I am extremely pleased and proud
							about the Cheltenham award, and should like very much to come down on
							the 7th." Includes biographical details.</unittitle>
                  <physdesc>
                     <extent>Autograph Letter Signed 2pp. 25cm.</extent>
                  </physdesc>
               </did>
               <acqinfo>
                  <p>Removed from Brophy, <title render="italic">Hackenfeller’s Ape</title>.
							London, Rupert Hart-Davis, <date normal="1953">1953</date> (Lilly PR6052
							.R853H12). <date normal="1974">1974</date>
                  </p>
               </acqinfo>
            </c02>
            <c02 level="item" id="VAA3048-00020">
               <did>
                  <unittitle>
                     <unitdate normal="1954-10-11">1954 Oct. 11 - </unitdate>
                     <persname>Brophy, Brigid, 1929- novelist.</persname> 23, Earls Court
							Square, S.W.5. To John [Cecil Moore]. "I entirely forgive you for making
							me speak because you took the terror out of it for me first….We did
							enjoy ourselves at Cheltenham…".</unittitle>
                  <physdesc>
                     <extent>Autograph Letter Signed 1p. 25cm.</extent>
                  </physdesc>
               </did>
               <acqinfo>
                  <p>Removed from Brophy, <title render="italic">Hackenfeller’s Ape</title>.
							London, Rupert Hart-Davis, <date normal="1953">1953</date> (Lilly PR6052
							.R853H12). <date normal="1974">1974</date>
                  </p>
               </acqinfo>
            </c02>
            <c02 level="file" id="VAA3048-00021">
               <did>
                  <unittitle>
                     <unitdate normal="1954-11-04">1954 Nov. 4 - </unitdate>
                     <persname>Macaulay, Rose, 1881-1958, author.</persname> 20 Hinde House,
							Hinde Street, W.1. [England]. To Lady Cynthia [Mary Evelyn (Charteris)
							Asquith]. "What a lovely party to say no to!...I haven’t been bidden to
							a conjuror’s party for ages!...".</unittitle>
                  <physdesc>
                     <extent>Autograph Letter Signed 1p. 13cm.</extent>
                  </physdesc>
               </did>
               <acqinfo>
                  <p>Purchased. <date normal="1975">1975</date>
                  </p>
               </acqinfo>
            </c02>
            <c02 level="item" id="VAA3048-00022">
               <did>
                  <unittitle>
                     <unitdate normal="1954-12-09">1954 Dec. 9 - </unitdate>
                     <persname>Coppard, Alfred Edgar, 1878-1957, poet.</persname> Hillside,
							Duton Hill, Dunmow, Essex. To Mr. Downing. Refers to book opened by
							authorities and retied "as the cover seems a little
							ruffled."</unittitle>
                  <physdesc>
                     <extent>Autograph Letter Signed 1p. 18cm.</extent>
                  </physdesc>
               </did>
               <acqinfo>
                  <p>Removed from Coppard, <title render="italic">Lucy in her pink
								jacket</title>. London, Peter Nevill, <date normal="1954">1954</date> (Lilly PR6005 .O55 L94). <date normal="1966">1966</date>
                  </p>
               </acqinfo>
            </c02>
            <c02 level="item" id="VAA3048-00023">
               <did>
                  <unittitle>
                     <unitdate normal="1954-12-28">[1954 Dec. 28] - </unitdate>
                     <persname>Day Lewis, Cecil, 1904-1972, author.</persname> 96 Campden
							Hill Road, W.8. To Laurence Brander esq., c/o British Council, 65 Davis
							2t., W.1. Looks forward to reading the piece by Clifford D.</unittitle>
                  <physdesc>
                     <extent>Autograph Postcard Signed 1p. 8.5cm.</extent>
                  </physdesc>
                  <note>
                     <list>
                        <item>Signed with initials</item>
                        <item>Date derived from postmark</item>
                     </list>
                  </note>
               </did>
               <acqinfo>
                  <p>Removed from Day Lewis, <title render="italic">Poems, Selections</title>.
							London, The Hogarth Press, <date normal="1948">1948</date> (Lilly PR6007
							.A95A17 1949). <date normal="1981">1981</date>
                  </p>
               </acqinfo>
            </c02>
            <c02 level="item" id="VAA3048-00024">
               <did>
                  <unittitle>
                     <unitdate normal="1955-04-10">1955 Apr. 10 - </unitdate>
                     <persname>Tambimuttu, Thurairajah, 1915- poet.</persname> 338 East 87
							St[reet], New York, N[ew] Y[ork]. To Stephen [Spender]. Gives a somewhat
							detailed account of the new magazine which he has founded and comments
							poets and their poetry. "Anne Ridler…calls Poetry London a hotch-potch.
							Nowhere does she make it clear that it was intentional policy on my
							part."</unittitle>
                  <physdesc>
                     <extent>Typed Letter (carbon) 2p. 28cm.</extent>
                  </physdesc>
               </did>
               <acqinfo>
                  <p>Purchased. <date normal="1973">1973</date>
                  </p>
               </acqinfo>
            </c02>
            <c02 level="item" id="VAA3048-00025">
               <did>
                  <unittitle>
                     <unitdate normal="1955-04-11">1955 Apr. 11 - </unitdate>
                     <persname>Spender, Stephen, 1909- .</persname> Gladstone, 114-122 East
							52nd Street at Park Avenue, New York City. To [Thurairajah]
							Tambi[muttu]. "Unfortunately I am just off to Charleston, Washington,
							Boston, Detroit, etc, and…won’t be back in NY until May 1st and then…I
							go back to London."</unittitle>
                  <physdesc>
                     <extent>Autograph Letter Signed 1p. 27cm.</extent>
                  </physdesc>
               </did>
               <acqinfo>
                  <p>Purchased. <date normal="1973">1973</date>
                  </p>
               </acqinfo>
            </c02>
            <c02 level="item" id="VAA3048-00026">
               <did>
                  <unittitle>
                     <unitdate normal="1955-05-01">1955 May 1 - </unitdate>
                     <persname>Tambimuttu, Thurairajah, 1915- poet.</persname> 338 East 87
							Street, [New York, New York]. To Stephen [Spender]. "POETRY LONDON as
							before will continue to encourage the work of young writers who will be
							printed in the company of established poets….the past record of POETRY
							LONDON shows that my printings of new poets does have some meaning." </unittitle>
                  <physdesc>
                     <extent>Typed Letter (carbon) 2p. 28cm.</extent>
                  </physdesc>
               </did>
               <acqinfo>
                  <p>Purchased. <date normal="1973">1973</date>
                  </p>
               </acqinfo>
            </c02>
            <c02 level="item" id="VAA3048-00027">
               <did>
                  <unittitle>
                     <unitdate normal="1955-06-18">1955 June 18 - </unitdate>
                     <persname>Tambimuttu, Thurairajah, 1915- poet.</persname> To Stephen
							[Spender]. "The first number of PL – NY shapes very well….Marianne Moore
							has consented to write some reviews for numbers one and two….The
							founding of a magazine devoted exclusively to the publication of poetry
							is a very difficult task at the present time."</unittitle>
                  <physdesc>
                     <extent>Typed Letter (carbon) 1p. 28cm.</extent>
                  </physdesc>
               </did>
               <acqinfo>
                  <p>Purchased. <date normal="1973">1973</date>
                  </p>
               </acqinfo>
            </c02>
            <c02 level="item" id="VAA3048-00028">
               <did>
                  <unittitle>
                     <unitdate normal="1955-06-30">1955 June 30 - </unitdate>
                     <persname>Spender, Stephen, 1909- , author.</persname> 15 Loudoun Road,
							London, N.W.8, [England]. To [Thurairajah] Tambi[muttu]. "The idea for
							the magazine sounds wonderful and I am delighted and envious of the
							contributors you have. If I am able to complete anything in the next few
							weeks, I shall certainly send it to you, and shall be proud to appear in
							the first number."</unittitle>
                  <physdesc>
                     <extent>Typed Letter Signed 1p. 25cm.</extent>
                  </physdesc>
               </did>
               <acqinfo>
                  <p>Purchased. <date normal="1973">1973</date>
                  </p>
               </acqinfo>
            </c02>
            <c02 level="item" id="VAA3048-00029">
               <did>
                  <unittitle>
                     <unitdate normal="1955-10-25">1955 Oct. 25 - </unitdate>
                     <persname>Gogarty, Oliver St. John, 1878-1957, author.</persname> 45
							East 61st Street, New York, N. Y. To Dermot [Freyer], Corymore, Keel,
							Achill, Co. Mayo, Republic of Ireland. "A while ago, about three weeks,
							I sent you the M.S. of <title render="singlequote">Start from Somewhere
								Else!</title>….The M.S. was fresh from the compositor. If you gather
							together your poems, I think that I can get them published
							here…."</unittitle>
                  <physdesc>
                     <extent>Typed Letter Signed 2p. 28cm.</extent>
                  </physdesc>
                  <note>
                     <list>
                        <item>Accompanied by cover</item>
                     </list>
                  </note>
               </did>
               <acqinfo>
                  <p>Purchased. <date normal="1975">1975</date>
                  </p>
               </acqinfo>
            </c02>
            <c02 level="item" id="VAA3048-00030">
               <did>
                  <unittitle>
                     <unitdate normal="1955">1955 - </unitdate>
                     <persname>Gogarty, Oliver St. John, 1878-1957, author.</persname>
                     <title>Start from somewhere else. An exposition of wit and humor polite
								and perilous.</title>
                  </unittitle>
                  <physdesc>
                     <extent>Autograph Document 142 leaves 28cm.</extent>
                  </physdesc>
                  <note>
                     <list>
                        <item>Publisher’s copy of ms. with holograph notations fro printer.
									Accompanied by 15 leaves of book layout and preliminary matter.
									Published by Doubleday, Garden City, New York, 1955 (Lilly
									PR6013 .O3S78).</item>
                     </list>
                  </note>
               </did>
               <acqinfo>
                  <p>Purchased. <date normal="1975">1975</date>
                  </p>
               </acqinfo>
            </c02>
            <c02 level="item" id="VAA3048-00031">
               <did>
                  <unittitle>
                     <unitdate normal="1956-02-24">1956 Feb. 24 - </unitdate>
                     <persname>Murry, John Middleton, 1889-1957, critic.</persname> Lower
							Lodge, Thelnetham, Diss, Norfolk. To Miss Reece. Writes that he is
							unable to supply a copy of <title render="italic">Between two
								worlds</title>, but offers to supply a new copy of <title render="italic">Community farm</title>.</unittitle>
                  <physdesc>
                     <extent>Autograph Letter Signed 1p. 20.5cm.</extent>
                  </physdesc>
                  <note>
                     <list>
                        <item>Gray stationary watermarked: Granta parchment Tubsized
									Airdried Made in Great Britain</item>
                     </list>
                  </note>
               </did>
               <acqinfo>
                  <p>Removed from John Middleton Murry, <title render="italic">Community
								farm</title>, [London]: P. Nevill, [1952] (Lilly S521 .M98). <date normal="1977">1977</date>
                  </p>
               </acqinfo>
            </c02>
            <c02 level="file" id="VAA3048-00032">
               <did>
                  <unittitle>
                     <unitdate normal="1956-08-03">1956 Aug. 3 - </unitdate>
                     <persname>Hoff, Harry Summerfield, 1910- novelist.</persname> c/o
							Jonathan Cape, 30 Bedford Square, W.C. 1. To "Dear Mr. Ackroyd." "It was
							kind of you to write and tell me you have enjoyed <title render="singlequote">Scenes From Provincial Life.</title> I think
							any writer must be glad to hear that his work has given pleasure to
							someone else.</unittitle>
                  <physdesc>
                     <extent>Autograph Letter Signed 2p. 17cm.</extent>
                  </physdesc>
               </did>
               <acqinfo>
                  <p>Purchased. <date normal="1970">1970</date>
                  </p>
               </acqinfo>
            </c02>
            <c02 level="item" id="VAA3048-00033">
               <did>
                  <unittitle>
                     <unitdate normal="1956-08-22">1956 Aug. 22 - </unitdate>
                     <persname>Mackenzie, Faith (Stone), Lady, 1878-1960, author.</persname>
							13C Sheffield Terrace, Campden Hill, W8 [England]. To Daniel. Comments
							on "a fund for S. Wason’s neglected grave. He died in 1950 I think." </unittitle>
                  <physdesc>
                     <extent>Autograph Letter Signed [2]p. 17.9cm.</extent>
                  </physdesc>
               </did>
               <acqinfo>
                  <p>Purchase. <date normal="1992">1992</date>
                  </p>
               </acqinfo>
            </c02>
            <c02 level="item" id="VAA3048-00034">
               <did>
                  <unittitle>
                     <unitdate normal="1957-01-19">1957 Jan. 19 - </unitdate>
                     <persname>Braine, John, 1922-1986, author.</persname> 228 Doncaster
							Road, Wakefield, [England]. To Vernon [Scannell]. "We last met in a pub
							off Ken High. I remember saying to you then that I liked your poetry
							because it showed growth, and because you were learning the
							essentials."</unittitle>
                  <physdesc>
                     <extent>Autograph Letter Signed 4p. 18cm.</extent>
                  </physdesc>
               </did>
               <acqinfo>
                  <p>Purchased. <date normal="1970">1970</date>
                  </p>
               </acqinfo>
            </c02>
            <c02 level="item" id="VAA3048-00035">
               <did>
                  <unittitle>
                     <unitdate normal="1957-01-23">1957 Feb. 23 - </unitdate>
                     <persname>Braine, John, 1922-1986, author.</persname> 228 Doncaster
							R[oa]d, Wakefield, [England]. To Margaret [(Crosland0] Denis, Steep
							Park, Crow Borough, Sussex, [England]. "I’ve kept reading your books,
							and my wife, whose subject was French, particularly enjoyed your
							biography of Colette."</unittitle>
                  <physdesc>
                     <extent>Autograph Letter Signed 1p. 18cm.</extent>
                  </physdesc>
               </did>
               <acqinfo>
                  <p>Purchased. <date normal="1970">1970</date>
                  </p>
               </acqinfo>
            </c02>
            <c02 level="item" id="VAA3048-00036">
               <did>
                  <unittitle>
                     <unitdate normal="1958-01-21">1958 Jan. 21 - </unitdate> [Letter to]
								<persname>Kay, Dick, 1915- , author.</persname> "…I hope this
							criticism won’t discourage or baffle you. I like your story very much
							indeed, and I am sure that even as it stands your publishers will be
							pleased with it."</unittitle>
                  <physdesc>
                     <extent>Typed (carbon) Letter 25cm. 1p.</extent>
                  </physdesc>
                  <note>
                     <list>
                        <item>Addressed to "Dearest Kathleen"</item>
                        <item>Story referred to is probably Dick’s novel <title render="italic">Solitaire</title>, published by Heinemann in
										<date normal="1958">1958</date>
                        </item>
                        <item>Writer of the letter may be Daniel George Bunting</item>
                     </list>
                  </note>
               </did>
               <acqinfo>
                  <p>Transferred from Book Department, Lilly Library, Indiana University.
								<date normal="1981">1981</date>
                  </p>
               </acqinfo>
            </c02>
            <c02 level="item" id="VAA3048-00037">
               <did>
                  <unittitle>
                     <unitdate normal="1958-07-19">1958 July 19 - </unitdate> [Letter to]
								<persname>Kay, Dick, 1915- , author.</persname> Discusses changes
							made in a set of book proofs. </unittitle>
                  <physdesc>
                     <extent>Typed (carbon) Letter 25cm. 1p.</extent>
                  </physdesc>
                  <note>
                     <list>
                        <item>Has no salutation</item>
                        <item>Probably refers to proofs of Dick’s novel, <title render="italic">Solitaire</title>, published by Heinemann in
										<date normal="1958">1958</date>
                        </item>
                        <item>Writer of the letter may be Daniel George Bunting</item>
                     </list>
                  </note>
               </did>
               <acqinfo>
                  <p>Transferred from Book Department, Lilly Library, Indiana University.
								<date normal="1981">1981</date>
                  </p>
               </acqinfo>
            </c02>
            <c02 level="item" id="VAA3048-00038">
               <did>
                  <unittitle>
                     <unitdate normal="1958-09-30">1958 Sept. 30 - </unitdate>
                     <persname>Hutchinson, Ray Coryton, 1907- novelist.</persname> Dysart,
							Blechingley, Redhill, Surrey, [England]. To [K. C.] Harlow, [Derby,
							Derbyshire]. "As you say, my books do—I think—take more understanding
							than some, and probably that is why they do not get widely
							known."</unittitle>
                  <physdesc>
                     <extent>Autograph Letter Signed 2pp. 18cm.</extent>
                  </physdesc>
               </did>
               <acqinfo>
                  <p>Removed from Hutchinson, <title render="italic">Elephant and
								castle</title>…London…Cassell and Company Limited, <date normal="1949">1949</date> (PR6015 .U76E3). <date normal="1974">1974</date>
                  </p>
               </acqinfo>
            </c02>
            <c02 level="item" id="VAA3048-00039">
               <did>
                  <unittitle>
                     <unitdate normal="1958-10-30">1958 Oct. 30 - </unitdate>
                     <persname>Eliot, Thomas Stearns, 1888-1965, poet.</persname> 24 Russell
							Square, London. To Sherman Conrad. 89, Lexham Gardens, [London].
							Acknowledges receipt of Conrad’s letter sent on the occasion of Eliot’s
							birthday. Remembers Conrad from his lecture course and sends his good
							wishes. </unittitle>
                  <physdesc>
                     <extent>Typed Letter Signed 1p. 25.3cm.</extent>
                  </physdesc>
                  <note>
                     <list>
                        <item>On Faber and Faber letterhead</item>
                        <item>Accompanied by cover</item>
                     </list>
                  </note>
               </did>
               <acqinfo>
                  <p>Gift. <date normal="1987">1987</date>
                  </p>
               </acqinfo>
            </c02>
            <c02 level="item" id="VAA3048-00040">
               <did>
                  <unittitle>
                     <unitdate normal="1960-03-13">[19]60 Mar. 13 - </unitdate>
                     <persname>Fane, Julian Charles, 1927- , author.</persname> 2 Hinde St.,
							W.1. To Rachel and David. "Here is the book at long last. It appears on
							April 4th."</unittitle>
                  <physdesc>
                     <extent>Autograph Letter Signed 1p. 18cm.</extent>
                  </physdesc>
                  <note>
                     <list>
                        <item>Embossed address of Lyegrove, Badminton, crossed out</item>
                     </list>
                  </note>
               </did>
               <acqinfo>
                  <p>Removed from Fane, <title render="italic">A Letter</title>. London: J.
							Murray, <date normal="1960">1960</date> (Lilly PR6056 .A57 L21). <date normal="1977">1977</date>
                  </p>
               </acqinfo>
            </c02>
            <c02 level="item" id="VAA3048-00041">
               <did>
                  <unittitle>
                     <unitdate normal="1960-07">1960 July - </unitdate>
                     <persname>McFee, William, 1881-1966, author.</persname> Bridgewater,
							Conn[ecticut]. To Ingle Barr. "This novel was the first work I completed
							in America in 1913….I wrote this book in twenty eight days….this book is
							dedicated to a child, who is now a famous novelist, the daughter of my
							dear friends Emmy and Herbert Allingham, now gone."</unittitle>
                  <physdesc>
                     <extent>Autograph Note Signed 2pp. 19cm.</extent>
                  </physdesc>
               </did>
               <acqinfo>
                  <p>Inscribed on front free endpaper of McFee, <title render="italic">Aliens</title>, London, Edward Arnold, <date normal="1914">1914</date> (Lilly PR6025 .A21A7). <date normal="1974">1974</date>
                  </p>
               </acqinfo>
            </c02>
            <c02 level="item" id="VAA3048-00042">
               <did>
                  <unittitle>
                     <unitdate normal="1960">[1960] - </unitdate>
                     <persname>Beckett, Samuel, 1906-1989, author.</persname> Notes for the
							producer of <title render="italic">La dernière
							bande</title>.</unittitle>
                  <physdesc>
                     <extent>Autograph Document 5p. 14-27cm.</extent>
                  </physdesc>
                  <note>
                     <list>
                        <item>Additional notes are on the front flyleaf, verso of p. [74],
									recto and verso of back flyleaf and back end paper of this
									copy.</item>
                     </list>
                  </note>
               </did>
               <acqinfo>
                  <p>Removed from Beckett’s <title render="italic">La dernière bande, traduit
								de l’anglais per Pierre Leyris et l’auteur</title>. [Paris], Les
							editions de Minuit, <date normal="1959">[1959]</date> (Lilly PQ2603
							.E367 K814). <date normal="1960">1960</date>
                  </p>
               </acqinfo>
            </c02>
            <c02 level="item" id="VAA3048-00043">
               <did>
                  <container label="Bound" type="box"/>
                  <unittitle>
                     <unitdate normal="1960">1960 - </unitdate>
                     <persname>Moraes, Dom F., 1938- poet.</persname> Poems 1960:
							[drafts].</unittitle>
                  <physdesc>
                     <extent>Autograph Document Signed 136cm. 25cm.</extent>
                  </physdesc>
               </did>
               <acqinfo>
                  <p>Some of these poems appear in Morae’s <title render="italic">Poems</title>…[proof copy] London, Eyre &amp; Spottiswoode, <date normal="1960">[1960]</date> (Lilly PR6025 .O66 P6). <date normal="1962">1962</date>
                  </p>
               </acqinfo>
            </c02>
            <c02 level="item" id="VAA3048-00044">
               <did>
                  <container label="Box" type="box">12</container>
                  <unittitle>
                     <unitdate normal="1961-01-20">1961 Jan. 20 - </unitdate>
                     <persname>Munro, Ian S., 1914- , professor, scriptwriter.</persname>
							Newton Stewart, Wigtownshire, [Scotland]. To [Rodolphe Louis] Mégroz. Is
							writing a biography of James Leslie Mitchell and is interested in
							background of dedication to Mégroz in Mitchell’s <title render="italic">Three go back</title>.</unittitle>
                  <physdesc>
                     <extent>Autograph Letter Signed 1p. 23cm.</extent>
                  </physdesc>
                  <note>
                     <list>
                        <item>For Mégroz’s reply see: Mégroz to Munro, <date normal="1961-02-11">Feb. 11, 1961,</date> English literature
									mss.</item>
                     </list>
                  </note>
               </did>
               <acqinfo>
                  <p>Removed from Mitchell, <title render="italic">The thirteenth
								disciple</title>:… London: Jarrolds, <date normal="1931">[1931]</date> (Lilly PR6025 .I833 T44). <date normal="1991">1991</date>
                  </p>
               </acqinfo>
            </c02>
            <c02 level="item" id="VAA3048-00045">
               <did>
                  <unittitle>
                     <unitdate normal="1961-02-11">1961 Feb. 11 - </unitdate>
                     <persname>Mégroz, Rodolphe Louis, 1891- , journalist.</persname> To [Ian
							S.] Munro. Discusses James Leslie Mitchell and the dedication to Mégroz
							in Mitchell’s <title render="italic">Three go back</title>.</unittitle>
                  <physdesc>
                     <extent>Typed Carbon 1p. 25.5cm.</extent>
                  </physdesc>
                  <note>
                     <list>
                        <item>Refers to Munro’s letter to Mégroz, <date normal="1961-01-20">Jan. 20, 1961,</date> English literature mss.</item>
                     </list>
                  </note>
               </did>
               <acqinfo>
                  <p>Removed from Mitchell, <title render="italic">The thirteenth
								disciple</title>:… London: Jarrolds, <date normal="1931">[1931]</date> (Lilly PR6025 .I833 T44). <date normal="1991">1991</date>
                  </p>
               </acqinfo>
            </c02>
            <c02 level="item" id="VAA3048-00046">
               <did>
                  <unittitle>
                     <unitdate normal="1961-05-31">1961 May 31 - </unitdate>
                     <persname>Meynell, <emph render="italic">Sir</emph> Francis, 1891-1975,
								book designer.</persname> Cobbold’s Mill, Monks Eleigh, Suffolk
							[England]. To Prudence and Eric. Is sending them a copy of a booklet
							"printed for the occasion" of his 70th birthday.</unittitle>
                  <physdesc>
                     <extent>Autograph Letter Signed 1p. 20.4cm.</extent>
                  </physdesc>
               </did>
               <acqinfo>
                  <p>Removed from Meynell, <emph render="italic">Sir</emph> Francis, <title render="italic">Two Poems</title>…London, Nonesuch press, <date normal="1961">1961</date> (Lilly PR6025 .E923 1961). <date normal="1994">1994</date>
                  </p>
               </acqinfo>
            </c02>
            <c02 level="item" id="VAA3048-00047">
               <did>
                  <unittitle>
                     <unitdate normal="1961-10-25">1961 Oct. 25 - </unitdate>
                     <persname>Hutchinson, Ray Coryton, 1907- , novelist.</persname> Dysart,
							Blechingley, Redhill, Surrey, [England]. To [K.C.] Harlow, [Derby,
							Derbyshire]. "I have never—I think—signed copies of a book before they
							left the publisher, except in the case of copies especially for the Book
							Society…".</unittitle>
                  <physdesc>
                     <extent>Autograph Letter Signed 2pp. 18cm.</extent>
                  </physdesc>
               </did>
               <acqinfo>
                  <p>Removed from Hutchinson, <title render="italic">Elephant and
								castle</title>…London…Cassell and Company Limited, <date normal="1949">1949</date> (PR6015 .U76 E3). <date normal="1974">1974</date>
                  </p>
               </acqinfo>
            </c02>
            <c02 level="item" id="VAA3048-00048">
               <did>
                  <unittitle>
                     <unitdate normal="1961-10-30">[19]61 Oct. 30 - </unitdate>
                     <persname>Hutchinson, Ray Coryton, 1907- , novelist.</persname> Dysart,
							Blechingley, Redhill, Surrey, [England]. To [K.C. Harlow], [Derby,
							Derbyshire]. "Thank you again for making the return of this book so
							easy."</unittitle>
                  <physdesc>
                     <extent>Autograph Card Signed 8cm.</extent>
                  </physdesc>
               </did>
               <acqinfo>
                  <p>Removed from Hutchinson, <title render="italic">Elephant and
								castle</title>…London…Cassell and Company Limited, <date normal="1949">1949</date> (PR6015 .U76 E3). <date normal="1974">1974</date>
                  </p>
               </acqinfo>
            </c02>
            <c02 level="item" id="VAA3048-00049">
               <did>
                  <unittitle>
                     <unitdate normal="1963-05-03">1963 May 3 - </unitdate>
                     <persname>Wain, John Barrington, 1925-1994, author.</persname> 15 The
							Keep, Blackheath, London, S.E. 3. To Peter [Russell]. "I expect we shall
							be seeing you about the place, and look forward to seeing the fruits of
							this renewed spurt of energy you seem to have found." </unittitle>
                  <physdesc>
                     <extent>Typed Letter Signed 1p. 25cm.</extent>
                  </physdesc>
               </did>
               <acqinfo>
                  <p>Purchased. <date normal="1970">1970</date>
                  </p>
               </acqinfo>
            </c02>
            <c02 level="item" id="VAA3048-00050">
               <did>
                  <unittitle>
                     <unitdate normal="1963-05-08">1963 May 8 - </unitdate>
                     <persname>Wain, John Barrington, 1925-1994, author.</persname> 15 The
							Keep, Blackheath, London, S.E. 3. To Philip [Kenneth Callow]. "I like
							your poetry very much and it will be splendid to have a whole bookful
							and do let me know what progress you can report with regard to getting
							more novels into print."</unittitle>
                  <physdesc>
                     <extent>Typed Letter Signed 2p. 26cm.</extent>
                  </physdesc>
               </did>
               <acqinfo>
                  <p>Purchased. <date normal="1970">1970</date>
                  </p>
               </acqinfo>
            </c02>
            <c02 level="item" id="VAA3048-00051">
               <did>
                  <unittitle>
                     <unitdate normal="1963-09-18">1963 Sept. 18 - </unitdate>
                     <persname>Kirkup, James, 1918- poet.</persname>
                     <corpname>Orient/West Magazine</corpname>, C.P.O. Box 652, Tokyo, Japan.
							To Philip [Kenneth] Callow. "I was delighted by the successes of your
							novels, all of which I bought and read eagerly…the poems you…sent me,
							they seem to me somehow not complete."</unittitle>
                  <physdesc>
                     <extent>Typed Letter Signed 1p. 28cm.</extent>
                  </physdesc>
               </did>
               <acqinfo>
                  <p>Purchased. <date normal="1970">1970</date>
                  </p>
               </acqinfo>
            </c02>
            <c02 level="item" id="VAA3048-00052">
               <did>
                  <unittitle>
                     <unitdate normal="1964-03-13">1964 Mar. 13 - </unitdate>
                     <persname>Spender, Stephen, 1909- author.</persname> Hotel Algonquin, 59
							West 44th Street, New York 36, N[ew] Y[ork]. To [John] Yarnell. "I am
							quite willing for you to sell the MS to the Lilly Library."</unittitle>
                  <physdesc>
                     <extent>Autograph Letter Signed 2p. 20cm.</extent>
                  </physdesc>
               </did>
               <acqinfo>
                  <p>Gift. <date normal="1968">1968</date>
                  </p>
               </acqinfo>
            </c02>
            <c02 level="item" id="VAA3048-00053">
               <did>
                  <unittitle>
                     <unitdate normal="1964-03-31">1964 Mar. 31 - </unitdate>
                     <persname>Wain, John Barrington, 1925-1994, author.</persname> 17
							Wolvercote Green, Oxford, [England]. To Philip [Kenneth Callow]. "I was
							delighted to get the copy of <title>TURNING POINT</title>, which both
							Eirian and I agree is one of the most interesting collections of poetry
							we have read for a long time."</unittitle>
                  <physdesc>
                     <extent>Typed Letter Signed 1p. 26cm.</extent>
                  </physdesc>
               </did>
               <acqinfo>
                  <p>Purchased. <date normal="1970">1970</date>
                  </p>
               </acqinfo>
            </c02>
            <c02 level="item" id="VAA3048-00054">
               <did>
                  <unittitle>
                     <unitdate normal="1964-04-24">1964 Apr. 24 - </unitdate>
                     <corpname>The Sunday Telegraph</corpname>, Fleet Street, London, E.C.4.
							To John [Frederick] Lehman, Esq., 31 Egarton Crescent, [London], S.W.3.
							Asks him to telephone regarding his review of the book about Richard
							Rumbold.</unittitle>
                  <physdesc>
                     <extent>Typed Letter Signed 1p. 20cm.</extent>
                  </physdesc>
                  <note>
                     <list>
                        <item>Letter signed Tony</item>
                     </list>
                  </note>
               </did>
               <acqinfo>
                  <p>Removed from Rumbold, <title render="italic">A message in
							code</title>…London, Weidenfeld and Nicolson, <date normal="1964">1964</date> (Lilly PR6035 .U5 Z49). <date normal="1977">1977</date>
                  </p>
               </acqinfo>
            </c02>
            <c02 level="item" id="VAA3048-00055">
               <did>
                  <unittitle>
                     <unitdate normal="1964-05-05">1964 May 5 - </unitdate>
                     <persname>Spender, Stephen, 1909- , author.</persname> Motel Park North,
							1931 Lincoln Park West, Chicago 14, Illinois. To [John] Yarnell.
							Concerns poems enclosed in a letter of April 20.</unittitle>
                  <physdesc>
                     <extent>Autograph Letter Signed 1p. 23cm.</extent>
                  </physdesc>
               </did>
               <acqinfo>
                  <p>Gift. <date normal="1968">1968</date>
                  </p>
               </acqinfo>
            </c02>
            <c02 level="item" id="VAA3048-00056">
               <did>
                  <unittitle>
                     <unitdate normal="1964-05-15">[19]64 May 15 - </unitdate>
                     <persname>Bunting, Basil, 1900-1985, poet.</persname> To Violet with
							prewar poems. Copied by L[ouis] Z[ukofsky].</unittitle>
                  <physdesc>
                     <extent>Autograph Document 1 leaf 14cm.</extent>
                  </physdesc>
                  <note>
                     <list>
                        <item>Typed on verso: Compliments of Basil Bunting</item>
                        <item>Published in <title render="italic">Poetry</title>, <date normal="1941-09">Sept. 1941</date>, page 304 (Lilly PS301
									.P6)</item>
                     </list>
                  </note>
               </did>
               <acqinfo>
                  <p>Removed from Bunting, <title render="italic">Poems: 1950</title>.
							Galveston, Texas, The Cleaners’ Press, <date normal="1950">1950</date>
							(Lilly PR6003 .U28 A17 1950). <date normal="1974">1974</date>
                  </p>
               </acqinfo>
            </c02>
            <c02 level="item" id="VAA3048-00057">
               <did>
                  <unittitle>
                     <unitdate normal="1964-05-28">1964 May 28 - </unitdate>
                     <persname>Spender, Stephan, 1909- , author.</persname> Encounter, 25
							Haym[arket] Street, London, S.W.1, [England]. To [Thurairajah]
							Tambi[muttu]. "I’ll try to send someth[in]g about Marianne Moore when I
							get home…"</unittitle>
                  <physdesc>
                     <extent>Autograph Letter Signed 1p. 28cm.</extent>
                  </physdesc>
               </did>
               <acqinfo>
                  <p>Purchased. <date normal="1973">1973</date>
                  </p>
               </acqinfo>
            </c02>
            <c02 level="item" id="VAA3048-00058">
               <did>
                  <unittitle>
                     <unitdate normal="1964-06-05">1964 June 5 - </unitdate>
                     <persname>Eliot, Thomas Stearns, 1888-1965, poet.</persname> 24 Russell
							Square, London. To Sherman Conrad. Kinderhook, New York. Acknowledges
							receipt of Conrad’s letter. Is glad to know that Conrad is still writing
							verses and invites him to visit Eliot at Russell Square.</unittitle>
                  <physdesc>
                     <extent>Typed Letter Signed 1p. 24cm.</extent>
                  </physdesc>
                  <note>
                     <list>
                        <item>On Faber and Faber letterhead</item>
                     </list>
                  </note>
               </did>
               <acqinfo>
                  <p>Gift. <date normal="1987">1987</date>
                  </p>
               </acqinfo>
            </c02>
            <c02 level="item" id="VAA3048-00059">
               <did>
                  <unittitle>
                     <unitdate normal="1964-08-14">1964 Aug. 14 - </unitdate>
                     <persname>Spender, Stephen, 1909- , author.</persname> English
							Dep[artmen]t, <corpname>Northwestern University</corpname>, Evanston,
							Ill[inois]. To [John] Yarnell. "I had received the first typescript
							&amp; threw it away thinking it was someone’s poems. I get sent things
							to read all the time!"</unittitle>
                  <physdesc>
                     <extent>Autograph Letter 1p. 18cm.</extent>
                  </physdesc>
               </did>
               <acqinfo>
                  <p>Gift. <date normal="1968">1968</date>
                  </p>
               </acqinfo>
            </c02>
            <c02 level="item" id="VAA3048-00060">
               <did>
                  <unittitle>
                     <unitdate normal="1964" certainty="approximate">[1964?] - </unitdate>
                     <persname>Plomer, William Charles Franklyn, 1903-1973,
								novelist.</persname> To [John Frederick Lehmann]. Writes of his
							appreciation for Lehmann’s review of Richard Rumbold’s book,
							particularly the last paragraph.</unittitle>
                  <physdesc>
                     <extent>Autograph Card Signed 14cm.</extent>
                  </physdesc>
                  <note>
                     <list>
                        <item>Written in ink on verso of picture postcard</item>
                     </list>
                  </note>
               </did>
               <acqinfo>
                  <p>Removed from Richard Rumbold, <title render="italic">A message in code,
								the diary of Richard Rumbold, 1932-1960</title>…introduced by
							William Plomer. London, Weidenfeld and Nicolson, <date normal="1964">[1964]</date> (Lilly PR6035 .U5 Z49 1964). <date normal="1977">1977</date>
                  </p>
               </acqinfo>
            </c02>
            <c02 level="item" id="VAA3048-00061">
               <did>
                  <unittitle>
                     <unitdate normal="1965-12-20">1965 Dec. 20 - </unitdate>
                     <persname>Clarke, Arthur Charles, 1917- , author.</persname> London,
							England. To Andrew [Waltz] Bluemle. Leaving for Ceylon to finish novel.
							Discusses film version of the book.</unittitle>
                  <physdesc>
                     <extent>Typed Letter Signed 1p. 24.5cm.</extent>
                  </physdesc>
                  <note>
                     <list>
                        <item>Refers to Clarke’s novel and co-written screenplay of <title render="italic">2001: A space odyssey</title>, an expanded
									version of his short story, <title render="doublequote">The
										Sentinel.</title>
                        </item>
                     </list>
                  </note>
               </did>
               <acqinfo>
                  <p>Removed from Clarke’s <title render="italic">Expedition to earth</title>.
							New York: Ballantine, <date normal="1953">1953</date> (Lilly PR6005 .L36
							E96). <date normal="1982">1982</date>
                  </p>
               </acqinfo>
            </c02>
            <c02 level="item" id="VAA3048-00062">
               <did>
                  <unittitle>
                     <unitdate normal="1966-03-08">[1966] Mar. 8 - </unitdate>
                     <persname>Bawden, Nina (Mabey), 1925- , writer.</persname> 30, Hanger
							Hill, Surrey, [England]. To [Braine] John and Pat. "Here is the new
							book. Hope you enjoy it!"</unittitle>
                  <physdesc>
                     <extent>Autograph Letter Signed 1p. 20.2cm.</extent>
                  </physdesc>
               </did>
               <acqinfo>
                  <p>Removed from Bawden, <title render="italic">A little love, a little
								learning</title>. London, Longmans, <date normal="1966">1966</date>
							(Lilly PR6052 .A84 L77). <date normal="1993">1993</date>
                  </p>
               </acqinfo>
            </c02>
            <c02 level="item" id="VAA3048-00063">
               <did>
                  <unittitle>
                     <unitdate normal="1966-05-25">1966 May 25 - </unitdate>
                     <persname>Gibb, Jocelyn Easton, 1907- , director, publishing
								company.</persname> Geoffrey Bles Ltd., 52 Doughty Street, London,
							W.C.1. To Milton [Waldman], William Collins Sons &amp; Co., 14 St. James
							Place, London, S.W.1. Sends him copy of "Jack’s LETTERS," which does not
							"include that letter to me about Jack not wanting to offend
							you."</unittitle>
                  <physdesc>
                     <extent>Typed Letter Signed 1p. 26cm.</extent>
                  </physdesc>
                  <note>
                     <list>
                        <item>Signed "Jock"</item>
                     </list>
                  </note>
               </did>
               <acqinfo>
                  <p>Removed from <title render="italic">Letters of C.S. Lewis</title>, edited
							by W.H. Lewis, London, Geoffrey Bles Ltd. <date normal="1966" certainty="approximate">c.1966</date> (Lilly PR6023 .E936 Z5 1966). <date normal="1976">1976</date>
                  </p>
               </acqinfo>
            </c02>
            <c02 level="item" id="VAA3048-00064">
               <did>
                  <unittitle>
                     <unitdate normal="1966-07-31">1966 July 31 - </unitdate>
                     <persname>Burgess, Anthony, 1917-1993, novelist, critic.</persname>
							Applegarth, Etchingham, East Sussex, [England]. To Philip [Kenneth]
							Callow. "I’ve admired your verse for a long time, thought I’ve neglected
							so many other people’s."</unittitle>
                  <physdesc>
                     <extent>Typed Letter Signed 1p. 25cm.</extent>
                  </physdesc>
               </did>
               <acqinfo>
                  <p>Purchased. <date normal="1970">1970</date>
                  </p>
               </acqinfo>
            </c02>
            <c02 level="item" id="VAA3048-00065">
               <did>
                  <unittitle>
                     <unitdate normal="1966-08-11">1966 Aug. 11 - </unitdate>
                     <persname>Wain, John Barrington, 1925-1994, author.</persname> Llwyn
							Eilian, Rhosgodfan, Caemarron. To Peter W. Burton, Esq., c/o New Arts
							Theatre Unit, 8-9 Gt Newport St[reet], London W.C.1, [England]. "You are
							exactly the kind of person I was hoping to reach—someone connected with
							the live theatre, not studying the plays as ‘classics’ but enjoying
							their direct impact."</unittitle>
                  <physdesc>
                     <extent>Autograph Letter Signed 1p. 25cm.</extent>
                  </physdesc>
                  <note>
                     <list>
                        <item>Accompanied by cover.</item>
                     </list>
                  </note>
               </did>
               <acqinfo>
                  <p>Purchased. <date normal="1970">1970</date>
                  </p>
               </acqinfo>
            </c02>
            <c02 level="item" id="VAA3048-00066">
               <did>
                  <unittitle>
                     <unitdate normal="1966-08-25">1966 Aug. 25 - </unitdate>
                     <persname>Sherry, Norman, fl. 1966, author.</persname> 42 Fawdon Lane,
							Newcastle upon Tyne 3. To Richard Curle, West Coker, Nr. Yeovil,
							Somerset. Relates to <title render="italic">The Sea Years of Joseph
								Conrad</title> by Jerry Allen and Norman Sherry’s book <title render="italic">Conrad’s Eastern World</title>.</unittitle>
                  <physdesc>
                     <extent>Typed Letter Signed 1p. 28cm.</extent>
                  </physdesc>
                  <note>
                     <list>
                        <item>Accompanied by a carbon of Richard Curle’s letter of August
									28, 1966, and Curle’s review of <title render="italic">Conrad’s
										Eastern World</title> by Sherry with holograph corrections
									and insertions. Typed Document Signed 4p. 26cm. Included are
									also newspaper clippings</item>
                     </list>
                  </note>
               </did>
               <acqinfo>
                  <p>Removed from Sherry, <title render="italic">Conrad's Eastern
								World</title>. Cambridge, At the University Press, <date normal="1966">1966</date> (Lilly PR6005 .O4 Z793). <date normal="1973">1973</date>
                  </p>
               </acqinfo>
            </c02>
            <c02 level="item" id="VAA3048-00067">
               <did>
                  <unittitle>
                     <unitdate normal="1967-10-18">1967 Oct. 18 - </unitdate>
                     <persname>Stallworthy, Jon Howie, 1935- , poet.</persname> To Geoffrey
							Hazard, Walnut Cottage, Moorland, Nr. Bridgwater, Somerset, England. "As
							you can see I’ve escaped from London also (to do some research on W.B.
							Yeats)." </unittitle>
                  <physdesc>
                     <extent>Autograph Postcard Signed</extent>
                  </physdesc>
               </did>
               <acqinfo>
                  <p>Removed from Stallworthy’s <title render="italic">Out of bounds</title>.
							London, New York, <date normal="1963">1963</date> (Lilly PR6037 .T8094).
								<date normal="1968">1968</date>
                  </p>
               </acqinfo>
            </c02>
            <c02 level="item" id="VAA3048-00068">
               <did>
                  <unittitle>
                     <unitdate normal="1968-02-19">1968 Feb. 19 - </unitdate>
                     <persname>Hollo, Anselm, 1934- poet, translator.</persname> 21 Dover
							Street, Ryde, Isle of Wight. To Robert Nye. Expresses thanks for "Your
							kind words on LEAFTIMES…" Discusses conflict of form and content in
							poetry and sends new poems "tentatively titled ANY NEWS FROM ALPHA
							CENTAURI."</unittitle>
                  <physdesc>
                     <extent>Typed Letter Signed 1p. 19cm.</extent>
                  </physdesc>
               </did>
               <acqinfo>
                  <p>Removed from Hollo’s <title render="italic">Leaf times</title>. Exeter:
							University of Exeter, <date normal="1967">1967</date> (Lilly PR6015
							.O265 L43). <date normal="1976">1976</date>
                  </p>
               </acqinfo>
            </c02>
            <c02 level="item" id="VAA3048-00069">
               <did>
                  <unittitle>
                     <unitdate normal="1968-10-09">1968 Oct. 6 - </unitdate>
                     <persname>Plomer, William Charles Franklyn, 1903-1973,
								author.</persname> c/o Jonathan Cape Ltd., 30 Bedford Square, WC 1.
							To Peter Burton, Esq. Top Flat, 271 Kings Road, London SW 3, [England].
							"About <title render="italic">Museum Piece</title>s, I think I had
							better say that it is, in the first place, fiction. But I don’t in the
							least deny that it is closely linked with <title render="italic">Curious
								Relationships</title>." </unittitle>
                  <physdesc>
                     <extent>Autograph Letter Signed 2p. 25cm.</extent>
                  </physdesc>
                  <note>
                     <list>
                        <item>Accompanied by cover.</item>
                     </list>
                  </note>
               </did>
               <acqinfo>
                  <p>Purchased. <date normal="1970">1970</date>
                  </p>
               </acqinfo>
            </c02>
            <c02 level="item" id="VAA3048-00070">
               <did>
                  <unittitle>
                     <unitdate normal="1969-08-19">1969 Aug. 19 - </unitdate>
                     <persname>Patmore, Derek, 1908- , author.</persname> 28 Holland Park,
							London N.W., [England]. To Roger Senhouse. 10, High Street, Rye, Sussex.
							Regarding Senhouse’s planned Rye Gallery exhibition and possible sources
							for potential pieces to show. "Edward Wolfe…said he would willingly lend
							6 drawings…"</unittitle>
                  <physdesc>
                     <extent>Autograph Letter Signed 2pp. 18cm.</extent>
                  </physdesc>
                  <note>
                     <list>
                        <item>Envelope included</item>
                     </list>
                  </note>
               </did>
               <acqinfo>
                  <p>Removed from Brigit Patmore, <title render="italic">My friends when
								young: the memoirs of Brigit Patmore</title>. London: Heinemann,
								<date normal="1968">1968</date> (Lilly CT808 .P3 A3). <date normal="1977">1977</date>
                  </p>
               </acqinfo>
            </c02>
            <c02 level="item" id="VAA3048-00071">
               <did>
                  <unittitle>
                     <unitdate normal="1971-01-19">1971 Jan. 19 - </unitdate>
                     <persname>Auden, Wystan Hugh, 1907-1973, poet.</persname> 77 St. Mark’s
							Place, New York City, N[ew] Y[ork], 10003. To Jean [M.] Warfield, School
							of Music, Indiana University, Bloomington, Indiana 47401. "As regards
							libretto writing, I have said all I have to say in the third chapter of
								<title render="italic">Secondary Works</title>, entitled , entitled
								<title render="italic">The Works of Opera</title>…"</unittitle>
                  <physdesc>
                     <extent>Autograph Letter Signed 1p. 28cm.</extent>
                  </physdesc>
                  <note>
                     <list>
                        <item>Accompanied by cover</item>
                     </list>
                  </note>
               </did>
               <acqinfo>
                  <p>Gift. <date normal="1971">1971</date>
                  </p>
               </acqinfo>
            </c02>
            <c02 level="item" id="VAA3048-00072">
               <did>
                  <unittitle>
                     <unitdate normal="1973-01-16">1973 Jan. 16 - </unitdate>
                     <persname>Eliot, Esmé Valerie (Fletcher).</persname> 3 Queen Square,
							London. To Sherman Conrad. Box 473, Kinderhook, New York. Thanks him for
							his letter and manuscript <title render="doublequote">The One
								Story.</title> Enjoyed reading his poems, but Faber and Faber, Ltd.
							will not consider publishing them until they have been published in the
							United States.</unittitle>
                  <physdesc>
                     <extent>Typed Letter Signed 1p. 31.5cm.</extent>
                  </physdesc>
                  <note>
                     <list>
                        <item>On Faber and Faber letterhead</item>
                     </list>
                  </note>
               </did>
               <acqinfo>
                  <p>Gift. <date normal="1987">1987</date>
                  </p>
               </acqinfo>
            </c02>
            <c02 level="item" id="VAA3048-00073">
               <did>
                  <unittitle>
                     <unitdate normal="1973-06-12">1973 June 12 - </unitdate>
                     <persname>Elliott, Janice, 1931- , author.</persname> Yew Tree Cottage,
							Patridge Green, Horsham, Sussex RH13 8EQ. To Rivers. "The children may
							be too old for this, but I hope perhaps you and Christina might still be
							young enough."</unittitle>
                  <physdesc>
                     <extent>Autograph Letter Signed 1p. 21.5cm.</extent>
                  </physdesc>
               </did>
               <acqinfo>
                  <p>Removed from Elliott, <title render="italic">Alexander in the land of
								Mog</title>. Leicester: Brockhampton Press, <date normal="1973">1973</date> (Lilly PR6005 .L48 A64).<date normal="1991">1991</date>
                  </p>
               </acqinfo>
            </c02>
            <c02 level="item" id="VAA3048-00074">
               <did>
                  <unittitle>
                     <unitdate normal="1974-07-06">1974 July 6 - </unitdate>
                     <persname>Enright, Dennis Joseph, 1920- , author.</persname>
                     <title render="doublequote">The Progress of Mythology</title>
							[poem].</unittitle>
                  <physdesc>
                     <extent>Autograph &amp; Typed Documents Signed 7pp. 21-29.5cm.</extent>
                  </physdesc>
                  <note>
                     <list>
                        <head>Six drafts:</head>
                        <item>1) Autograph Document in blue ink, 2pp., 21cm., page 2 on
									verso of letterhead for Encounter;</item>
                        <item>2-4) Typed Documents with holograph corrections in blue ink, 1
									page each draft, 29.5cm., on Encounter letterhead in red;</item>
                        <item>5) Typed Document with holograph corrections in blue ink, 1p.,
									25.2cm. on letterhead of The Hogarth Press, Ltd.;</item>
                        <item>6) Typed Document Signed with holograph correction, 1p.,
									25.3cm., dated <date normal="1974-06-07">6-7-74</date>.</item>
                     </list>
                     <list>
                        <item>Verso draft 4: Concept of Life, Typed Document with holograph
									corrections in blue ink, 1p., 29.5cm., n.d. Review of Eric
									Walter Frederick Tomlin, <title render="italic">Japan</title>,
									Thames, London, <date normal="1973">1973</date>
                        </item>
                        <item>Verso draft 5: There are matters which Mr. D cannot be blamed
									for failing to explain [first line], Typed Document with
									holograph correction, 1p. (page 2), 25.2cm., n.d. Review of
									Douglas Day, <title render="italic">Malcolm Lowry, a
										biography</title>, Oxford University Press, <date normal="1974">1974</date>
                        </item>
                     </list>
                  </note>
               </did>
               <acqinfo>
                  <p>Purchased. <date normal="1985">1985</date>
                  </p>
               </acqinfo>
            </c02>
            <c02 level="item" id="VAA3048-00075">
               <did>
                  <unittitle>
                     <unitdate normal="1976-02-10">[1976 Feb. 10]</unitdate>
                     <persname>Bainbridge, Beryl, 1933- , writer.</persname> 42 Albert
							Street, London, N.W, 1. To Ronald [George] Chapman. "Alas, I haven’t a
							copy either of <title render="italic">A Weekend With
							Claude</title>….Eventually Duckworths are going to bring it out under
							their imprint but not for another year or so."</unittitle>
                  <physdesc>
                     <extent>Typed Letter Signed 1p. 30cm.</extent>
                  </physdesc>
                  <note>
                     <list>
                        <item>With holograph note and postscript</item>
                        <item>Date derived from postmark on accompanying envelope</item>
                        <item>Also refers to her television play <title render="italic">Tiptoe Through the Tulips</title>, written in <date normal="1976">1976</date>
                        </item>
                        <item>
                           <title render="italic">A Weekend with Claude</title> was first
									published by New Authors in <date normal="1967">1967</date> and
									re-published by Duckworth in <date normal="1981">1981</date>
                        </item>
                     </list>
                  </note>
               </did>
               <acqinfo>
                  <p>Transfer. <date normal="1987">1987</date>
                  </p>
               </acqinfo>
            </c02>
            <c02 level="item" id="VAA3048-00076">
               <did>
                  <unittitle>
                     <unitdate normal="1976" certainty="approximate">[1976?]</unitdate>
                     <persname>Redgrove, Peter William, 1932- , poet.</persname>
                     <title render="doublequote">Christmas at Bad Manor.</title>
                  </unittitle>
                  <physdesc>
                     <extent>Autograph Document Signed 1p. 22cm.</extent>
                  </physdesc>
                  <note>
                     <list>
                        <item>Fair copy, in ink, of poem printed on p. [15]</item>
                        <item>On recto of leaf preceding colophon</item>
                     </list>
                  </note>
               </did>
               <acqinfo>
                  <p>In Redgrove, <title render="italic">Ten poems</title>. London: Words
							Press, <date normal="1977">1977</date> (Lilly PR6035 .E3 T28 copy 3).
								<date normal="1985">1985</date>
                  </p>
               </acqinfo>
            </c02>
            <c02 level="item" id="VAA3048-00077">
               <did>
                  <unittitle>
                     <unitdate normal="1979-08-02">1979 Aug. 2 - </unitdate>
                     <persname>Bond, Edward, 1934- , author.</persname> Great Wilbraham,
							Cambridge, England. To [Albert] Wertheim. Gives permission for use of
							his drafts and typescripts of <title render="italic">Saved</title> that
							are in the Lilly Library. "I think once papers go into a public library
							they should be freely available for anyone to use."</unittitle>
                  <physdesc>
                     <extent>Typed Letter Signed 1p. 20.3cm.</extent>
                  </physdesc>
               </did>
               <acqinfo>
                  <p>Gift. <date normal="1999">1999</date>
                  </p>
               </acqinfo>
            </c02>
            <c02 level="item" id="VAA3048-00078">
               <did>
                  <unittitle>
                     <unitdate normal="1980-04-27">1980 Apr. 27 - </unitdate>
                     <persname>Woolf, Cecil, editor.</persname> 1 Mornington Place, London,
							NW1. To Leslie [Cyril Staples]. Extends thanks for letter "about the
							special of <title render="singlequote">Galanty</title>". Asks if he
							would like to have top of his copy stained, and says the publication
							party will be May 31.</unittitle>
                  <physdesc>
                     <extent>Autograph Letter Signed 4pp. 21cm.</extent>
                  </physdesc>
               </did>
               <acqinfo>
                  <p>Removed from Montague Summers, <title render="italic">The Galanty
								Show</title>. London, Cecil Woolf, <date normal="1980">1980</date>
							(Lilly PR6037 .U75 Z49 1980). <date normal="1980">1980</date>
                  </p>
               </acqinfo>
            </c02>
            <c02 level="item" id="VAA3048-00079">
               <did>
                  <unittitle>
                     <unitdate normal="1980-05-12">1980 May 12 - </unitdate>
                     <persname>Sewell, Brocard, 1912- , editor.</persname> Cheltenham,
							[England]. To Leslie [Cyril Staples]. Reports that <title render="italic">The Galanty Show</title> will be published on May 31
							but cannot confirm the date. Says that he omitted "a strange passage"
							from the text.</unittitle>
                  <physdesc>
                     <extent>Autograph Letter Signed 1p. 12cm.</extent>
                  </physdesc>
                  <note>
                     <list>
                        <item>In ink on notecard of Hazelwood Castle</item>
                        <item>Enclosure of photocopy of Staples' <title render="doublequote">Montague Summers</title>", an article from <title render="italic">The Aylesford Review</title>, vol. VI, no. 3
									(Summer/Autumn <date normal="1964">1964</date>), pp.
									123-127</item>
                     </list>
                  </note>
               </did>
               <acqinfo>
                  <p>Removed from Montague Summers, <title render="italic">The Galanty
								Show</title>. London, Cecil Woolf, <date normal="1980">1980</date>
							(Lilly PR6037 .U75 Z49 1980). <date normal="1980">1980</date>
                  </p>
               </acqinfo>
            </c02>
            <c02 level="item" id="VAA3048-00080">
               <did>
                  <unittitle>
                     <unitdate normal="1980-05-28">1980 May 28 - </unitdate>
                     <persname>Woolf, Cecil, editor.</persname> To Leslie [Cyril Staples].
							Apologizes for the [invitation] being so late and offers a lift. Jean
							[Woolf] sends best wishes.</unittitle>
                  <physdesc>
                     <extent>Autograph Letter Signed 1p. 11cm.</extent>
                  </physdesc>
                  <note>
                     <list>
                        <item>Written in ink on verso of invitation to party on May 31
									celebrating the publication of Montague Summer’s <title render="italic">The Galanty Show</title>, edited by Brocard
									Sewell</item>
                     </list>
                  </note>
               </did>
               <acqinfo>
                  <p>Removed from Montague Summers, <title render="italic">The Galanty
								Show</title>. London, Cecil Woolf, <date normal="1980">1980</date>
							(Lilly PR6037 .U75 Z49 1980). <date normal="1980">1980</date>
                  </p>
               </acqinfo>
            </c02>
            <c02 level="item" id="VAA3048-00081">
               <did>
                  <container label="Bound" type="box"/>
                  <unittitle>
                     <unitdate normal="1993">1993 - </unitdate>
                     <persname>Franklin, Colin E., 1923- , publisher, antiquarian
								bookseller.</persname>
                     <title render="italic">Lord Chesterfield: Character and
								characters</title>, by Colin Franklin. Scolar Press, <date normal="1993">1993.</date>
                  </unittitle>
                  <physdesc>
                     <extent>Typed Document 2 vols.</extent>
                  </physdesc>
                  <note>
                     <list>
                        <item>"Final copy" of manuscript for publication</item>
                     </list>
                  </note>
               </did>
               <acqinfo>
                  <p>Gift. <date normal="1993">1993</date>
                  </p>
               </acqinfo>
            </c02>
            <c02 level="item" id="VAA3048-00082">
               <did>
                  <container label="Bound" type="box"/>
                  <unittitle>
                     <unitdate normal="1993">1993 - </unitdate>
                     <persname>Calder, John.</persname>
                     <title render="italic">The Garden of Eros</title>.
						</unittitle>
               </did>
            </c02>
         </c01>
      </dsc>
   </archdesc>
</ead>
