<?xml version="1.0" encoding="utf-8"?>
<!-- Indiana University EAD template draft: 2003-Jan-2, 
    revised 2004-09-15 JLR; 
    revised fall 2006 and spring/summer 2007 JLR w/ EAD Working Group
    added repository code to /ead/archdesc/did/repository/@id, 4/1/09 JLR
-->
<ead xmlns="urn:isbn:1-931666-22-9"
     xmlns:xlink="http://www.w3.org/1999/xlink"
     xmlns:xsi="http://www.w3.org/2001/XMLSchema-instance"
     xsi:schemaLocation="urn:isbn:1-931666-22-9 http://www.loc.gov/ead/ead.xsd">
   <eadheader repositoryencoding="iso15511"
              langencoding="iso639-2b"
              audience="external"
              countryencoding="iso3166-1"
              dateencoding="iso8601"
              scriptencoding="iso15924"
              relatedencoding="dublincore"
              findaidstatus="edited-full-draft">
      <eadid countrycode="US"
             encodinganalog="identifier"
             mainagencycode="InU-Li"
             identifier="InU-Li-VAB9962">InU-Li-VAB9962</eadid>
      <!-- The value of eadid should follow the pattern of archive or library code, and then a 
unique number for the collection, e.g. InU-Li-VAA1234. Put this full identifier both in the identifier attribute and in the value of the eadid element. -->
      <!-- Generate a unique number for the collection at http://www.dlib.indiana.edu/cgi-bin/testtrackedit/filename.pl -->
      <filedesc><!-- This is a description of the electronic finding aid, not the 
original finding aid or the collection --><!-- Make title "The John Doe Papers, 1919-1965" rather than "The 
Papers of John Doe, 1919-1965" to eliminate 
                potential confusion about the meaning of the dates -->
         <titlestmt>
            <titleproper encodinganalog="title">PEN Translation Fund mss., <date normal="2007">2007, </date>
               <date normal="2009/2010">2009-2010</date>
            </titleproper>
         </titlestmt>
         <publicationstmt>
            <publisher encodinganalog="publisher">Indiana University Digital Library
                    Program</publisher>
            <date encodinganalog="date" normal="2010" type="publication">© 2010</date>
         </publicationstmt>
         <notestmt><!-- Change date to date of first publication, change rights statement if other entity claims rights over the finding aid (not the collection)-->
            <note encodinganalog="rights">
               <p>
                  <date normal="2010">© 2010</date> Trustees of Indiana University. All rights
                        reserved.</p>
            </note>
         </notestmt>
      </filedesc>
      <profiledesc>
         <creation> XML finding aid derived from HTML version through cutting and pasting
                    <lb/>
            <date normal="2010" type="source">2010</date>
            <lb/>Finding aid encoded by Matt Carruthers, Library/Archives, Indiana University,
                    <date normal="2010-09-13">September 13, 2010</date>
         </creation>
         <langusage>Description is in <language encodinganalog="language" langcode="eng">English.</language>
         </langusage>
      </profiledesc>
      <!-- revisiondesc is required -->
      <!-- record when the finding aid is completed in first change element, 
with subsequent changes
listed below the first -->
      <revisiondesc>
         <change audience="internal">
            <date normal="2010-09-13"/>
            <item>This is the first version of the encoded finding aid.</item>
         </change>
         <change audience="internal">
            <date normal="2017-11-29">November 29, 2017</date>
            <item>Batch update to change subject links.</item>
         </change>
      </revisiondesc>
   </eadheader>
   <archdesc audience="external"
             level="collection"
             type="inventory"
             relatedencoding="marc21"><!-- The TYPE attribute can be used to categorize the finding aid as an inventory, register, or other format. -->
      <did>
         <head>Summary Information</head>
         <repository id="lilly" encodinganalog="852" label="Repository">
            <corpname source="lcnaf" normal="Lilly Library (Indiana University, Bloomington)">Lilly Library (Indiana University, Bloomington)</corpname>
            <address>
               <addressline>Lilly Library</addressline>
               <addressline>Indiana University</addressline>
               <addressline>1200 E. Seventh St.</addressline>
               <addressline>Bloomington, IN 47405-5500</addressline>
               <addressline>Phone: 812-855-2452</addressline>
               <addressline>Fax: 812-855-3143</addressline>
               <addressline>Email: liblilly@indiana.edu</addressline>
            </address>
         </repository>
         <origination label="Creator"><!-- Or <corpname encodinganalog="110">, <meeting encodinganalog="111">, with source="lcnaf" if appropriate -->
            <persname encodinganalog="100" source="lcnaf">American Center of P.E.N.</persname>
         </origination>
         <!-- per RLG guidelines recommendation, do not nest unitdate element within
unittitle element -->
         <unittitle encodinganalog="245$a" label="Title">PEN Translation Fund mss.</unittitle>
         <unitdate encodinganalog="245$f" normal="2007" type="inclusive">2007, </unitdate>
         <unitdate encodinganalog="245$f" normal="2009/2010" type="inclusive">2009-2010</unitdate>
         <!-- do not include separating punctuation between the unit title and the unit
date.  The stylesheets will supply a comma where appropriate. -->
         <!-- unitdate may be repeated if both bulk and inclusive dates are recorded -->
         <!-- record the type of date - bulk or inclusive - in the type attribute. if date is bulk, change encodinganalog to 245$g -->
         <!-- recommended -->
         <unitid encodinganalog="099" label="Collection No.">LMC 2720</unitid>
         <physdesc encodinganalog="300" label="Extent">
            <extent>360 items</extent>
         </physdesc>
         <!-- if both linear feet and number of items included, repeat extent-->
         <!-- if collection includes signinficant non-english material add code to
langmaterial element -->
         <langmaterial encodinganalog="546" label="Language">Materials are in <language langcode="eng">English.</language>
         </langmaterial>
         <abstract encodinganalog="520" label="Abstract">The PEN Translation Fund mss., 2007,
                2009–2010, consists of sets of applications for PEN Translation Fund grants for the
                years indicated, together with a list of winners for each year.</abstract>
      </did>
      <!-- required even if unrestricted -->
      <accessrestrict encodinganalog="506">
         <head>Access Restrictions</head>
         <p>This collection is open for research.</p>
      </accessrestrict>
      <!-- required; can be short -->
      <bioghist encodinganalog="545">
         <head>Biographical Note</head>
         <p>The PEN Translation Fund was established by PEN America in the summer of 2003 through
                a gift from an anonymous donor in response to <emph render="doublequote">the
                    dismayingly low number of literary translations currently appearing in
                    English.</emph> Its purpose is to promote the publication and reception of
                translated world literature in English.</p>
         <p>Over the seven years of its existence (to 2010), the Fund has given grants to a total
                of 72 translations from 30 languages, including Armenian, Basque, Estonian, Farsi,
                Finland–Swedish, Lithuanian and Mongolian, as well as French, Spanish, German,
                Russian, Chinese, Japanese, and Arabic.</p>
      </bioghist>
      <!-- required for collection level; optional for lower levels -->
      <scopecontent encodinganalog="520">
         <head>Scope and Content Note</head>
         <p>The PEN Translation Fund mss., 2007, 2009–2010, consists of sets of applications for
                PEN Translation Fund grants for the years indicated, together with a list of winners
                for each year. The competition is open to any literary translator, regardless of
                nationality or citizenship, and the original text can be in any language. The
                translation must be in English. The files do not include the judges' reactions or
                comments, which were confidential.</p>
      </scopecontent>
      <!-- recommended; this information would be included for marc amc record -->
      <!-- should include all personal and corporate names, and subject headings -->
      <controlaccess>
         <head>Indexing Terms</head>
         <controlaccess>
            <head>Names</head>
            <list>
               <item>
                  <extref xlink:href="https://iucat.iu.edu/?q=&#34;american+center+of+p.e.n.+manuscripts&#34;&amp;search_field=subject_link">
                     <corpname encodinganalog="610" source="lcnaf">American Center of P.E.N.
                                --Manuscripts.</corpname>
                  </extref>
               </item>
            </list>
         </controlaccess>
         <controlaccess>
            <head>Topics</head>
            <list>
               <item>
                  <extref xlink:href="https://iucat.iu.edu/?q=&#34;translating+and+interpreting+manuscripts&#34;&amp;search_field=subject_link">
                     <subject encodinganalog="650" source="lcsh">Translating and interpreting
                                --Manuscripts.</subject>
                  </extref>
               </item>
               <item>
                  <extref xlink:href="https://iucat.iu.edu/?q=&#34;translating+and+interpreting+awards+united+states&#34;&amp;search_field=subject_link">
                     <subject encodinganalog="650" source="lcsh">Translating and interpreting
                                --Awards --United States.</subject>
                  </extref>
               </item>
               <item>
                  <extref xlink:href="https://iucat.iu.edu/?q=&#34;literary+prizes&#34;&amp;search_field=subject_link">
                     <subject encodinganalog="650" source="lcsh">Literary prizes.</subject>
                  </extref>
               </item>
            </list>
         </controlaccess>
         <!-- <persname encodinganalog="100" source="lcnaf">[remove source attribute if name does not come from an authority file] </persname> -->
         <!-- <corpname encodinganalog="110" source="lcnaf">[remove source attribute if name does not come from an authority file]</corpname> -->
         <!--  <famname encodinganalog="100" source="lcnaf">[remove source attribute if name does not come from an authority file]</famname> -->
         <!--  <subject encodinganalog="650" source="lcsh"> </subject> -->
         <!--  <occupation encodinganalog="656" source="lcsh"> </occupation> -->
         <!--  <geogname encodinganalog="651" source="aacr2"> </geogname> -->
         <!-- <genreform encodinganalog="655" source="lcsh"> </genreform> -->
         <!-- <function encodinganalog="657" source="lcsh"/> -->
         <!-- <title encodinganalog="630"> </title> -->
      </controlaccess>
      <descgrp>
         <head>Administrative Information</head>
         <!-- required -->
         <acqinfo encodinganalog="541">
            <head>Acquisition Information</head>
            <p>Acquired: 2010</p>
         </acqinfo>
         <!-- required even if unrestricted -->
         <userestrict encodinganalog="540">
            <head>Usage Restrictions</head>
            <p>Prior arrangements are not necessary before coming to the Library, however,
                    patrons from out of town are encouraged to communicate with the Library in
                    advance of their visits to ascertain availability of materials.</p>
            <p>Photocopying permitted only with permission of the Curator of Manuscripts, Lilly
                    Library.</p>
         </userestrict>
         <!-- required -->
         <prefercite encodinganalog="524">
            <head>Preferred Citation</head>
            <p>PEN Translation Fund mss., Lilly Library, Indiana University, Bloomington,
                    Indiana.</p>
         </prefercite>
         <!--required by Archives, optional for Lilly -->
         <processinfo encodinganalog="583">
            <head>Processing Information</head>
            <p>Processed by Craig S. Simpson.</p>
            <p>Completed in <date normal="2010">2010</date>
            </p>
         </processinfo>
      </descgrp>
      <dsc type="combined"><!-- unittitle is the only required element within component --><!-- possible values for @level include: class, collection, file, fonds, item,
                otherlevel, recordgrp, series, subfonds, subgrp, subseries -->
         <c01 id="VAB9962-00001" level="series">
            <did><!-- optional -->
               <container label="Box" type="box">1</container>
               <unittitle>Inventory</unittitle>
            </did>
            <c02 id="VAB9962-00002" level="file">
               <did>
                  <unittitle>Application files for <unitdate normal="2007">2007,</unitdate>A-N</unittitle>
               </did>
            </c02>
            <c02 id="VAB9962-00003" level="file">
               <did>
                  <container label="Box" type="box">2</container>
                  <unittitle>Application files for <unitdate normal="2007">2007,</unitdate>M-Z</unittitle>
               </did>
            </c02>
            <c02 id="VAB9962-00004" level="file">
               <did>
                  <container label="Box" type="box">3</container>
                  <unittitle>Application files for <unitdate normal="2009">2009,</unitdate>A-Z</unittitle>
               </did>
            </c02>
            <c02 id="VAB9962-00005" level="file">
               <did>
                  <container label="Box" type="box">4</container>
                  <unittitle>Application files for <unitdate normal="2010">2010,</unitdate>A-Z</unittitle>
               </did>
            </c02>
         </c01>
      </dsc>
   </archdesc>
</ead>
