<?xml version="1.0" encoding="utf-8"?>
<ead xmlns="urn:isbn:1-931666-22-9"
     xmlns:xlink="http://www.w3.org/1999/xlink"
     xmlns:xsi="http://www.w3.org/2001/XMLSchema-instance"
     xsi:schemaLocation="urn:isbn:1-931666-22-9 http://www.loc.gov/ead/ead.xsd">
   <eadheader audience="internal"
              langencoding="iso639-2b"
              scriptencoding="iso15924"
              repositoryencoding="iso15511"
              countryencoding="iso3166-1"
              dateencoding="iso8601"
              findaidstatus="originaldraft">
      <eadid encodinganalog="identifier"
             identifier="InU-Li-VAD6072"
             countrycode="US"
             mainagencycode="InU-Li">InU-Li-VAD6072</eadid>
      <filedesc>
         <titlestmt>
            <titleproper encodinganalog="title">Bennett mss., <date normal="1929/1968" era="ce" calendar="gregorian">1929-1968</date>
            </titleproper>
            <subtitle>Papers of Bennett Whitman and Bennett Book Studios at the Lilly Library,
               Indiana University, Bloomington, Indiana</subtitle>
            <author encodinganalog="creator">Electronic finding aid encoded by Indiana University
               Libraries.</author>
         </titlestmt>
         <publicationstmt>
            <publisher encodinganalog="publisher">Indiana University Digital Library
               Program</publisher>
            <date encodinganalog="date"
                  normal="2017"
                  type="publication"
                  era="ce"
                  calendar="gregorian">© 2017</date>
         </publicationstmt>
         <notestmt>
            <note encodinganalog="rights">
               <p>
                  <date normal="2017">© 2017</date> Trustees of Indiana University. All rights
                  reserved.</p>
            </note>
         </notestmt>
      </filedesc>
      <profiledesc>
         <creation>XML finding aid automatically generated from spreadsheet output of database.
            Finding aid encoded by Indiana University Libraries, <date normal="2017-03-10" era="ce" calendar="gregorian">March 10, 2017</date>
         </creation>
         <langusage>Description is in <language encodinganalog="language" langcode="eng" scriptcode="Latn">English.</language>
         </langusage>
      </profiledesc>
      <revisiondesc>
         <change audience="internal">
            <date normal="2017-03-10" era="ce" calendar="gregorian">March 10, 2017</date>
            <item>Encoded finding aid created.</item>
         </change>
         <change audience="internal">
            <date normal="2017-09-06" era="ce" calendar="gregorian">September 6, 2017</date>
            <item>Edits and rearrangement of content into requisite Lilly EAD structure, including
               addition of abstract, bioghist, scopecontent, controlaccess, relatedmaterial, and c01
               levels of container list. Haley Suby.</item>
         </change>
         <change audience="internal">
            <date normal="2017-11-29">November 29, 2017</date>
            <item>Batch update to change subject links.</item>
         </change>
      </revisiondesc>
   </eadheader>
   <archdesc level="collection"
             audience="external"
             type="inventory"
             relatedencoding="marc">
      <did>
         <head>Summary Information</head>
         <repository encodinganalog="852" label="Repository" id="lilly">
            <corpname source="lcnaf" normal="Lilly Library (Indiana University, Bloomington)">Lilly
               Library (Indiana University, Bloomington)</corpname>
            <address>
               <addressline>Indiana University</addressline>
               <addressline>1200 E. Seventh St.</addressline>
               <addressline>Bloomington, IN 47405-5500</addressline>
               <addressline>Phone: 812-855-2452</addressline>
               <addressline>Fax: 812-855-3143</addressline>
               <addressline>Email: liblilly@indiana.edu</addressline>
            </address>
            <lb/>
            <extref xlink:href="http://www.indiana.edu/~liblilly">http://www.indiana.edu/~liblilly</extref>
         </repository>
         <origination label="Creator">Bennett, Whitman; Bennett Book Studios, Inc. (New York,
            N.Y.)</origination>
         <unittitle encodinganalog="245$a" label="Title">Bennett mss.</unittitle>
         <unitdate normal="1929/1968"
                   type="inclusive"
                   encodinganalog="245$f"
                   era="ce"
                   calendar="gregorian">1929-1968</unitdate>
         <unitid encodinganalog="099"
                 countrycode="US"
                 repositorycode="US-InU-Li"
                 label="Collection No.">LMC 1067</unitid>
         <physdesc encodinganalog="300$a$f" label="Extent">
            <extent>12 items</extent>
         </physdesc>
         <langmaterial label="Language" encodinganalog="546">Materials are in <language langcode="eng">English.</language>
         </langmaterial>
         <abstract encodinganalog="520" label="Abstract">The Bennett mss., 1929-1968, consist of
            ledgers, accounts, and scrapbooks of the Bennett Book Studios of New York City.
            Established in the late 1920s by bookman and binder Whitman Bennett, 1883-1968, the
            business involved the selling of rare books as well as the operation of a fine
            bindery.</abstract>
      </did>
      <accessrestrict encodinganalog="506$a">
         <head>Access Restrictions</head>
         <p>This collection is open for research.</p>
      </accessrestrict>
      <bioghist encodinganalog="545">
         <head>Biographical Note</head>
         <p>Bennett Book Studios of New York City was established in the late 1920s by bookman and
            binder Whitman Bennett, 1883-1968.</p>
      </bioghist>
      <scopecontent encodinganalog="520">
         <head>Scope and Contents Notes</head>
         <p>The two scrapbooks in the collection contain primarily clippings and copies of want
            lists, etc. The first volume, titled Publicity Record, has a few other items as well,
            including copies of Whitman Bennett columns and articles.</p>
      </scopecontent>
      <controlaccess>
         <head>Indexing Terms</head>
         <controlaccess>
            <head>Names</head>
            <list>
               <item>
                  <extref xlink:href="https://iucat.iu.edu/?q=&#34;bennett+whiteman&#34;&amp;search_field=subject_link">
                     <persname encodinganalog="600" source="lcnaf">Bennett, Whitman</persname>
                  </extref>
               </item>
               <item>
                  <extref xlink:href="https://iucat.iu.edu/?q=&#34;bennett+book+studios+inc+new+york+ny&#34;&amp;search_field=subject_link">
                     <corpname encodinganalog="610" source="lcnaf">Bennett Book Studios, Inc. (New
                        York, N.Y.)</corpname>
                  </extref>
               </item>
            </list>
         </controlaccess>
      </controlaccess>
      <descgrp>
         <head>Administrative Information</head>
         <acqinfo encodinganalog="541">
            <head>Acquisition Information</head>
            <p>Gift: <date normal="1990">1990</date>
            </p>
         </acqinfo>
         <userestrict encodinganalog="540">
            <head>Usage Restrictions</head>
            <p>Prior arrangements are not necessary before coming to the Library, however, patrons
               from out of town are encouraged to communicate with the Library in advance of their
               visits to ascertain availability of materials.</p>
            <p>Photocopying permitted only with permission of the curator.</p>
         </userestrict>
         <prefercite encodinganalog="524$a">
            <head>Preferred Citation</head>
            <p>[Item], Bennett mss., Lilly Library, Indiana University, Bloomington, Indiana.</p>
         </prefercite>
      </descgrp>
      <dsc>
         <c01 level="collection">
            <did>
               <unittitle>Bennett mss., 1843-1891</unittitle>
               <physdesc>
                  <extent>12 items</extent>
               </physdesc>
            </did>
         </c01>
      </dsc>
   </archdesc>
</ead>
