<?xml version="1.0" encoding="utf-8"?>
<!-- Indiana University EAD template draft: 2003-Jan-2, 
    revised 2004-09-15 JLR; 
    revised fall 2006 and spring/summer 2007 JLR w/ EAD Working Group
    added repository code to /ead/archdesc/did/repository/@id, 4/1/09 JLR
-->
<ead xmlns="urn:isbn:1-931666-22-9"
     xmlns:xlink="http://www.w3.org/1999/xlink"
     xmlns:xsi="http://www.w3.org/2001/XMLSchema-instance"
     xsi:schemaLocation="urn:isbn:1-931666-22-9 http://www.loc.gov/ead/ead.xsd">
   <eadheader repositoryencoding="iso15511"
              langencoding="iso639-2b"
              audience="external"
              countryencoding="iso3166-1"
              dateencoding="iso8601"
              scriptencoding="iso15924"
              relatedencoding="dublincore"
              findaidstatus="edited-full-draft">
      <eadid countrycode="US"
             encodinganalog="identifier"
             mainagencycode="InU-Li"
             identifier="InU-Li-VAD1745">InU-Li-VAD1745</eadid>
      <!-- The value of eadid should follow the pattern of archive or library code, and then a 
unique number for the collection, e.g. InU-Li-VAA1234. Put this full identifier both in the identifier attribute and in the value of the eadid element. -->
      <!-- Generate a unique number for the collection at http://www.dlib.indiana.edu/cgi-bin/testtrackedit/filename.pl -->
      <filedesc><!-- This is a description of the electronic finding aid, not the 
original finding aid or the collection --><!-- Make title "The John Doe Papers, 1919-1965" rather than "The 
Papers of John Doe, 1919-1965" to eliminate 
                potential confusion about the meaning of the dates -->
         <titlestmt>
            <titleproper encodinganalog="title">Bernofsky mss.,<date normal="1993/2007" type="inclusive">1993-2007</date>
            </titleproper>
         </titlestmt>
         <publicationstmt>
            <publisher encodinganalog="publisher">Indiana University Digital Library
                    Program</publisher>
            <date encodinganalog="date" normal="2014" type="publication">© 2014</date>
         </publicationstmt>
         <notestmt><!-- Change date to date of first publication, change rights statement if other entity claims rights over the finding aid (not the collection)-->
            <note encodinganalog="rights">
               <p>
                  <date normal="2014">© 2014</date> Trustees of Indiana University. All rights
                        reserved.</p>
            </note>
         </notestmt>
      </filedesc>
      <profiledesc>
         <creation>XML finding aid derived from HTML version through cutting and pasting and
                through folder analysis. <date normal="2014" type="source">2014</date>
            <lb/>Finding aid encoded by Tiffany Saulter, Lilly Library, Indiana University,
                    <date normal="2014-02-12">February 12, 2014</date>
         </creation>
         <langusage>Description is in <language encodinganalog="language" langcode="eng">English.</language>
         </langusage>
      </profiledesc>
      <!-- revisiondesc is required -->
      <!-- record when the finding aid is completed in first change element, 
with subsequent changes
listed below the first -->
      <revisiondesc>
         <change audience="internal">
            <date normal="2014-02-12">February 12, 2014</date>
            <item>Encoded finding aid started.</item>
         </change>
         <change audience="internal">
            <date normal="2014-02-12">February 18, 2014</date>
            <item>Encoded finding aid completed.</item>
         </change>
         <change audience="internal">
            <date normal="2017-11-29">November 29, 2017</date>
            <item>Batch update to change subject links.</item>
         </change>
      </revisiondesc>
   </eadheader>
   <archdesc audience="external"
             level="collection"
             type="inventory"
             relatedencoding="marc21"><!-- The TYPE attribute can be used to categorize the finding aid as an inventory, register, or other format. -->
      <did>
         <head>Summary Information</head>
         <repository id="lilly" encodinganalog="852" label="Repository">
            <corpname source="lcnaf" normal="Lilly Library (Indiana University, Bloomington)">Lilly Library (Indiana University, Bloomington)</corpname>
            <address>
               <addressline>Lilly Library</addressline>
               <addressline>Indiana University</addressline>
               <addressline>1200 E. Seventh St.</addressline>
               <addressline>Bloomington, IN 47405-5500</addressline>
               <addressline>Phone: 812-855-2452</addressline>
               <addressline>Fax: 812-855-3143</addressline>
               <addressline>Email: liblilly@indiana.edu</addressline>
            </address>
         </repository>
         <origination label="Creator"><!-- Or <corpname encodinganalog="110">, <meeting encodinganalog="111">, with source="lcnaf" if appropriate -->
            <persname encodinganalog="100" source="lcnaf">Bernofsky, Susan. </persname>
         </origination>
         <!-- per RLG guidelines recommendation, do not nest unitdate element within
unittitle element -->
         <unittitle encodinganalog="245$a" label="Title">Bernofsky mss.</unittitle>
         <unitdate encodinganalog="245$f" normal="1993/2007" type="inclusive">1993-2007</unitdate>
         <!-- do not include separating punctuation between the unit title and the unit
date.  The stylesheets will supply a comma where appropriate. -->
         <!-- unitdate may be repeated if both bulk and inclusive dates are recorded -->
         <!-- record the type of date - bulk or inclusive - in the type attribute. if date is bulk, change encodinganalog to 245$g -->
         <!-- recommended -->
         <unitid encodinganalog="099" label="Collection No.">LMC 2577</unitid>
         <physdesc encodinganalog="300" label="Extent">
            <extent>45 items</extent>
         </physdesc>
         <!-- if both linear feet and number of items included, repeat extent-->
         <!-- if collection includes signinficant non-english material add code to
langmaterial element -->
         <langmaterial encodinganalog="546" label="Language">Materials are in <language langcode="eng">English.</language>
         </langmaterial>
         <abstract encodinganalog="520" label="Abstract"> The Bernofsky mss., circa 1993-2007,
                consist of correspondence, manuscripts and proofs of translator Susan Bernofsky.
            </abstract>
      </did>
      <!-- required even if unrestricted -->
      <accessrestrict encodinganalog="506">
         <head>Access Restrictions</head>
         <p>This collection is open for research.</p>
      </accessrestrict>
      <!-- required; can be short -->
      <bioghist encodinganalog="545">
         <head>Biographical Note</head>
         <p>Bernofsky has an MFA in fiction writing from Washington University in St. Louis and a
                PhD in Comparative Literature from Princeton University. She has translated
                contemporary and classical fiction by Ludwig Harig, Herman Hesse and Robert Walser
                and was the recipient of the 2006 Helen and Kurt Wolff Translator's Prize for
                Outstanding Translation from German into English for her translation of Jenny
                Erpenbeck's <title render="italic">The Old Child and Other Stories.</title>
         </p>
      </bioghist>
      <arrangement encodinganalog="351">
         <head>Arrangement</head>
         <p>Arranged alphabetically by author, followed by computer discs. One folder per title unless otherwise indicated.</p>
      </arrangement>
      <!-- required for collection level; optional for lower levels -->
      <scopecontent encodinganalog="520">
         <head>Scope and Content Note</head>
         <p>The manuscript and proofs for her translation of Jenny Erpenbeck's <title render="italic">The Old child and
                other stories</title> are among the papers. Also present are drafts, proofs, etc. of her
                work <title render="italic">Foreign words: Translator-authors in the age of Goethe.</title>
         </p>
      </scopecontent>
      <!-- recommended; this information would be included for marc amc record -->
      <!-- should include all personal and corporate names, and subject headings -->
      <controlaccess>
         <head>Indexing Terms</head>
         <controlaccess>
            <head>Names</head>
            <list>
               <item>
                  <extref xlink:href="https://iucat.iu.edu/?q=&#34;bernofsky+susan+correspondence&#34;&amp;search_field=subject_link">
                     <persname encodinganalog="600" source="lcnaf">Bernofsky, Susan --Correspondence.</persname>
                  </extref>
               </item>
               <item>
                  <extref xlink:href="https://iucat.iu.edu/?q=&#34;erpenbeck+jenny+1965+geschichte+vom+alten+kind+english&#34;&amp;search_field=subject_link">
                     <persname encodinganalog="700" source="lcnaf">Erpenbeck, Jenny, 1967- Geschichte vom alten kind. English</persname>
                  </extref>
               </item>
               <item>
                  <extref xlink:href="https://iucat.iu.edu/?q=&#34;bernofsky+susan+foreign+words&#34;&amp;search_field=subject_link">
                     <persname encodinganalog="700" source="local">Bernofsky, Susan. Foreign words.</persname>
                  </extref>
               </item>
            </list>
         </controlaccess>
         <controlaccess>
            <head>Topics</head>
            <list>
               <item>
                  <extref xlink:href="https://iucat.iu.edu/?q=&#34;translators+correspondence&#34;&amp;search_field=subject_link">
                     <subject encodinganalog="650" source="lcsh">Translators --Correspondence.</subject>
                  </extref>
               </item>
            </list>
         </controlaccess>
         <!-- <persname encodinganalog="600" source="lcnaf">[remove source attribute if name does not come from an authority file] </persname> -->
         <!-- <corpname encodinganalog="610" source="lcnaf">[remove source attribute if name does not come from an authority file]</corpname> -->
         <!--  <famname encodinganalog="600" source="lcnaf">[remove source attribute if name does not come from an authority file]</famname> -->
         <!--  <subject encodinganalog="650" source="lcsh"> </subject> -->
         <!--  <occupation encodinganalog="656" source="lcsh"> </occupation> -->
         <!--  <geogname encodinganalog="651" source="aacr2"> </geogname> -->
         <!-- <genreform encodinganalog="655" source="lcsh"> </genreform> -->
         <!-- <function encodinganalog="657" source="lcsh"/> -->
         <!-- <title encodinganalog="630"> </title> -->
      </controlaccess>
      <!-- required, if appropriate -->
      <descgrp>
         <head>Administrative Information</head>
         <acqinfo encodinganalog="541">
            <head>Acquisition Information</head>
            <p>Acquired: 2007.</p>
         </acqinfo>
         <!-- required even if unrestricted -->
         <userestrict encodinganalog="540">
            <head>Usage Restrictions</head>
            <p>Prior arrangements are not necessary before coming to the Library, however,
                    patrons from out of town are encouraged to communicate with the Library in
                    advance of their visits to ascertain availability of materials.</p>
            <p>Photocopying permitted only with permission of the Curator of Manuscripts, Lilly
                    Library.</p>
         </userestrict>
         <!-- required -->
         <prefercite encodinganalog="524">
            <head>Preferred Citation</head>
            <p>[Item], Bernofsky mss., Lilly Library, Indiana University, Bloomington, Indiana.</p>
         </prefercite>
         <!--optional -->
         <!--required by Archives, optional for Lilly -->
         <processinfo encodinganalog="583">
            <head>Processing Information</head>
            <p>Processed by Staff.</p>
            <p>Completed in <date normal="2013">2013</date>
            </p>
         </processinfo>
      </descgrp>
      <dsc type="combined">
         <c01 id="VAD1745-00001" level="file">
            <did>
               <unittitle>Bernofsky, Susan. 
                    <title render="italic">Foreign Words: Translator-Authors in the Age of Goethe.</title>
                    Detroit: Wayne State University Press, <unitdate normal="2005">2005.</unitdate> 
                    Final draft with corrections, changes, insertions; copy-edited manuscript; corrected proofs.</unittitle>
               <physdesc>(9 folders)</physdesc>
            </did>
         </c01>
         <c01 id="VAD1745-00002" level="file">
            <did>
               <unittitle>Erpenbeck, Jenny. <title render="italic">The Book of Words.</title> 
                    New York: New Directions, <unitdate normal="2007">2007.</unitdate>Final manuscript with some corrections and deletions.</unittitle>
            </did>
         </c01>
         <c01 id="VAD1745-00003" level="file">
            <did>
               <unittitle>Erpenbeck, Jenny. <title render="italic">The Old Child and Other Stories.</title>
                    New York: New Directions, <unitdate normal="2005">2005.</unitdate> 
                    Correspondence with Erpenbeck; correspondence with New Directions; copy edited manuscript; corrected proofs.</unittitle>
               <physdesc>(6 folders)</physdesc>
            </did>
         </c01>
         <c01 id="VAD1745-00004" level="file">
            <did>
               <unittitle>Frielinghaus, Helmut. Various German texts about 9/11 by Frielinghaus, published in the 
                    <title render="italic">Neue Zuricher Zeitung</title> in <unitdate normal="2001-09">September 2001,</unitdate>and then sent to Bernofsky in <unitdate normal="2006-07">July 2006.</unitdate>
               </unittitle>
            </did>
         </c01>
         <c01 id="VAD1745-00005" level="file">
            <did>
               <unittitle>Harig, Ludwig. <title render="italic">The Trip to Bordeaux.</title>
                    Providence, RI: Burning Deck, <unitdate normal="2003">2003.</unitdate>Correspondence; proofs</unittitle>
               <physdesc>(2 folders)</physdesc>
            </did>
         </c01>
         <c01 id="VAD1745-00006" level="file">
            <did>
               <unittitle>Kermani, Navid.<title render="doublequote">Remember the Day of Celebration, That it be Kept Holy.</title>
                    From <title render="italic">Du sollst.</title> Zurich: Ammann Verlag, <unitdate normal="2005">2005.</unitdate>
               </unittitle>
            </did>
         </c01>
         <c01 id="VAD1745-00007" level="file">
            <did>
               <unittitle>Politycki, Matthias. Lord of the Horns—Chapter 1: 
                    <title render="doublequote">A Pale Fleck in One Eye.</title>
                    Correspondence; three drafts and suggested revisions by author.
                    </unittitle>
               <physdesc>(2 folders)</physdesc>
            </did>
         </c01>
         <c01 id="VAD1745-00008" level="file">
            <did>
               <unittitle>Schleiermacher, Friedrich.
                    <title render="doublequote">Over the various methods of Translation.</title>
                    2 drafts with numerous corrections and changes.</unittitle>
            </did>
         </c01>
         <c01 id="VAD1745-00009" level="file">
            <did>
               <unittitle>Walser, Robert. <title render="italic">The Assistant.</title>
                    New York: New Directions, <unitdate normal="2007">2007.</unitdate>Copy-edited manuscript; page proofs with corrections.</unittitle>
               <physdesc>(5 folders)</physdesc>
            </did>
         </c01>
         <c01 id="VAD1745-00010" level="file">
            <did>
               <unittitle>Various 3.5" diskettes containing backups and drafts of various translations by Bernofsky between 
                    <unitdate normal="1993/1998" type="inclusive">1993 and 1998.</unitdate>
               </unittitle>
            </did>
         </c01>
      </dsc>
   </archdesc>
</ead>
