<?xml version="1.0" encoding="UTF-8"?><ead xmlns="urn:isbn:1-931666-22-9" xmlns:xlink="http://www.w3.org/1999/xlink" xmlns:xsi="http://www.w3.org/2001/XMLSchema-instance" xsi:schemaLocation="urn:isbn:1-931666-22-9 http://www.loc.gov/ead/ead.xsd">
   <eadheader countryencoding="iso3166-1" audience="internal" dateencoding="iso8601" scriptencoding="iso15924" findaidstatus="originaldraft" langencoding="iso639-2b" repositoryencoding="iso15511">
      <eadid identifier="InU-Li-VAD6092" encodinganalog="identifier" mainagencycode="InU-Li" countrycode="US">InU-Li-VAD6092</eadid>
      <filedesc>
         <titlestmt>
            <titleproper encodinganalog="title">Blackwood mss., <date calendar="gregorian" normal="1852/1887" era="ce">1852-1887</date>
            </titleproper>
            <subtitle>Papers of Various at the Lilly Library, Indiana University, Bloomington,
               Indiana</subtitle>
            <author encodinganalog="creator">Electronic finding aid encoded by Indiana University
               Libraries.</author>
         </titlestmt>
         <publicationstmt>
            <publisher encodinganalog="publisher">Indiana University Digital Library
               Program</publisher>
            <date calendar="gregorian" normal="2017" encodinganalog="date" era="ce" type="publication">© 2017</date>
         </publicationstmt>
         <notestmt>
            <note encodinganalog="rights">
               <p>
                  <date normal="2017">© 2017</date> Trustees of Indiana University. All rights
                  reserved.</p>
            </note>
         </notestmt>
      </filedesc>
      <profiledesc>
         <creation>XML finding aid automatically generated from spreadsheet output of database.
            Finding aid encoded by Indiana University Libraries, <date calendar="gregorian" normal="2017-03-10" era="ce">March 10, 2017</date>
         </creation>
         <langusage>Description is in <language langcode="eng" scriptcode="Latn" encodinganalog="language">English.</language>
         </langusage>
      </profiledesc>
      <revisiondesc>
         <change audience="internal">
            <date calendar="gregorian" normal="2017-03-10" era="ce">March 10, 2017</date>
            <item>Encoded finding aid created.</item>
         </change>
         <change audience="internal">
            <date calendar="gregorian" normal="2017-09-06" era="ce">September 6, 2017</date>
            <item>Edits and rearrangement of content into requisite Lilly EAD structure, including
               addition of abstract, bioghist, scopecontent, controlaccess, relatedmaterial, and c01
               levels of container list. Haley Suby.</item>
         </change>
         <change audience="internal">
            <date normal="2018-04-27">April 27, 2018</date>
            <item>Batch update to change subject links.</item>
         </change>
      </revisiondesc>
   </eadheader>
   <archdesc audience="external" level="collection" type="inventory" relatedencoding="marc">
      <did>
         <head>Summary Information</head>
         <repository encodinganalog="852" label="Repository" id="lilly">
            <corpname normal="Lilly Library (Indiana University, Bloomington)" source="lcnaf">Lilly
               Library (Indiana University, Bloomington)</corpname>
            <address>
               <addressline>Indiana University</addressline>
               <addressline>1200 E. Seventh St.</addressline>
               <addressline>Bloomington, IN 47405-5500</addressline>
               <addressline>Phone: 812-855-2452</addressline>
               <addressline>Fax: 812-855-3143</addressline>
               <addressline>Email: liblilly@indiana.edu</addressline>
            </address>
            <lb/>
            <extref xlink:href="http://www.indiana.edu/~liblilly">http://www.indiana.edu/~liblilly</extref>
         </repository>
         <origination label="Creator">Various</origination>
         <unittitle encodinganalog="245$a" label="Title">Blackwood mss.</unittitle>
         <unitdate calendar="gregorian" normal="1852/1887" encodinganalog="245$f" era="ce" type="inclusive">1852-1887</unitdate>
         <unitid encodinganalog="099" repositorycode="US-InU-Li" countrycode="US" label="Collection No.">LMC 1092</unitid>
         <physdesc encodinganalog="300$a$f" label="Extent">
            <extent>1 folder (11 items)</extent>
         </physdesc>
         <langmaterial encodinganalog="546" label="Language">Materials are in <language langcode="eng">English.</language>
         </langmaterial>
         <abstract encodinganalog="520" label="Abstract">The Blackwood mss., 1852-1887, consist of
            letters to Sir Stevenson Arthur Blackwood, 1832-1893, postal official and reformer, and
            to his mother, Mrs. Arthur Johnstone Blackwood.</abstract>
      </did>
      <accessrestrict encodinganalog="506$a">
         <head>Access Restrictions</head>
         <p>This collection is open for research.</p>
      </accessrestrict>
      <bioghist encodinganalog="545">
         <head>Biographical Note</head>
         <p>Sir Stevenson Arthur Blackwood, 1832-1893, was a postal officer and reformer.</p>
      </bioghist>
      <scopecontent encodinganalog="520">
         <head>Scope and Contents Note</head>
         <p>The Blackwood mss., 1852-1887, consist of letters to Sir Stevenson Arthur Blackwood,
            1832-1893, postal official and reformer, and to his mother, Mrs. Arthur Johnstone
            Blackwood. The letters concern postal appointments and business or social
            engagements.</p>
         <p>Among the correspondents are: Henry du Pre Labouchere, Lord John James Robert Manners,
            Henry Stafford Northcote, Lord John Russell, John Charles Ryle, Robert Arthur Talbot
            Gascoyne Cecil, 3rd Marquis of Salisbury, Sir James Stansfeld, Sir Charles Warren, Lord
            Frederic Glyn Wolverton.</p>
      </scopecontent>
      <controlaccess>
         <head>Indexing Terms</head>
         <controlaccess>
            <head>Names</head>
            <list>
               <item>
                  <extref xlink:href="https://iucat.iu.edu/?q=&#34;Blackwood+Arthur+Sir+1823+1893&#34;&amp;search_field=subject_link">
                     <persname encodinganalog="600" source="lcnaf">Blackwood, Arthur, Sir,
                        1832-1893</persname>
                  </extref>
               </item>
               <item>
                  <extref xlink:href="https://iucat.iu.edu/?q=&#34;Blackwood+Arthur+Johnstone+Mrs&#34;&amp;search_field=subject_link">
                     <persname encodinganalog="600">Blackwood, Arthur Johnstone, Mrs.</persname>
                  </extref>
               </item>
               <item>
                  <extref xlink:href="https://iucat.iu.edu/?q=&#34;Pre+Labouchere+Henry+Du&#34;&amp;search_field=subject_link">
                     <persname encodinganalog="600">Pre Labouchere, Henry du </persname>
                  </extref>
               </item>
               <item>
                  <extref xlink:href="https://iucat.iu.edu/?q=&#34;Manners+John+James+Robert+Lord&#34;&amp;search_field=subject_link">
                     <persname encodinganalog="600">Manners, John James Robert, Lord</persname>
                  </extref>
               </item>
               <item>
                  <extref xlink:href="https://iucat.iu.edu/?q=&#34;Stafford+Henry+Northcote+Earl+1818+1887&#34;&amp;search_field=subject_link">
                     <persname encodinganalog="600" source="lcnaf">Stafford Henry Northcote, Earl
                        of, 1818-1887</persname>
                  </extref>
               </item>
               <item>
                  <extref xlink:href="https://iucat.iu.edu/?q=&#34;Russell+J+John+Lord+1792+1878&#34;&amp;search_field=subject_link">
                     <persname encodinganalog="600" source="lcnaf">Russell, J. (John), Lord,
                        1792-1878</persname>
                  </extref>
               </item>
               <item>
                  <extref xlink:href="https://iucat.iu.edu/?q=&#34;Ryle+J+C+John+Charles+1816+1900&#34;&amp;search_field=subject_link">
                     <persname encodinganalog="600" source="lcnaf">Ryle, J. C. (John Charles),
                        1816-1900</persname>
                  </extref>
               </item>
               <item>
                  <extref xlink:href="https://iucat.iu.edu/?q=&#34;Salisbury+Robert+Cecil+Marquess+1830+1903&#34;&amp;search_field=subject_link">
                     <persname encodinganalog="600" source="lcnaf">Salisbury, Robert Cecil, Marquess
                        of, 1830-1903</persname>
                  </extref>
               </item>
               <item>
                  <extref xlink:href="https://iucat.iu.edu/?q=&#34;Stansfeld+James+1820+1898&#34;&amp;search_field=subject_link">
                     <persname encodinganalog="600" source="lcnaf">Stansfeld, James,
                        1820-1898</persname>
                  </extref>
               </item>
               <item>
                  <extref xlink:href="https://iucat.iu.edu/?q=&#34;Warren+Charles+Sir+1840+1927&#34;&amp;search_field=subject_link">
                     <persname encodinganalog="600" source="lcnaf">Warren, Charles, Sir, 1840-1927
                     </persname>
                  </extref>
               </item>
               <item>
                  <extref xlink:href="https://iucat.iu.edu/?q=&#34;Wolverton+Frederic+Glyn+Lord&#34;&amp;search_field=subject_link">
                     <persname encodinganalog="600">Wolverton, Frederic Glyn, Lord </persname>
                  </extref>
               </item>
            </list>
         </controlaccess>
      </controlaccess>
      <descgrp>
         <head>Administrative Information</head>
         <acqinfo encodinganalog="541">
            <head>Acquisition Information</head>
            <p>Purchase: <date normal="1966">1966</date>
            </p>
         </acqinfo>
         <userestrict encodinganalog="540">
            <head>Usage Restrictions</head>
            <p>Prior arrangements are not necessary before coming to the Library, however, patrons
               from out of town are encouraged to communicate with the Library in advance of their
               visits to ascertain availability of materials.</p>
            <p>Photocopying permitted only with permission of the curator.</p>
         </userestrict>
         <prefercite encodinganalog="524$a">
            <head>Preferred Citation</head>
            <p>[Item], Blackwood mss., Lilly Library, Indiana University, Bloomington, Indiana.</p>
         </prefercite>
      </descgrp>
      <dsc>
         <c01 level="collection" id="VAD6092-00001">
            <did>
               <unittitle>Blackwood mss., 1852-1887</unittitle>
               <physdesc>
                  <extent>11 items</extent>
                  <extent>(1 folder)</extent>
               </physdesc>
            </did>
         </c01>
      </dsc>
   </archdesc>
</ead>