<?xml version="1.0" encoding="utf-8"?>
<!-- Indiana University EAD template draft: 2003-Jan-2, 
    revised 2004-09-15 JLR; 
    revised fall 2006 and spring/summer 2007 JLR w/ EAD Working Group
    added repository code to /ead/archdesc/did/repository/@id, 4/1/09 JLR
-->
<ead xmlns="urn:isbn:1-931666-22-9"
     xmlns:xlink="http://www.w3.org/1999/xlink"
     xmlns:xsi="http://www.w3.org/2001/XMLSchema-instance"
     xsi:schemaLocation="urn:isbn:1-931666-22-9 http://www.loc.gov/ead/ead.xsd">
   <eadheader repositoryencoding="iso15511"
              langencoding="iso639-2b"
              audience="external"
              countryencoding="iso3166-1"
              dateencoding="iso8601"
              scriptencoding="iso15924"
              relatedencoding="dublincore"
              findaidstatus="edited-full-draft">
      <eadid countrycode="US"
             encodinganalog="identifier"
             mainagencycode="InU-Li"
             identifier="InU-Li-VAD4778">InU-Li-VAD4778</eadid>
      <!-- The value of eadid should follow the pattern of archive or library code, and then a unique number for the collection, e.g. InU-Li-VAA1234. Put this full identifier both in the identifier attribute and in the value of the eadid element. -->
      <!-- Generate a unique number for the collection at http://www.dlib.indiana.edu/cgi-bin/testtrackedit/filename.pl -->
      <filedesc><!-- This is a description of the electronic finding aid, not the original finding aid or the collection --><!-- Make title "The John Doe Papers, 1919-1965" rather than "The Papers of John Doe, 1919-1965" to eliminate 
                potential confusion about the meaning of the dates -->
         <titlestmt>
            <titleproper encodinganalog="title">Latin American mss. --Guatemala,
                    <date normal="1578/1823" type="inclusive">1578-1823</date>
            </titleproper>
         </titlestmt>
         <publicationstmt>
            <publisher encodinganalog="publisher">Indiana University Digital Library Program</publisher>
            <date encodinganalog="date" normal="2015" type="publication">© 2015</date>
         </publicationstmt>
         <notestmt><!-- Change date to date of first publication, change rights statement if other entity claims rights over the finding aid (not the collection)-->
            <note encodinganalog="rights">
               <p>
                  <date normal="2015">© 2015</date> Trustees of Indiana University. All rights reserved.</p>
            </note>
         </notestmt>
      </filedesc>
      <profiledesc>
         <creation>XML finding aid derived from HTML version through cutting and pasting and
                through folder analysis. <date normal="2015" type="source">2015</date>
            <lb/>Finding aid encoded by Erin Clarke, Lilly Library, Indiana University,
                    <date normal="2015-09-15">September 15, 2015</date>
         </creation>
         <langusage>Description is in <language encodinganalog="language" langcode="eng">English.</language>
         </langusage>
      </profiledesc>
      <!-- revisiondesc is required -->
      <!-- record when the finding aid is completed in first change element, with subsequent changes listed below the first -->
      <revisiondesc>
         <change audience="internal">
            <date normal="2015-09-15">September 15, 2015</date>
            <item>Encoded finding aid started.</item>
         </change>
         <change audience="internal">
            <date normal="2017-11-29">November 29, 2017</date>
            <item>Batch update to change subject links.</item>
         </change>
      </revisiondesc>
   </eadheader>
   <archdesc audience="external"
             level="collection"
             type="inventory"
             relatedencoding="marc21"><!-- The TYPE attribute can be used to categorize the finding aid as an inventory, register, or other format. -->
      <did>
         <head>Summary Information</head>
         <repository id="lilly" encodinganalog="852" label="Repository">
            <corpname source="lcnaf" normal="Lilly Library (Indiana University, Bloomington)">Lilly Library (Indiana University, Bloomington)</corpname>
            <address>
               <addressline>Lilly Library</addressline>
               <addressline>Indiana University</addressline>
               <addressline>1200 E. Seventh St.</addressline>
               <addressline>Bloomington, IN 47405-5500</addressline>
               <addressline>Phone: 812-855-2452</addressline>
               <addressline>Fax: 812-855-3143</addressline>
               <addressline>Email: liblilly@indiana.edu</addressline>
            </address>
         </repository>
         <!-- per RLG guidelines recommendation, do not nest unitdate element within unittitle element -->
         <unittitle encodinganalog="245$a" label="Title">Latin American mss. --Guatemala,</unittitle>
         <unitdate encodinganalog="245$f" normal="1578/1823" type="inclusive">1578-1823</unitdate>
         <!-- do not include separating punctuation between the unit title and the unit date.  The stylesheets will supply a comma where appropriate. -->
         <!-- unitdate may be repeated if both bulk and inclusive dates are recorded -->
         <!-- record the type of date - bulk or inclusive - in the type attribute. if date is bulk, change encodinganalog to 245$g -->
         <!-- recommended -->
         <unitid encodinganalog="099" label="Collection No.">LMC 1619</unitid>
         <physdesc encodinganalog="300" label="Extent">
            <extent>95 items</extent>
         </physdesc>
         <!-- if both linear feet and number of items included, repeat extent-->
         <!-- if collection includes signinficant non-english material add code to langmaterial element -->
         <langmaterial encodinganalog="546" label="Language">Materials are in 
                <language langcode="eng">English.</language>
         </langmaterial>
         <abstract encodinganalog="520" label="Abstract">
                The Latin American mss. --Guatemala, 1578-1823, consists of individual items acquired separately either as a gift, purchase, transfer, or 
                removal from a variety of sources, relating to Guatemala. Additions continue to be made.
            </abstract>
      </did>
      <!-- required even if unrestricted -->
      <accessrestrict encodinganalog="506">
         <head>Access Restrictions</head>
         <p>This collection is open for research.</p>
      </accessrestrict>
      <!-- required for collection level; optional for lower levels -->
      <scopecontent encodinganalog="520">
         <head>Scope and Content Note</head>
         <p>The Latin American mss. Guatemala, 1578-1823, contain several items of interest and value. Although the largest number of manuscripts are from the 
                nineteenth century, many important documents date from the early colonial period. Central American Indians are the topic of a report to Felipe V, 
                king of Spain. Related to this are Francisco Maldonado's Explicatio Fidei Cakchiquel, an apparently unpublished work written in the Cakchikel language 
                in 1615, and the Vocabulario en lengua castellana, y guatemalteca, que se llama: cak chiquel chi, written about 1578, also apparently not published. 
                Other items include a piece dated September, 1718, concerning the 1717 earth- quake in Guatemala; Francisco Javier Paz' Oracion funebre ... in honor 
                of King Luis I, whose published version is mentioned by Medina; two items concerning the Bethlehemite religious order; and a non-dated map showing the 
                topographic plan of the old city of Guatemala.</p>
         <p>The most valuable items in this collection are the sixteenth century music manuscripts. Since these are in such fragile condition, microfilm and xerox 
                copies have been made of them. For a description of these music manuscripts, see the cards which follow.</p>
         <p>The independence and early national periods of Guatemala's history are represented by numerous documents concerning defenses and both the Spanish and 
                patriot armies.</p>
         <p>The correspondents in this collection are Gabriel de Artigas; Antonio Cano Manuel Ramirez de Arellano; Silvestre Collar; Gabino Gainza; Jose de Galvez, 
                marques de Sonora; Ciriaco Gonzalez Carvajal; Ignacio de la Pezuela; and Carlos Urrutia y Montoya.</p>
      </scopecontent>
      <!-- recommended; this information would be included for marc amc record -->
      <!-- should include all personal and corporate names, and subject headings -->
      <controlaccess>
         <head>Indexing Terms</head>
         <controlaccess>
            <head>Topics</head>
            <list>
               <item>
                  <extref xlink:href="http://iucat.iu.edu/catalog?q=%22Music--Guatemala--16th+century%22&amp;search_field=subject_link">
                     <subject encodinganalog="650" source="lsch">Music--Guatemala--16th century.</subject>
                  </extref>
               </item>
               <item>
                  <extref xlink:href="http://iucat.iu.edu/catalog?q=%22Music--Guatemala--16th+century--Manuscripts%22&amp;search_field=subject_link">
                     <subject encodinganalog="650" source="lsch">Music--Guatemala--16th century--Manuscripts.</subject>
                  </extref>
               </item>
            </list>
         </controlaccess>
         <controlaccess>
            <head>Places</head>
            <list>
               <item>
                  <extref xlink:href="http://iucat.iu.edu/catalog?q=%22Guatemala--History%22&amp;search_field=subject_link">
                     <geogname encodinganalog="651" source="aacr2">Guatemala--History.</geogname>
                  </extref>
               </item>
               <item>
                  <extref xlink:href="http://iucat.iu.edu/catalog?q=%22Guatemala--History--19th+century%22&amp;search_field=subject_link">
                     <geogname encodinganalog="651" source="aacr2">Guatemala--History--19th century.</geogname>
                  </extref>
               </item>
            </list>
         </controlaccess>
         <!-- <persname encodinganalog="600" source="lcnaf">[remove source attribute if name does not come from an authority file] </persname> -->
         <!-- <corpname encodinganalog="610" source="lcnaf">[remove source attribute if name does not come from an authority file]</corpname> -->
         <!--  <famname encodinganalog="600" source="lcnaf">[remove source attribute if name does not come from an authority file]</famname> -->
         <!--  <subject encodinganalog="650" source="lcsh"> </subject> -->
         <!--  <occupation encodinganalog="656" source="lcsh"> </occupation> -->
         <!--  <geogname encodinganalog="651" source="aacr2"> </geogname> -->
         <!-- <genreform encodinganalog="655" source="lcsh"> </genreform> -->
         <!-- <function encodinganalog="657" source="lcsh"/> -->
         <!-- <title encodinganalog="630"> </title> -->
      </controlaccess>
      <descgrp>
         <head>Administrative Information</head>
         <!-- required -->
         <acqinfo encodinganalog="541">
            <head>Acquisition Information</head>
            <p>Acquired</p>
         </acqinfo>
         <!-- required even if unrestricted -->
         <userestrict encodinganalog="540">
            <head>Usage Restrictions</head>
            <p>Prior arrangements are not necessary before coming to the Library, however,
                    patrons from out of town are encouraged to communicate with the Library in
                    advance of their visits to ascertain availability of materials.</p>
            <p>Photocopying permitted only with permission of the Curator of Manuscripts, Lilly
                    Library.</p>
         </userestrict>
         <!-- required -->
         <prefercite encodinganalog="524">
            <head>Preferred Citation</head>
            <p>[Item], Latin American mss. Guatemala, Lilly Library, Indiana University, Bloomington, Indiana.</p>
         </prefercite>
      </descgrp>
      <dsc type="combined"><!-- unittitle is the only required element within component --><!-- possible values for @level include: class, collection, file, fonds, item,
                otherlevel, recordgrp, series, subfonds, subgrp, subseries -->
         <c01 id="VAD4778-00001" level="series">
            <did>
               <container label="Box" type="box">1</container>
               <unittitle>I. Guatemala,
                        <unitdate normal="1677/1823" type="inclusive">1677-1823</unitdate>
               </unittitle>
            </did>
            <c02 id="VAD4778-00002" level="file">
               <did>
                  <unittitle>
                     <unitdate normal="1822-06-03/1823-12-04" type="inclusive">1822, June 3-1823, Dec. 4.</unitdate>
                            Expediente concerning benefits to Guatemalan soldiers...
                        </unittitle>
               </did>
            </c02>
            <c02 id="VAD4778-00003" level="file">
               <did>
                  <unittitle>
                     <unitdate normal="1820/1900" type="inclusive">1820-1900.</unitdate>
                  </unittitle>
               </did>
            </c02>
            <c02 id="VAD4778-00004" level="file">
               <did>
                  <unittitle>
                     <unitdate normal="1819">1819.</unitdate>
                  </unittitle>
               </did>
            </c02>
            <c02 id="VAD4778-00005" level="file">
               <did>
                  <unittitle>
                     <unitdate normal="1801/1818" type="inclusive">1801-1818.</unitdate>
                  </unittitle>
               </did>
            </c02>
            <c02 id="VAD4778-00006" level="file">
               <did>
                  <unittitle>
                     <unitdate normal="1796-04-22/1708-07-18" type="inclusive">1796, Apr. 22-1708, July 28.</unitdate>
                            Domás y Valle, José, et al. Documents concerning salary due to Pedro Gonzales...
                        </unittitle>
               </did>
            </c02>
            <c02 id="VAD4778-00007" level="file">
               <did>
                  <unittitle>
                     <unitdate normal="1714/1800" type="inclusive">1714-1800.</unitdate>
                  </unittitle>
               </did>
            </c02>
         </c01>
         <c01 id="VAD4778-00008" level="series">
            <did>
               <container label="Box" type="box">1</container>
               <unittitle>II. Music Theses</unittitle>
            </did>
            <c02 id="VAD4778-00009" level="file">
               <did>
                  <unittitle>
                     <unitdate normal="1980">1980.</unitdate>
                            Guatemalan music. Baird, Sheila Raney. No. 7, Study. Pages 1-50.
                        </unittitle>
               </did>
            </c02>
            <c02 id="VAD4778-00010" level="file">
               <did>
                  <unittitle>
                     <unitdate normal="1980">1980.</unitdate>
                            Guatemalan music. Baird, Sheila Raney. No. 7, Study. Pages 51-144.
                        </unittitle>
               </did>
            </c02>
            <c02 id="VAD4778-00011" level="file">
               <did>
                  <unittitle>
                     <unitdate normal="1980">1980.</unitdate>
                            Guatemalan music. Baird, Sheila Raney. No. 7, Study. Pages 145-226.
                        </unittitle>
               </did>
            </c02>
            <c02 id="VAD4778-00012" level="file">
               <did>
                  <unittitle>
                     <unitdate normal="1978">1978.</unitdate>
                            Guatemalan music. Borg, Paul W. No. 8, European Repertoire: Catalogue excerpt.
                        </unittitle>
               </did>
            </c02>
         </c01>
         <c01 id="VAD4778-00013" level="series">
            <did>
               <container label="Box" type="box">3</container>
               <unittitle>III. Xerox Copy, Stevenson, Nos. 1-9</unittitle>
            </did>
            <c02 id="VAD4778-00014" level="file">
               <did>
                  <unittitle>
                     <unitdate normal="1582">1582.</unitdate>
                            Leon, Francisco de. Libro de sancta olaya Puyumatan. No. 1.
                        </unittitle>
               </did>
            </c02>
            <c02 id="VAD4778-00015" level="file">
               <did>
                  <unittitle>
                     <unitdate normal="1582">1582.</unitdate>
                            Leon, Francisco de. [Libro de canto de organo]. No. 2.
                        </unittitle>
               </did>
            </c02>
            <c02 id="VAD4778-00016" level="file">
               <did>
                  <unittitle>
                     <unitdate normal="1585">[1585?].</unitdate>
                            [Gloria patri et filio et spiritui sancto]. No. 3.
                        </unittitle>
               </did>
            </c02>
            <c02 id="VAD4778-00017" level="file">
               <did>
                  <unittitle>
                     <unitdate normal="1578/1823" type="inclusive">n.d.</unitdate>
                            [Da mihi intellectum]. No. 4
                        </unittitle>
               </did>
            </c02>
            <c02 id="VAD4778-00018" level="file">
               <did>
                  <unittitle>
                     <unitdate normal="1589">[1589?].</unitdate>
                            [Donec ponam inimicos tuos]. No. 5.
                        </unittitle>
               </did>
            </c02>
            <c02 id="VAD4778-00019" level="file">
               <did>
                  <unittitle>
                     <unitdate normal="1578/1823" type="inclusive">n.d.</unitdate>
                            [Qui tollis peccata mundi]. No. 6.
                        </unittitle>
               </did>
            </c02>
            <c02 id="VAD4778-00020" level="file">
               <did>
                  <unittitle>
                     <unitdate normal="1600-01-20">[1600, Jan. 20?].</unitdate>
                            [Pascual, Tomás]. [Villancincos]. No. 7.
                        </unittitle>
               </did>
            </c02>
            <c02 id="VAD4778-00021" level="file">
               <did>
                  <unittitle>
                     <unitdate normal="1585">[1585?].</unitdate>
                            [Kyrie eleison]. No. 8.
                        </unittitle>
               </did>
            </c02>
            <c02 id="VAD4778-00022" level="file">
               <did>
                  <unittitle>
                     <unitdate normal="1578/1823" type="inclusive">n.d.</unitdate>
                            [San Mateo Ixtatán]. No. 9.
                        </unittitle>
               </did>
            </c02>
         </c01>
         <c01 id="VAD4778-00023" level="series">
            <did>
               <container label="Box" type="box">4</container>
               <unittitle>IV. Music. Xerox copies.</unittitle>
            </did>
            <c02 id="VAD4778-00024" level="file">
               <did>
                  <unittitle>Music. Xerox copies.</unittitle>
                  <physdesc>(15 folders)</physdesc>
               </did>
            </c02>
         </c01>
         <c01 id="VAD4778-00025" level="series">
            <did>
               <container label="Box" type="box">4</container>
               <unittitle>V. Individually Boxed Items</unittitle>
            </did>
            <c02 id="VAD4778-00026" level="file">
               <did>
                  <unittitle>
                     <unitdate normal="1615">1615.</unitdate>
                            Maldonado, Francisco. Explicatio Fidei Cakchiquel.
                        </unittitle>
               </did>
            </c02>
            <c02 id="VAD4778-00027" level="file">
               <did>
                  <unittitle>Vocabulario en langua Castellana...</unittitle>
               </did>
            </c02>
         </c01>
         <c01 id="VAD4778-00028" level="series">
            <did>
               <container label="Box" type="box">4</container>
               <unittitle>VI. Oversize</unittitle>
            </did>
            <c02 id="VAD4778-00029" level="file">
               <did>
                  <unittitle>
                     <unitdate normal="1578/1823" type="inclusive">n.d.</unitdate>
                            Plano topografico de la antigua cuidad de Guatemala
                        </unittitle>
               </did>
            </c02>
         </c01>
      </dsc>
   </archdesc>
</ead>
