<?xml version="1.0" encoding="utf-8"?>
<!-- Indiana University EAD template draft: 2003-Jan-2, 
    revised 2004-09-15 JLR; 
    revised fall 2006 and spring/summer 2007 JLR w/ EAD Working Group
    added repository code to /ead/archdesc/did/repository/@id, 4/1/09 JLR
-->
<ead xmlns="urn:isbn:1-931666-22-9"
     xmlns:xlink="http://www.w3.org/1999/xlink"
     xmlns:xsi="http://www.w3.org/2001/XMLSchema-instance"
     xsi:schemaLocation="urn:isbn:1-931666-22-9 http://www.loc.gov/ead/ead.xsd">
   <eadheader repositoryencoding="iso15511"
              langencoding="iso639-2b"
              audience="external"
              countryencoding="iso3166-1"
              dateencoding="iso8601"
              scriptencoding="iso15924"
              relatedencoding="dublincore"
              findaidstatus="edited-full-draft">
      <eadid countrycode="US"
             encodinganalog="identifier"
             mainagencycode="InU-Li"
             identifier="InU-Li-VAD0320">InU-Li-VAD0320</eadid>
      <!-- The value of eadid should follow the pattern of archive or library code, and then a 
unique number for the collection, e.g. InU-Li-VAA1234. Put this full identifier both in the identifier attribute and in the value of the eadid element. -->
      <!-- Generate a unique number for the collection at http://www.dlib.indiana.edu/cgi-bin/testtrackedit/filename.pl -->
      <filedesc><!-- This is a description of the electronic finding aid, not the 
original finding aid or the collection --><!-- Make title "The John Doe Papers, 1919-1965" rather than "The 
Papers of John Doe, 1919-1965" to eliminate 
                potential confusion about the meaning of the dates -->
         <titlestmt>
            <titleproper encodinganalog="title">Carver, V. mss., <date certainty="circa" normal="1981/1988" type="inclusive">ca. 1981-1988</date>
            </titleproper>
         </titlestmt>
         <publicationstmt>
            <publisher encodinganalog="publisher">Indiana University Digital Library
                    Program</publisher>
            <date encodinganalog="date" normal="2013" type="publication">© 2013</date>
         </publicationstmt>
         <notestmt><!-- Change date to date of first publication, change rights statement if other entity claims rights over the finding aid (not the collection)-->
            <note encodinganalog="rights">
               <p>
                  <date normal="2013">© 2013</date> Trustees of Indiana University. All rights
                        reserved.</p>
            </note>
         </notestmt>
      </filedesc>
      <profiledesc>
         <creation>XML finding aid derived from HTML version through cutting and pasting and
                through folder analysis. <date normal="2013" type="source">2013</date>
            <lb/>Finding aid encoded by Shayna Pekala, Lilly Library, Indiana University, <date normal="2013-07-22">July 22, 2013</date>
         </creation>
         <langusage>Description is in <language encodinganalog="language" langcode="eng">English.</language>
         </langusage>
      </profiledesc>
      <!-- revisiondesc is required -->
      <!-- record when the finding aid is completed in first change element, 
with subsequent changes
listed below the first -->
      <revisiondesc>
         <change audience="internal">
            <date normal="2013-07-22">July 22, 2013</date>
            <item>Encoded finding aid started.</item>
         </change>
         <change audience="internal">
            <date normal="2013-07-22">July 22, 2013</date>
            <item>Encoded finding aid completed.</item>
         </change>
         <change audience="internal">
            <date normal="2017-11-29">November 29, 2017</date>
            <item>Batch update to change subject links.</item>
         </change>
      </revisiondesc>
   </eadheader>
   <archdesc audience="external"
             level="collection"
             type="inventory"
             relatedencoding="marc21"><!-- The TYPE attribute can be used to categorize the finding aid as an inventory, register, or other format. -->
      <did>
         <head>Summary Information</head>
         <repository id="lilly" encodinganalog="852" label="Repository">
            <corpname source="lcnaf" normal="Lilly Library (Indiana University, Bloomington)">Lilly Library (Indiana University, Bloomington)</corpname>
            <address>
               <addressline>Lilly Library</addressline>
               <addressline>Indiana University</addressline>
               <addressline>1200 E. Seventh St.</addressline>
               <addressline>Bloomington, IN 47405-5500</addressline>
               <addressline>Phone: 812-855-2452</addressline>
               <addressline>Fax: 812-855-3143</addressline>
               <addressline>Email: liblilly@indiana.edu</addressline>
            </address>
         </repository>
         <origination label="Creator"><!-- Or <corpname encodinganalog="110">, <meeting encodinganalog="111">, with source="lcnaf" if appropriate -->
            <persname encodinganalog="100">Carver, Vance</persname>
         </origination>
         <!-- per RLG guidelines recommendation, do not nest unitdate element within
unittitle element -->
         <unittitle encodinganalog="245$a" label="Title">Carver, V. mss., </unittitle>
         <unitdate encodinganalog="245$f"
                   certainty="circa"
                   normal="1981/1988"
                   type="inclusive">ca. 1981-1988</unitdate>
         <!-- do not include separating punctuation between the unit title and the unit
date.  The stylesheets will supply a comma where appropriate. -->
         <!-- unitdate may be repeated if both bulk and inclusive dates are recorded -->
         <!-- record the type of date - bulk or inclusive - in the type attribute. if date is bulk, change encodinganalog to 245$g -->
         <!-- recommended -->
         <unitid encodinganalog="099" label="Collection No.">LMC 2570</unitid>
         <physdesc encodinganalog="300" label="Extent">
            <extent>37 items</extent>
         </physdesc>
         <!-- if both linear feet and number of items included, repeat extent-->
         <!-- if collection includes signinficant non-english material add code to
langmaterial element -->
         <langmaterial encodinganalog="546" label="Language">Materials are mostly in <language langcode="eng">English</language> with some articles in <language langcode="ger">German</language>. </langmaterial>
         <abstract encodinganalog="520" label="Abstract">The Carver, V. mss., ca. 1981-1988,
                consist of letters from Raymond Carver to his son, Vance Carver.</abstract>
      </did>
      <!-- required even if unrestricted -->
      <accessrestrict encodinganalog="506">
         <head>Access Restrictions</head>
         <p>This collection is open for research.</p>
      </accessrestrict>
      <!-- required; can be short -->
      <bioghist encodinganalog="545">
         <head>Biographical Note</head>
         <p>Raymond Carver was a short-story writer and poet. He was born in Clatskanie, Oregon,
                on May 25, 1938, and grew up in Yakima, Washington. He received his BA degree from
                Humboldt State College in 1963 after becoming interested in writing following a
                creative-writing course taught by John Gardner.</p>
      </bioghist>
      <!--optional -->
      <arrangement encodinganalog="351">
         <head>Arrangement</head>
         <p>Arranged chronologically.</p>
      </arrangement>
      <!-- required for collection level; optional for lower levels -->
      <scopecontent encodinganalog="520">
         <head>Scope and Content Note</head>
         <p>Topics in the correspondence include: Vance's studies abroad; Raymond's various travels,
                lectures, readings, and awards; stories Raymond had written, had submitted for
                publication, or that were being published; play adaptations of his short-stories
                performed at Humboldt State College; discussions about <emph render="italic">Fires:
                    Essays, Poems, Stories</emph> (1983); problems with Raymond's mother (Vance's
                grandmother); issues with Raymond's ex-wife, Maryann Carver (Vance's mother);
                information about Tess Gallagher's stories and poems.</p>
         <p>Also included in the collection are articles by Vance and Raymond Carver, translated
                into German.</p>
      </scopecontent>
      <!-- recommended; this information would be included for marc amc record -->
      <!-- should include all personal and corporate names, and subject headings -->
      <controlaccess>
         <head>Indexing Terms</head>
         <controlaccess>
            <head>Names</head>
            <list>
               <item>
                  <extref xlink:href="https://iucat.iu.edu/?q=&#34;carver+raymond+1938-1988&#34;&amp;search_field=subject_link">
                     <persname encodinganalog="600" source="lcnaf">Carver, Raymond,
                                1938-1988.</persname>
                  </extref>
               </item>
               <item>
                  <extref xlink:href="https://iucat.iu.edu/?q=&#34;carver+raymond+1938-1988+correspondence&#34;&amp;search_field=subject_link">
                     <persname encodinganalog="600" source="lcnaf">Carver, Raymond,
                                1938-1988 --Correspondence</persname>
                  </extref>
               </item>
               <item>
                  <extref xlink:href="https://iucat.iu.edu/?q=&#34;authors+american+20th+century+correspondence&#34;&amp;search_field=subject_link">
                     <subject encodinganalog="650" source="lcsh">Authors, American
                                --20th century --Correspondence.</subject>
                  </extref>
               </item>
            </list>
         </controlaccess>
         <controlaccess>
            <head>Topics</head>
            <list>
               <item>
                  <extref xlink:href="https://iucat.iu.edu/?q=&#34;carver+vance+correspondence&#34;&amp;search_field=subject_link">
                     <persname encodinganalog="600">Carver, Vance
                                --Correspondence</persname>
                  </extref>
               </item>
            </list>
         </controlaccess>
         <!-- <persname encodinganalog="600" source="lcnaf">[remove source attribute if name does not come from an authority file] </persname> -->
         <!-- <corpname encodinganalog="610" source="lcnaf">[remove source attribute if name does not come from an authority file]</corpname> -->
         <!--  <famname encodinganalog="600" source="lcnaf">[remove source attribute if name does not come from an authority file]</famname> -->
         <!--  <subject encodinganalog="650" source="lcsh"> </subject> -->
         <!--  <occupation encodinganalog="656" source="lcsh"> </occupation> -->
         <!--  <geogname encodinganalog="651" source="aacr2"> </geogname> -->
         <!-- <genreform encodinganalog="655" source="lcsh"> </genreform> -->
         <!-- <function encodinganalog="657" source="lcsh"/> -->
         <!-- <title encodinganalog="630"> </title> -->
      </controlaccess>
      <!-- optional, if applicable -->
      <relatedmaterial encodinganalog="544 1">
         <head>Related Material</head>
         <p>Related manuscripts: <extref xlink:href="http://purl.dlib.indiana.edu/iudl/findingaids/lilly/InU-Li-VAC9786">Lish mss.</extref>; Carver, Maryann mss.</p>
      </relatedmaterial>
      <descgrp>
         <head>Administrative Information</head>
         <!-- required -->
         <acqinfo encodinganalog="541">
            <head>Acquisition Information</head>
            <p>Acquired: 2007</p>
         </acqinfo>
         <!-- required even if unrestricted -->
         <userestrict encodinganalog="540">
            <head>Usage Restrictions</head>
            <p>Prior arrangements are not necessary before coming to the Library, however,
                    patrons from out of town are encouraged to communicate with the Library in
                    advance of their visits to ascertain availability of materials.</p>
            <p>Photocopying permitted only with permission of the Curator of Manuscripts, Lilly
                    Library.</p>
         </userestrict>
         <!-- required -->
         <prefercite encodinganalog="524">
            <head>Preferred Citation</head>
            <p>[Item], Carver, V. mss., Lilly Library, Indiana University, Bloomington,
                    Indiana.</p>
         </prefercite>
         <!--required by Archives, optional for Lilly -->
         <processinfo encodinganalog="583">
            <head>Processing Information</head>
            <p>Processed by Staff.</p>
            <p>Completed in <date normal="2013">2013</date>
            </p>
         </processinfo>
      </descgrp>
      <dsc type="combined">
         <c01 id="VAD0320-00001" level="collection">
            <did>
               <unittitle>Carver, V. mss., <unitdate certainty="circa" normal="1981/1988" type="inclusive">ca. 1981-1988</unitdate>
               </unittitle>
            </did>
            <c02 id="VAD0320-00002" level="file">
               <did>
                  <container label="Box" type="Box">1</container>
                  <unittitle>Correspondence, <unitdate normal="1981">1981</unitdate>
                  </unittitle>
               </did>
            </c02>
            <c02 id="VAD0320-00003" level="file">
               <did>
                  <unittitle>Correspondence, <unitdate normal="1982">1982</unitdate>
                  </unittitle>
               </did>
            </c02>
            <c02 id="VAD0320-00004" level="file">
               <did>
                  <unittitle>Correspondence, <unitdate normal="1983/1985" type="inclusive">1983-1985</unitdate>
                  </unittitle>
               </did>
            </c02>
            <c02 id="VAD0320-00005" level="file">
               <did>
                  <unittitle>Correspondence, <unitdate normal="1986">1986</unitdate>
                  </unittitle>
               </did>
            </c02>
            <c02 id="VAD0320-00006" level="file">
               <did>
                  <unittitle>Correspondence, <unitdate normal="1987">1987</unitdate>
                  </unittitle>
               </did>
            </c02>
            <c02 id="VAD0320-00007" level="file">
               <did>
                  <unittitle>Correspondence, <unitdate normal="1988">1988</unitdate>
                  </unittitle>
               </did>
            </c02>
            <c02 id="VAD0320-00008" level="file">
               <did>
                  <unittitle>Articles by Raymond and Vance Carver</unittitle>
                  <langmaterial>(in German)</langmaterial>
               </did>
            </c02>
            <c02 id="VAD0320-00009" level="file">
               <did>
                  <container label="Box" type="Box">2</container>
                  <unittitle>Articles by Vance Carver</unittitle>
                  <langmaterial>(in German)</langmaterial>
               </did>
            </c02>
         </c01>
      </dsc>
   </archdesc>
</ead>
