<?xml version="1.0" encoding="utf-8"?>
<!-- Indiana University EAD template draft: 2003-Jan-2, 
    revised 2004-09-15 JLR; 
    revised fall 2006 and spring/summer 2007 JLR w/ EAD Working Group
    added repository code to /ead/archdesc/did/repository/@id, 4/1/09 JLR
-->
<ead xmlns="urn:isbn:1-931666-22-9"
     xmlns:xlink="http://www.w3.org/1999/xlink"
     xmlns:xsi="http://www.w3.org/2001/XMLSchema-instance"
     xsi:schemaLocation="urn:isbn:1-931666-22-9 http://www.loc.gov/ead/ead.xsd">
   <eadheader relatedencoding="dublincore"
              audience="external"
              langencoding="iso639-2b"
              scriptencoding="iso15924"
              repositoryencoding="iso15511"
              countryencoding="iso3166-1"
              dateencoding="iso8601"
              findaidstatus="edited-full-draft">
      <eadid encodinganalog="identifier"
             identifier="InU-Li-VAA9587"
             countrycode="US"
             mainagencycode="InU-Li">InU-Li-VAA9587</eadid>
      <!-- The value of eadid should follow the pattern of archive or library code, and then a 
unique number for the collection, e.g. InU-Li-VAA1234. Put this full identifier both in the identifier attribute and in the value of the eadid element. -->
      <!-- Generate a unique number for the collection at http://www.dlib.indiana.edu/cgi-bin/testtrackedit/filename.pl -->
      <filedesc><!-- This is a description of the electronic finding aid, not the 
original finding aid or the collection --><!-- Make title "The John Doe Papers, 1919-1965" rather than "The 
Papers of John Doe, 1919-1965" to eliminate 
                potential confusion about the meaning of the dates -->
         <titlestmt>
            <titleproper encodinganalog="title">Miner mss., <date normal="1915/1982">1915-1982</date>
            </titleproper>
         </titlestmt>
         <publicationstmt>
            <publisher encodinganalog="publisher">Indiana University Digital Library
                    Program</publisher>
            <date encodinganalog="date" normal="2009" type="publication">© 2009</date>
         </publicationstmt>
         <notestmt><!-- Change date to date of first publication, change rights statement if other entity claims rights over the finding aid (not the collection)-->
            <note encodinganalog="rights">
               <p>
                  <date normal="2009">© 2009</date> Trustees of Indiana University. All rights
                        reserved.</p>
            </note>
         </notestmt>
      </filedesc>
      <profiledesc>
         <creation><!--description of how the finding aid was created, for example: -->
                Machine-readable finding aid derived from HTML finding aid by copying and pasting.
                <lb/>[date of source: <date normal="2007-03-19" type="source">March 19, 2007</date>
            <lb/>Finding aid encoded by Valerie Higgins, Library/Archives, Indiana University,
                    <date normal="2009-04-07">April 7, 2009</date>
         </creation>
         <langusage>Description is in <language encodinganalog="language" langcode="eng">English.</language>
         </langusage>
      </profiledesc>
      <!-- revisiondesc is required -->
      <!-- record when the finding aid is completed in first change element, 
with subsequent changes
listed below the first -->
      <revisiondesc>
         <change audience="internal">
            <date normal="2009-04-07"/>
            <item>Encoded finding aid.</item>
         </change>
         <change audience="internal">
            <date normal="2017-11-29">November 29, 2017</date>
            <item>Batch update to change subject links.</item>
         </change>
      </revisiondesc>
   </eadheader>
   <archdesc level="collection"
             audience="external"
             type="inventory"
             relatedencoding="marc21"><!-- The TYPE attribute can be used to categorize the finding aid as an inventory, register, or other format. -->
      <did>
         <head>Summary Information</head>
         <repository encodinganalog="852" label="Repository:" id="lilly">
            <corpname source="lcnaf" normal="Lilly Library (Indiana University, Bloomington)">Lilly Library (Indiana University, Bloomington)</corpname>
            <address>
               <addressline>Indiana University</addressline>
               <addressline>1200 E. Seventh St.</addressline>
               <addressline>Bloomington, IN 47405-5500</addressline>
               <addressline>Phone: 812-855-2452</addressline>
               <addressline>Fax: 812-855-3143</addressline>
               <addressline>Email: liblilly@indiana.edu</addressline>
            </address>
            <lb/>
            <extref xlink:href="http://www.indiana.edu/~liblilly">http://www.indiana.edu/~liblilly</extref>
         </repository>
         <origination label="Creator"><!-- Or <corpname encodinganalog="110">, <meeting encodinganalog="111">, with source="lcnaf" if appropriate -->
            <persname source="lcnaf" encodinganalog="100">Miner, Virginia Scott.</persname>
         </origination>
         <!-- per RLG guidelines recommendation, do not nest unitdate element within
unittitle element -->
         <unittitle encodinganalog="245$a" label="Title">Miner mss.</unittitle>
         <unitdate normal="1915/1982" type="inclusive" encodinganalog="245$f">1915-1982</unitdate>
         <!-- do not include separating punctuation between the unit title and the unit
date.  The stylesheets will supply a comma where appropriate. -->
         <!-- unitdate may be repeated if both bulk and inclusive dates are recorded -->
         <!-- record the type of date - bulk or inclusive - in the type attribute. if date is bulk, change encodinganalog to 245$g -->
         <!-- recommended -->
         <unitid encodinganalog="099" label="Collection No.">LMC 1869</unitid>
         <physdesc encodinganalog="300" label="Extent">
            <extent>4,436 items</extent>
            <!-- if both linear feet and number of items included, repeat extent-->
         </physdesc>
         <!-- if collection includes signinficant non-english material add code to
langmaterial element -->
         <langmaterial encodinganalog="546" label="Language">Materials are in <language langcode="eng" encodinganalog="546">English</language>
         </langmaterial>
         <abstract encodinganalog="520" label="Abstract">Consists of the papers of Mrs. Virginia
                (Scott) Miner (Mrs. Dewey Hobson Miner), 1901-1982, poet.</abstract>
      </did>
      <!-- required even if unrestricted -->
      <accessrestrict encodinganalog="506">
         <head>Access Restrictions</head>
         <p>This collection is open for research.</p>
      </accessrestrict>
      <!-- required; can be short -->
      <bioghist encodinganalog="545">
         <head>Biographical Note</head>
         <p>Mrs. Virginia (Scott) Miner (Mrs. Dewey Hobson Miner), 1901-1982, was a poet. A
                native of Indiana, she taught for several years at the Pembroke-Country Day School
                in Kansas City. She retired in 1967 and later moved to Warsaw, Indiana. Some of her
                writings were published under pseudonyms of Hannah Wilcox and Hoosier Hannah.</p>
      </bioghist>
      <!--optional -->
      <arrangement encodinganalog="351">
         <head>Arrangement</head>
         <p>Organized into a single series: Files.</p>
      </arrangement>
      <!-- required for collection level; optional for lower levels -->
      <scopecontent encodinganalog="520">
         <head>Scope and Content Note</head>
         <p>Consists of the papers of Mrs. Virginia (Scott) Miner (Mrs. Dewey Hobson Miner),
                1901-1982, poet. The materials include correspondence, diaries, poems, notebooks,
                and scrapbooks; musical settings by composers Leo Ascher, Mary Mildred Chubb, Eileen
                B. Maltby, and Alfred R. Service, and drawings by illustrators Dorothy Bayley,
                Harold M. Sichel, and Katherine Richardson Wireman for poems by Mrs. Miner; poems
                and prose by many of the students at Pembroke-Country Day School; and a group of
                letters and writings by former students Martin Cohen, Geoffrey Alexander Oelsner
                (with a few drawings), and Paul Williams. Letters written from a trip to Europe in
                1953 form a travel account of the countries of France, Italy, Switzerland, Germany,
                Holland, and England.</p>
         <p>Printed materials include clippings of poems, many of which were removed from the
                scrapbooks, several periodicals in which the poems appeared, book reviews, articles,
                and a high school yearbook of 1917 in which Miner's first published poem appeared. A
                number of photographs may be found in the biographical folder.</p>
         <p>Among the correspondents are: <list>
               <item>
                  <persname>Phoebe Lou Adams</persname>
               </item>
               <item>
                  <persname>Susan Mary (Jay) Alsop</persname>
               </item>
               <item>
                  <persname>American Book Company</persname>
               </item>
               <item>
                  <persname>Dave Anstaett</persname>
               </item>
               <item>
                  <persname>Leo Ascher</persname>
               </item>
               <item>
                  <persname>Calvin W. Atwood</persname>
               </item>
               <item>
                  <persname>Ronald Lee Baker</persname>
               </item>
               <item>
                  <persname>William Wallace Baker</persname>
               </item>
               <item>
                  <persname>Margaret (Abbott) Bartlett</persname>
               </item>
               <item>
                  <persname>Dorothy Bayley</persname>
               </item>
               <item>
                  <persname>Stephen Vincent Benét</persname>
               </item>
               <item>
                  <persname>William Rose Benét</persname>
               </item>
               <item>
                  <persname>Rainey Bennett</persname>
               </item>
               <item>
                  <persname>John Gilland Brunini</persname>
               </item>
               <item>
                  <persname>Henrietta Buckmaster</persname>
               </item>
               <item>
                  <persname>Abraham Saul Burack</persname>
               </item>
               <item>
                  <persname>Maxwell Struthers Burt</persname>
               </item>
               <item>
                  <persname>Witter Bynner</persname>
               </item>
               <item>
                  <persname>Charles M. Carey</persname>
               </item>
               <item>
                  <persname>Carl Lamson Carmer</persname>
               </item>
               <item>
                  <persname>James Earl Carter</persname>
               </item>
               <item>
                  <persname>Bennett Alfred Cerf</persname>
               </item>
               <item>
                  <persname>Stanton Arthur Coblentz</persname>
               </item>
               <item>
                  <persname>Martin Cohen</persname>
               </item>
               <item>
                  <persname>Padraic Colum</persname>
               </item>
               <item>
                  <persname>Columbia Broadcasting System Inc.</persname>
               </item>
               <item>
                  <persname>Tom Collins</persname>
               </item>
               <item>
                  <persname>Robert Warren Conover</persname>
               </item>
               <item>
                  <persname>Margaret Cousins</persname>
               </item>
               <item>
                  <persname>Nelson Antrim Crawford</persname>
               </item>
               <item>
                  <persname>Nora B. Cunningham</persname>
               </item>
               <item>
                  <persname>Curtis Brown Ltd.</persname>
               </item>
               <item>
                  <persname>Emma Lou Diemer</persname>
               </item>
               <item>
                  <persname>Ralph James Donahue</persname>
               </item>
               <item>
                  <persname>Peggy Dowst</persname>
               </item>
               <item>
                  <persname>Katherine Mary (Guilfoyle) Edelman</persname>
               </item>
               <item>
                  <persname>Ethel M. Edgeworth</persname>
               </item>
               <item>
                  <persname>Willie (Snow) Ethridge</persname>
               </item>
               <item>
                  <persname>Ada (Baker) Fairchild</persname>
               </item>
               <item>
                  <persname>Virginia Louise Faulkner</persname>
               </item>
               <item>
                  <persname>Lillian Turner Findlay</persname>
               </item>
               <item>
                  <persname>Eleanor Fish</persname>
               </item>
               <item>
                  <persname>Edsel Ford</persname>
               </item>
               <item>
                  <persname>Ethel (Romig) Fuller</persname>
               </item>
               <item>
                  <persname>Wilbur Geoffrey Gaffney</persname>
               </item>
               <item>
                  <persname>Paul William Gallico</persname>
               </item>
               <item>
                  <persname>Ginn and Company</persname>
               </item>
               <item>
                  <persname>Louis Ginsberg</persname>
               </item>
               <item>
                  <persname>Ryah Tumarkin Goodman</persname>
               </item>
               <item>
                  <persname>Charles Bruce Gould</persname>
               </item>
               <item>
                  <persname>Robin Gregory</persname>
               </item>
               <item>
                  <persname>Louis Oscar Griffith</persname>
               </item>
               <item>
                  <persname>Frances Dabney Grinstead</persname>
               </item>
               <item>
                  <persname>Elisabeth (Bevier) Hamilton</persname>
               </item>
               <item>
                  <persname>Leigh Hanes</persname>
               </item>
               <item>
                  <persname>Mary (Carr) Hanna</persname>
               </item>
               <item>
                  <persname>Victoria Adelaide (Unruh) Harvey</persname>
               </item>
               <item>
                  <persname>Henry Joseph Haskell</persname>
               </item>
               <item>
                  <persname>Sara Henderson Hay</persname>
               </item>
               <item>
                  <persname>Ruth (Cleaves) Hazelton</persname>
               </item>
               <item>
                  <persname>Helen (Rowe) Henze</persname>
               </item>
               <item>
                  <persname>Jonathan Holden</persname>
               </item>
               <item>
                  <persname>Marcia Nichols Holden</persname>
               </item>
               <item>
                  <persname>Hazel (Strikeleather) Hopper</persname>
               </item>
               <item>
                  <persname>Albert S. Humphrey Jr.</persname>
               </item>
               <item>
                  <persname>Robin Humphrey</persname>
               </item>
               <item>
                  <persname>Percy Adams Hutchison</persname>
               </item>
               <item>
                  <persname>Ethel (Sonntag) Jacobson</persname>
               </item>
               <item>
                  <persname>Claudia Alta (Taylor) Johnson</persname>
               </item>
               <item>
                  <persname>Ione Jones</persname>
               </item>
               <item>
                  <persname>Kathleen (Paul) Jones</persname>
               </item>
               <item>
                  <persname>Mary Alice Jones</persname>
               </item>
               <item>
                  <persname>Robert Claude Jones</persname>
               </item>
               <item>
                  <persname>Justin Kaplan</persname>
               </item>
               <item>
                  <persname>Rudolph Max Kauffmann</persname>
               </item>
               <item>
                  <persname>Margaret (Sally) Keach</persname>
               </item>
               <item>
                  <persname>Robert Killorem</persname>
               </item>
               <item>
                  <persname>Elizabeth (Seelman) Kingsley</persname>
               </item>
               <item>
                  <persname>Austin Huntington Kiplinger</persname>
               </item>
               <item>
                  <persname>Inez (Barclay) Kirby</persname>
               </item>
               <item>
                  <persname>Jerzy Nikodem Kosinski</persname>
               </item>
               <item>
                  <persname>Karl Krueger</persname>
               </item>
               <item>
                  <persname>Ladies' Home Journal</persname>
               </item>
               <item>
                  <persname>Robert Latham</persname>
               </item>
               <item>
                  <persname>Irving Leibowitz</persname>
               </item>
               <item>
                  <persname>Claire Liddell</persname>
               </item>
               <item>
                  <persname>Seymour Gordden Link</persname>
               </item>
               <item>
                  <persname>Mary E. Linton</persname>
               </item>
               <item>
                  <persname>Isabelle (Bryans) Longfellow</persname>
               </item>
               <item>
                  <persname>Amy Loveman</persname>
               </item>
               <item>
                  <persname>Eugene Lyons</persname>
               </item>
               <item>
                  <persname>Claire B. McAllister</persname>
               </item>
               <item>
                  <persname>Elizabeth McFarland</persname>
               </item>
               <item>
                  <persname>Virginia French Mackie</persname>
               </item>
               <item>
                  <persname>Thorpe Menn</persname>
               </item>
               <item>
                  <persname>Roger F. Meyer</persname>
               </item>
               <item>
                  <persname>Dewey Hobson Miner</persname>
               </item>
               <item>
                  <persname>Margaret Virginia Miner</persname>
               </item>
               <item>
                  <persname>Virginia (Scott) Miner</persname>
               </item>
               <item>
                  <persname>Katherine (Lyon) Mix</persname>
               </item>
               <item>
                  <persname>Robert Lester Mondale</persname>
               </item>
               <item>
                  <persname>Christopher Darlington Morley</persname>
               </item>
               <item>
                  <persname>William Robert Moses</persname>
               </item>
               <item>
                  <persname>Lewis Mumford</persname>
               </item>
               <item>
                  <persname>Sophia (Wittenberg) Mumford</persname>
               </item>
               <item>
                  <persname>New York Times</persname>
               </item>
               <item>
                  <persname>Geoffrey Alexander Oelsner</persname>
               </item>
               <item>
                  <persname>Margaret (Nelson) Phelps</persname>
               </item>
               <item>
                  <persname>Gene (Stratton) Porter</persname>
               </item>
               <item>
                  <persname>Charles Hyde Pratt</persname>
               </item>
               <item>
                  <persname>John Sleigh Pudney</persname>
               </item>
               <item>
                  <persname>Thomas Granville Pullen</persname>
               </item>
               <item>
                  <persname>John Crowe Ransom</persname>
               </item>
               <item>
                  <persname>Sir Herbert Edward Read</persname>
               </item>
               <item>
                  <persname>Joseph Rosenzweig</persname>
               </item>
               <item>
                  <persname>David Riley Russell</persname>
               </item>
               <item>
                  <persname>Marcia (Masters) Schmid</persname>
               </item>
               <item>
                  <persname>John William Scott</persname>
               </item>
               <item>
                  <persname>Alfred R. Service</persname>
               </item>
               <item>
                  <persname>William Edwards Sheidley</persname>
               </item>
               <item>
                  <persname>Georgia Tucker Smith</persname>
               </item>
               <item>
                  <persname>Nicol Smith</persname>
               </item>
               <item>
                  <persname>Florence Lydia Snow</persname>
               </item>
               <item>
                  <persname>Leonora (von Stosch) Speyer</persname>
               </item>
               <item>
                  <persname>Charles La Barge Squier</persname>
               </item>
               <item>
                  <persname>William Edgar Stafford</persname>
               </item>
               <item>
                  <persname>Sanford V. Sternlicht</persname>
               </item>
               <item>
                  <persname>Emily (Whitehurst) Stone</persname>
               </item>
               <item>
                  <persname>James L. Stone</persname>
               </item>
               <item>
                  <persname>Lucien Stryk</persname>
               </item>
               <item>
                  <persname>Robert DeLano Sutherland</persname>
               </item>
               <item>
                  <persname>Alan Swallow</persname>
               </item>
               <item>
                  <persname>Velma (West) Sykes</persname>
               </item>
               <item>
                  <persname>Elta Thomas</persname>
               </item>
               <item>
                  <persname>Dorothy (Brown) Thompson</persname>
               </item>
               <item>
                  <persname>Grace G. Tully</persname>
               </item>
               <item>
                  <persname>Louis Untermeyer</persname>
               </item>
               <item>
                  <persname>Gertrude Vogt</persname>
               </item>
               <item>
                  <persname>William Volker</persname>
               </item>
               <item>
                  <persname>Marjorie (Felkner) Wagner</persname>
               </item>
               <item>
                  <persname>Sir Hugh Seymour Walpole</persname>
               </item>
               <item>
                  <persname>May (Williams) Ward</persname>
               </item>
               <item>
                  <persname>The Washington Post</persname>
               </item>
               <item>
                  <persname>Edward Augustus Weeks</persname>
               </item>
               <item>
                  <persname>Maurine (Miller) Welch</persname>
               </item>
               <item>
                  <persname>Raymond Baird White</persname>
               </item>
               <item>
                  <persname>Richard Wilbur</persname>
               </item>
               <item>
                  <persname>Nancy Margaret Willard</persname>
               </item>
               <item>
                  <persname>Bertye (Young) Williams</persname>
               </item>
               <item>
                  <persname>Paul Williams</persname>
               </item>
               <item>
                  <persname>H. W. Wilson Company</persname>
               </item>
               <item>
                  <persname>Lowry Charles Wimberly</persname>
               </item>
               <item>
                  <persname>Alice Wong</persname>
               </item>
               <item>
                  <persname>Mary Francis Xavier</persname>
               </item>
               <item>
                  <persname>Joan Yeagley</persname>
               </item>
               <item>
                  <persname>Virginia (Brady) Young</persname>
               </item>
            </list>
         </p>
      </scopecontent>
      <!-- recommended; this information would be included for marc amc record -->
      <!-- should include all personal and corporate names, and subject headings -->
      <controlaccess>
         <head>Indexing Terms</head>
         <p>The following terms have been used to index the description of this collection in
                    <extref xlink:href="http://www.iucat.iu.edu">IUCAT</extref>, the IU Libraries'
                online catalog. Materials about related topics, persons or places can be found by
                searching the catalog using these terms. </p>
         <controlaccess>
            <head>Names</head>
            <list>
               <item>
                  <corpname encodinganalog="610" source="lcnaf">Pembroke-Country Day
                            School.</corpname>
               </item>
               <item>
                  <corpname encodinganalog="710" source="lcnaf">Columbia Broadcasting System,
                            inc.</corpname>
               </item>
               <item>
                  <corpname encodinganalog="710" source="lcnaf">American Book
                            Company.</corpname>
               </item>
               <item>
                  <corpname encodinganalog="710" source="lcnaf">Pembroke-Country Day
                            School.</corpname>
               </item>
               <item>
                  <persname encodinganalog="600" source="lcnaf">Miner, Virginia Scott
                            --Correspondence.</persname>
               </item>
               <item>
                  <persname encodinganalog="700" source="lcnaf">Thompson, Dorothy
                            Brown.</persname>
               </item>
            </list>
         </controlaccess>
         <controlaccess>
            <head>Topics</head>
            <list>
               <item>
                  <subject encodinganalog="650" source="lcsh">Blind --Printing and writing
                            systems.</subject>
               </item>
               <item>
                  <subject encodinganalog="650" source="lcsh">Children's writings.</subject>
               </item>
               <item>
                  <subject encodinganalog="650" source="lcsh">Chinese --United
                            States.</subject>
               </item>
               <item>
                  <subject encodinganalog="650" source="lcsh">Riots --Missouri --Kansas
                            City.</subject>
               </item>
            </list>
         </controlaccess>
      </controlaccess>
      <descgrp>
         <head>Administrative Information</head>
         <!-- required -->
         <acqinfo encodinganalog="541">
            <head>Acquisition Information</head>
            <p>Gift. 1976, 1977, 1983</p>
         </acqinfo>
         <!-- required even if unrestricted -->
         <userestrict encodinganalog="540">
            <head>Usage Restrictions</head>
            <p>Photocopying permitted only with permission of the Curator of Manuscripts, Lilly
                    Library.</p>
         </userestrict>
         <!-- required -->
         <prefercite encodinganalog="524">
            <head>Preferred Citation</head>
            <p>[Item], Miner mss., Lilly Library, Indiana University, Bloomington, Indiana.</p>
         </prefercite>
      </descgrp>
      <dsc type="combined"><!-- unittitle is the only required element within component --><!-- possible values for @level include: class, collection, file, fonds, item,
                otherlevel, recordgrp, series, subfonds, subgrp, subseries -->
         <c01 level="series">
            <did>
               <container type="Box" label="Box">1</container>
               <unittitle>Files</unittitle>
            </did>
            <arrangement>
               <p>Boxes 1-3 have been indexed.</p>
            </arrangement>
            <c02 level="file">
               <did>
                  <unittitle>Biographical</unittitle>
               </did>
               <c03 level="file">
                  <did>
                     <unittitle>General</unittitle>
                  </did>
               </c03>
               <c03 level="file">
                  <did>
                     <unittitle>
                        <unitdate normal="1918/1974" type="inclusive">1918-1974</unitdate>
                     </unittitle>
                     <physdesc>(6 folders)</physdesc>
                  </did>
               </c03>
            </c02>
            <c02 level="file">
               <did>
                  <unittitle>Correspondence</unittitle>
               </did>
               <c03 level="file">
                  <did>
                     <unittitle>
                        <unitdate normal="1915/1981" type="inclusive">1915-1981</unitdate>
                     </unittitle>
                     <physdesc>(23 folders)</physdesc>
                  </did>
               </c03>
               <c03 level="file">
                  <did>
                     <unittitle>
                        <unitdate normal="1915/1982" type="inclusive">n.d.</unitdate>
                     </unittitle>
                  </did>
               </c03>
               <c03 level="file">
                  <did>
                     <unittitle>Letters from Europe. <unitdate normal="1953-06-10/1953-08-14" type="inclusive">1953, June 10-Aug. 14</unitdate>
                     </unittitle>
                  </did>
               </c03>
            </c02>
            <c02 level="file">
               <did>
                  <container type="Box" label="Box">2</container>
                  <unittitle>Cohen, Marty</unittitle>
               </did>
               <c03 level="file">
                  <did>
                     <unittitle>Letters. <unitdate normal="1968">1968</unitdate>
                     </unittitle>
                  </did>
               </c03>
               <c03 level="file">
                  <did>
                     <unittitle>
                        <emph render="italic">Niagra</emph> (Poems, <unitdate normal="1969/1972" type="inclusive">1969-1972)</unitdate>
                     </unittitle>
                  </did>
               </c03>
               <c03 level="file">
                  <did>
                     <unittitle>Poems, prose, &amp; printed</unittitle>
                  </did>
               </c03>
            </c02>
            <c02 level="file">
               <did>
                  <unittitle>Oelsner, Geoffrey A.</unittitle>
               </did>
               <c03 level="file">
                  <did>
                     <unittitle>Letters. <unitdate normal="1967/1976" type="inclusive">1967-1976</unitdate>
                     </unittitle>
                  </did>
               </c03>
               <c03 level="file">
                  <did>
                     <unittitle>Drawings, poems, prose, &amp; printed</unittitle>
                  </did>
               </c03>
            </c02>
            <c02 level="file">
               <did>
                  <unittitle>Pembroke Country Day School</unittitle>
                  <physdesc>(4 folders)</physdesc>
               </did>
               <scopecontent>
                  <p> Includes student poetry/prose; articles concerning the retirement of
                            Virginia Scott Miner; Writing Club; First Day Versifiers.</p>
               </scopecontent>
               <c03 level="file">
                  <did>
                     <unittitle>Williams, Paul</unittitle>
                  </did>
               </c03>
               <c03 level="file">
                  <did>
                     <unittitle>Letters. <unitdate normal="1965/1975" type="inclusive">1965-1975</unitdate>
                     </unittitle>
                  </did>
               </c03>
               <c03 level="file">
                  <did>
                     <unittitle>Poems, prose, &amp; printed</unittitle>
                  </did>
               </c03>
            </c02>
            <c02 level="file">
               <did>
                  <unittitle>Travel journal to West Coast. <unitdate normal="1956-06-19/1956-07-25" type="inclusive">1956, June 19-July
                                25</unitdate>
                  </unittitle>
               </did>
               <c03 level="file">
                  <did>
                     <unittitle>Printed</unittitle>
                  </did>
                  <c04 level="file">
                     <did>
                        <unittitle>Poems</unittitle>
                     </did>
                  </c04>
                  <c04 level="file">
                     <did>
                        <unittitle>
                           <emph render="italic">Abandoned Cottage-Youth</emph>
                        </unittitle>
                        <physdesc>(8 folders)</physdesc>
                     </did>
                  </c04>
                  <c04 level="file">
                     <did>
                        <unittitle>Appearance in whole periodicals</unittitle>
                     </did>
                  </c04>
               </c03>
               <c03 level="file">
                  <did>
                     <unittitle>Miscellaneous</unittitle>
                  </did>
                  <scopecontent>
                     <p> Includes Author-Journalist, <unitdate normal="1955-04">Apr.
                                    1955;</unitdate> Kansas Quarterly, v. 15 no. 2, <unitdate normal="1983-02">2/83;</unitdate> Calamus, no. 12, <unitdate normal="1976-06">June 1976;</unitdate> brochures; magazine and
                                newspaper clippings </p>
                  </scopecontent>
               </c03>
               <c03 level="file">
                  <did>
                     <unittitle>Annual verse market list in Author-Journalist by V.S.
                                Miner</unittitle>
                  </did>
               </c03>
            </c02>
            <c02 level="file">
               <did>
                  <unittitle>Reviews of literature</unittitle>
               </did>
            </c02>
            <c02 level="file">
               <did>
                  <unittitle>Prose writings of V.S. Miner</unittitle>
               </did>
            </c02>
            <c02 level="file">
               <did>
                  <container type="Box" label="Box">3</container>
                  <unittitle>Notebooks</unittitle>
               </did>
               <c03 level="file">
                  <did>
                     <unittitle>Journals and autograph drafts of poems</unittitle>
                     <physdesc>(26 volumes)</physdesc>
                  </did>
               </c03>
            </c02>
            <c02 level="file">
               <did>
                  <unittitle>Writings</unittitle>
               </did>
               <c03 level="file">
                  <did>
                     <unittitle>Poems. <unitdate normal="1925/1973" type="inclusive">1925-1973</unitdate>
                     </unittitle>
                  </did>
               </c03>
               <c03 level="file">
                  <did>
                     <unittitle>Jacobson, E.-Wisby, Gloria</unittitle>
                  </did>
               </c03>
               <c03 level="file">
                  <did>
                     <unittitle>Miscellaneous pieces</unittitle>
                  </did>
               </c03>
            </c02>
            <c02 level="file">
               <did>
                  <unittitle>Music</unittitle>
               </did>
               <scopecontent>
                  <p> Sheet music of several V.S. Miner's poems arranged musically by Leo
                            Ascher, M.M. Chub, and Alfred Service. Titles include The Bored Goblins;
                            Come Early Spring; Come with Spring; Double Heaven; Irish Legend; Moon
                            Money; Not So My Heart (photostat copy); Song of the Rushes; Tension;
                            Wren Song</p>
               </scopecontent>
            </c02>
            <c02 level="file">
               <did>
                  <container type="Box" label="Box">4</container>
                  <unittitle>Correspondence</unittitle>
               </did>
               <c03 level="file">
                  <did>
                     <unittitle>Family. <unitdate normal="1979-09-29/1981-04-30" type="inclusive">1979, Sept. 29-1981, Apr.
                                30</unitdate>
                     </unittitle>
                  </did>
               </c03>
               <c03 level="file">
                  <did>
                     <unittitle>Cohen, Marty. <unitdate normal="1975/1982" type="inclusive">1975-1982</unitdate>
                     </unittitle>
                  </did>
               </c03>
               <c03 level="file">
                  <did>
                     <unittitle>Frank, James. <unitdate normal="1979/1982" type="inclusive">1979-1982</unitdate>
                     </unittitle>
                     <physdesc>(4 folders)</physdesc>
                  </did>
               </c03>
               <c03 level="file">
                  <did>
                     <unittitle>Oelsner, Geoffrey A. <unitdate normal="1975/1982" type="inclusive">1975-1982</unitdate>
                     </unittitle>
                  </did>
               </c03>
               <c03 level="file">
                  <did>
                     <unittitle>Phifer, Kenneth. <unitdate normal="1978/1982" type="inclusive">1978-1982</unitdate>
                     </unittitle>
                  </did>
               </c03>
               <c03 level="file">
                  <did>
                     <unittitle>Sutherland, Robert Delano. <unitdate normal="1977/1982" type="inclusive">1977-1982</unitdate>
                     </unittitle>
                  </did>
               </c03>
               <c03 level="file">
                  <did>
                     <unittitle>Thompson, Dorothy Brown, to. <unitdate normal="1974/1981" type="inclusive">1974-1981</unitdate>
                     </unittitle>
                     <physdesc>(6 folders)</physdesc>
                  </did>
               </c03>
               <c03 level="file">
                  <did>
                     <unittitle>Thompson, Dorothy Brown, from. <unitdate normal="1956/1982" type="inclusive">1956-1982</unitdate>
                     </unittitle>
                     <physdesc>(5 folders)</physdesc>
                  </did>
               </c03>
               <c03 level="file">
                  <did>
                     <unittitle>Vogt, Gertrude. <unitdate normal="1975/1979" type="inclusive">1975-1979</unitdate>
                     </unittitle>
                  </did>
               </c03>
               <c03 level="file">
                  <did>
                     <unittitle>Williams, Paul. <unitdate normal="1970/1977" type="inclusive">1970-1977</unitdate>
                     </unittitle>
                  </did>
               </c03>
               <c03 level="file">
                  <did>
                     <unittitle>
                        <unitdate normal="1915/1982" type="inclusive">n.d.</unitdate>
                     </unittitle>
                  </did>
               </c03>
            </c02>
            <c02 level="file">
               <did>
                  <container type="Box" label="Box">5</container>
                  <unittitle>Correspondence</unittitle>
               </did>
               <c03 level="file">
                  <did>
                     <unittitle>
                        <unitdate normal="1920/1982-05" type="inclusive">1920-1982,
                                    May</unitdate>
                     </unittitle>
                     <physdesc>(20 folders)</physdesc>
                  </did>
               </c03>
            </c02>
            <c02 level="file">
               <did>
                  <unittitle>Biographical material</unittitle>
               </did>
               <c03 level="file">
                  <did>
                     <unittitle>Biographical clippings and accession information</unittitle>
                  </did>
               </c03>
               <c03 level="file">
                  <did>
                     <unittitle>Biographical account. <unitdate normal="1924/1982" type="inclusive">1924-1982</unitdate>
                     </unittitle>
                  </did>
               </c03>
               <c03 level="file">
                  <did>
                     <unittitle>Clippings and printed. <unitdate normal="1921/1982" type="inclusive">1921-1982</unitdate>
                     </unittitle>
                     <physdesc>(2 folders)</physdesc>
                  </did>
               </c03>
               <c03 level="file">
                  <did>
                     <unittitle>Financial. <unitdate normal="1957/1981" type="inclusive">1957-1981</unitdate>
                     </unittitle>
                     <physdesc>(3 folders)</physdesc>
                  </did>
               </c03>
               <c03 level="file">
                  <did>
                     <unittitle>Photographs. <unitdate normal="1905/1981" type="inclusive">1905 (copy)-1981</unitdate>
                     </unittitle>
                     <physdesc>(6 folders)</physdesc>
                  </did>
               </c03>
            </c02>
            <c02 level="file">
               <did>
                  <container type="Box" label="Box">6</container>
                  <unittitle>Notebooks</unittitle>
               </did>
               <c03 level="file">
                  <did>
                     <unittitle>Records of poems, published and unpublished. <unitdate normal="1934/1981" type="inclusive">1934-1981</unitdate>
                     </unittitle>
                     <physdesc>(5 folders)</physdesc>
                  </did>
               </c03>
            </c02>
            <c02 level="file">
               <did>
                  <unittitle>Writings</unittitle>
               </did>
               <c03 level="file">
                  <did>
                     <unittitle>Poems and notes, <unitdate normal="1937/1976" type="inclusive">1937-1976</unitdate>
                     </unittitle>
                     <physdesc>(5 folders)</physdesc>
                  </did>
               </c03>
               <c03 level="file">
                  <did>
                     <unittitle>Reviews of Nefertiti and Trees</unittitle>
                  </did>
               </c03>
            </c02>
            <c02 level="file">
               <did>
                  <unittitle>Diaries</unittitle>
               </did>
               <c03 level="file">
                  <did>
                     <unittitle>
                        <unitdate normal="1953">1953;</unitdate>
                        <unitdate normal="1971/1980" type="inclusive">1971-1980;</unitdate>
                        <unitdate normal="1980">1980</unitdate>(note); <unitdate normal="1980-09-13/1981-11-27" type="inclusive">1980, Sept. 13-1981, Nov.
                                    27;</unitdate>
                        <unitdate normal="1981">1981</unitdate>
                     </unittitle>
                     <physdesc>(5 folders)</physdesc>
                  </did>
               </c03>
            </c02>
            <c02 level="file">
               <did>
                  <unittitle>Miscellaneous</unittitle>
               </did>
               <c03 level="file">
                  <did>
                     <unittitle>P.E.O. materials</unittitle>
                  </did>
                  <scopecontent>
                     <p> [Includes <emph render="italic">P.E.O. Register</emph>
                        <unitdate normal="1978-07">July 1978,</unitdate>
                        <unitdate normal="1978-10">Oct. 1978,</unitdate>
                        <unitdate normal="1978-11">Nov. 1978,</unitdate>
                        <unitdate normal="1979-01">Jan. 1979;</unitdate> member directory
                                    <unitdate normal="1974/1975" type="inclusive">1974-1975,</unitdate>
                        <unitdate normal="1977/1978" type="inclusive">1977-1978;</unitdate>
                                speeches; poems; notes]</p>
                  </scopecontent>
               </c03>
               <c03 level="file">
                  <did>
                     <unittitle>Small book of pressed flowers from locations in
                                Europe</unittitle>
                  </did>
               </c03>
               <c03 level="file">
                  <did>
                     <unittitle>History of the Diversifiers. <unitdate normal="1976">1976</unitdate>
                     </unittitle>
                  </did>
               </c03>
            </c02>
            <c02 level="file">
               <did>
                  <container type="Box" label="Box">7</container>
                  <unittitle>Writings</unittitle>
                  <physdesc>(19 folders)</physdesc>
               </did>
            </c02>
            <c02 level="file">
               <did>
                  <unittitle>Writings</unittitle>
               </did>
               <c03 level="file">
                  <did>
                     <unittitle>Miner, V.S.</unittitle>
                     <physdesc>(16 folders)</physdesc>
                  </did>
               </c03>
               <c03 level="file">
                  <did>
                     <unittitle>The Slender Screen. Proofs</unittitle>
                  </did>
               </c03>
               <c03 level="file">
                  <did>
                     <unittitle>Others</unittitle>
                  </did>
                  <c04 level="file">
                     <did>
                        <unittitle>Cohen Martin</unittitle>
                     </did>
                  </c04>
                  <c04 level="file">
                     <did>
                        <unittitle>Conwell, Joseph</unittitle>
                     </did>
                  </c04>
                  <c04 level="file">
                     <did>
                        <unittitle>Garnett, Richard Gordon</unittitle>
                     </did>
                  </c04>
                  <c04 level="file">
                     <did>
                        <unittitle>Goodman, Ryan Tunmarkin</unittitle>
                     </did>
                  </c04>
                  <c04 level="file">
                     <did>
                        <unittitle>Jaffe, Dan</unittitle>
                     </did>
                  </c04>
                  <c04 level="file">
                     <did>
                        <unittitle>McLeod, Maria Julie</unittitle>
                     </did>
                  </c04>
                  <c04 level="file">
                     <did>
                        <unittitle>Mahkuk, Margret</unittitle>
                     </did>
                  </c04>
                  <c04 level="file">
                     <did>
                        <container type="Box" label="Box">9</container>
                        <unittitle>Sutherland, Robert D.</unittitle>
                        <physdesc>(6 folders)</physdesc>
                     </did>
                  </c04>
                  <c04 level="file">
                     <did>
                        <unittitle>Williams, Paul</unittitle>
                        <physdesc>(4 folders)</physdesc>
                     </did>
                  </c04>
                  <c04 level="file">
                     <did>
                        <unittitle>TBA</unittitle>
                     </did>
                  </c04>
               </c03>
               <c03 level="file">
                  <did>
                     <unittitle>Printed</unittitle>
                  </did>
                  <c04 level="file">
                     <did>
                        <unittitle>
                           <emph render="italic">American Journal</emph>. Autograph
                                    document and photostat copies with autograph notes</unittitle>
                        <physdesc>(4 folders)</physdesc>
                     </did>
                  </c04>
                  <c04 level="file">
                     <did>
                        <unittitle>Poems</unittitle>
                        <physdesc>(2 folders)</physdesc>
                     </did>
                  </c04>
                  <c04 level="file">
                     <did>
                        <unittitle>Book reviews</unittitle>
                        <physdesc>(3 folders)</physdesc>
                     </did>
                  </c04>
                  <c04 level="file">
                     <did>
                        <unittitle>Articles</unittitle>
                     </did>
                  </c04>
                  <c04 level="file">
                     <did>
                        <unittitle>Bound material.</unittitle>
                        <physdesc>(3 folders)</physdesc>
                     </did>
                     <scopecontent>
                        <p> [Includes <emph render="italic">The Windless Orchard</emph> #38,
                                    Spring-Summer <unitdate normal="1981">1981;</unitdate>
                           <emph render="italic">New Letters</emph>, <unitdate normal="1981/1982" type="inclusive">Winter
                                        1981-1982</unitdate> (2 copies); <emph render="italic">Helicon Nine</emph>, no. 5, <unitdate normal="1981-09/1981-12" type="inclusive">Fall
                                        1981;</unitdate>
                           <emph render="italic">Focus Midwest</emph>, vol. 14, no. 86;
                                        <emph render="italic">New Mexico Quarterly</emph>, vol. XXX,
                                    no. 4, <unitdate normal="1960/1961" type="inclusive">Winter
                                        1960-1961;</unitdate>
                           <emph render="italic">Indiana Names</emph>, vol. III, no. 2,
                                        <unitdate normal="1972-08/1972-12" type="inclusive">Fall
                                        1972;</unitdate>
                           <emph render="italic">Unity</emph>, <unitdate normal="1981-04">April 1981,</unitdate>
                           <unitdate normal="1981-12">December 1981;</unitdate>
                           <emph render="italic">Bits and Pieces from My Hoard that
                                        Grew</emph>, <unitdate normal="1969-06-12">June 12,
                                        1969;</unitdate>
                           <emph render="italic">Cornucopia</emph>, vol. 20 no. 2 <unitdate normal="1966-06/1966-08" type="inclusive">Summer
                                        1966,</unitdate> vol. 20 no. 3 <unitdate normal="1966">Winter 1966,</unitdate> vol. 21 no. 4 <unitdate normal="1967">Winter 1967,</unitdate> vol. 22 no. 3
                                        <unitdate normal="1968-08/1968-12" type="inclusive">Fall
                                        1968,</unitdate> vol. 22 no. 2 <unitdate normal="1969-06/1969-08" type="inclusive">Summer
                                        1969]</unitdate>
                        </p>
                     </scopecontent>
                  </c04>
               </c03>
            </c02>
            <c02 level="file">
               <did>
                  <container type="Box" label="Box">10</container>
                  <unittitle>Printed</unittitle>
                  <physdesc>(3 folders)</physdesc>
               </did>
               <c03 level="file">
                  <did>
                     <unittitle>Pembroke-Country Day School</unittitle>
                  </did>
                  <scopecontent>
                     <p> [Includes student and parent directory/handbooks, <unitdate normal="1971/1972" type="inclusive">1971/1972,</unitdate>
                        <unitdate normal="1978/1982" type="inclusive">1978-1982;</unitdate>
                        <emph render="italic">Helicon</emph>
                        <unitdate normal="1964/1968" type="inclusive">1964-1968,</unitdate>
                        <unitdate normal="1970">1970,</unitdate>
                        <unitdate normal="1977/1978" type="inclusive">1977-1978,</unitdate>
                        <unitdate normal="1980/1981" type="inclusive">1980-1981;</unitdate>
                                yearbook <unitdate normal="1960">1960;</unitdate> grade book
                                    <unitdate normal="1966/1967" type="inclusive">1966-1967]</unitdate>
                     </p>
                  </scopecontent>
               </c03>
            </c02>
            <c02 level="file">
               <did>
                  <unittitle>Humphrey, Robin</unittitle>
               </did>
               <scopecontent>
                  <p> [Includes photographs and literature from the Missouri Repertory
                            Theatre]</p>
               </scopecontent>
            </c02>
            <c02 level="file">
               <did>
                  <unittitle>Travel</unittitle>
               </did>
               <c03 level="file">
                  <did>
                     <unittitle>Europe</unittitle>
                     <physdesc>(2 folders)</physdesc>
                  </did>
                  <scopecontent>
                     <p> [Includes maps; brochures; magazine articles; postcards]</p>
                  </scopecontent>
               </c03>
               <c03 level="file">
                  <did>
                     <unittitle>Indiana</unittitle>
                  </did>
                  <scopecontent>
                     <p> [Includes <emph render="italic">Indiana History Bulletin</emph>
                        <unitdate normal="1971-01">January 1971;</unitdate> newspaper
                                clippings]</p>
                  </scopecontent>
               </c03>
               <c03 level="file">
                  <did>
                     <unittitle>Miscellaneous</unittitle>
                  </did>
                  <scopecontent>
                     <p> [Includes maps, brochures, photographs and postcards of Europe, the
                                West Indies, South America, and the United States]</p>
                  </scopecontent>
               </c03>
            </c02>
            <c02 level="file">
               <did>
                  <unittitle>Miscellaneous</unittitle>
               </did>
               <c03 level="file">
                  <did>
                     <unittitle>Miner notes</unittitle>
                     <physdesc>(5 folders)</physdesc>
                  </did>
                  <scopecontent>
                     <p> [Includes newspaper clippings, magazine articles and brochures with
                                autograph notes]</p>
                  </scopecontent>
               </c03>
               <c03 level="file">
                  <did>
                     <unittitle>Notes by others</unittitle>
                  </did>
               </c03>
               <c03 level="file">
                  <did>
                     <container type="Box" label="Oversize">1</container>
                     <unittitle>Scrapbooks</unittitle>
                  </did>
                  <c04 level="file">
                     <did>
                        <unittitle>Scrapbook. <unitdate normal="1939/1961" type="inclusive">1939-1961</unitdate>
                        </unittitle>
                     </did>
                  </c04>
                  <c04 level="file">
                     <did>
                        <container type="Box" label="Oversize">2</container>
                        <unittitle>Scrapbook. <unitdate normal="1978/1982" type="inclusive">1978-1982</unitdate>
                        </unittitle>
                     </did>
                  </c04>
                  <c04 level="file">
                     <did>
                        <container type="Box" label="Oversize">3</container>
                        <unittitle>Scrapbooks. <unitdate normal="1915/1925" type="inclusive">1915-1925</unitdate>
                        </unittitle>
                     </did>
                  </c04>
                  <c04 level="file">
                     <did>
                        <container type="Box" label="Oversize">4</container>
                        <unittitle>Scrapbooks I-VII</unittitle>
                     </did>
                  </c04>
                  <c04 level="file">
                     <did>
                        <container type="Box" label="Oversize">5</container>
                        <unittitle>Scrapbooks VIII-XIV</unittitle>
                     </did>
                  </c04>
               </c03>
               <c03 level="file">
                  <did>
                     <container type="Box" label="Oversize">6</container>
                     <unittitle>Drawings by illustrators Dorothy Bayley, Harold M. Sichel,
                                and Katherine Richardson Wireman for poems by Mrs. Miner</unittitle>
                  </did>
               </c03>
            </c02>
         </c01>
      </dsc>
   </archdesc>
</ead>
