<?xml version="1.0" encoding="utf-8"?>
<ead xmlns="urn:isbn:1-931666-22-9"
     xmlns:xlink="http://www.w3.org/1999/xlink"
     xmlns:xsi="http://www.w3.org/2001/XMLSchema-instance"
     xsi:schemaLocation="urn:isbn:1-931666-22-9 http://www.loc.gov/ead/ead.xsd">
   <eadheader audience="internal"
              langencoding="iso639-2b"
              scriptencoding="iso15924"
              repositoryencoding="iso15511"
              countryencoding="iso3166-1"
              dateencoding="iso8601"
              findaidstatus="originaldraft">
      <eadid encodinganalog="identifier"
             identifier="InU-Li-VAD6049"
             countrycode="US"
             mainagencycode="InU-Li">InU-Li-VAD6049</eadid>
      <filedesc>
         <titlestmt>
            <titleproper encodinganalog="title">Baker, E. mss. II, <date normal="1964/1965" era="ce" calendar="gregorian">1964-1965</date>
            </titleproper>
            <subtitle>Papers of Elliot Baker at the Lilly Library, Indiana University, Bloomington,
               Indiana</subtitle>
            <author encodinganalog="creator">Electronic finding aid encoded by Indiana University
               Libraries.</author>
         </titlestmt>
         <publicationstmt>
            <publisher encodinganalog="publisher">Indiana University Libraries</publisher>
            <date encodinganalog="date"
                  normal="2017"
                  type="publication"
                  era="ce"
                  calendar="gregorian">© 2017</date>
         </publicationstmt>
         <notestmt>
            <note encodinganalog="rights">
               <p>
                  <date normal="2017">© 2017</date> Trustees of Indiana University. All rights
                  reserved.</p>
            </note>
         </notestmt>
      </filedesc>
      <profiledesc>
         <creation>XML finding aid automatically generated from spreadsheet output of database.
            Finding aid encoded by Indiana University Libraries, <date normal="2017-03-10" era="ce" calendar="gregorian">March 10, 2017</date>
         </creation>
         <langusage>Description is in <language encodinganalog="language" langcode="eng" scriptcode="Latn">English.</language>
         </langusage>
      </profiledesc>
      <revisiondesc>
         <change audience="internal">
            <date normal="2017-03-10" era="ce" calendar="gregorian">March 10, 2017</date>
            <item>Encoded finding aid created.</item>
         </change>
         <change audience="internal">
            <date normal="2017-08-31" era="ce" calendar="gregorian">August 31, 2017</date>
            <item>Edits and rearrangement of content into requisite Lilly EAD structure, including
               addition of abstract, bioghist, scopecontent, controlaccess, relatedmaterial, and c01
               levels of container list. Madison Chartier</item>
         </change>
         <change audience="internal">
            <date normal="2017-09-13" era="ce" calendar="gregorian">September 13, 2017</date>
            <item>Inserted code for quotes and apostrophes. Madison Chartier</item>
         </change>
         <change audience="internal">
            <date normal="2017-09-14" era="ce" calendar="gregorian">September 14, 2017</date>
            <item>Adjusted creator name in origination tag per instructions of Erika Dowell. Madison Chartier</item>
         </change>
         <change audience="internal">
            <date normal="2017-11-29">November 29, 2017</date>
            <item>Batch update to change subject links.</item>
         </change>
      </revisiondesc>
   </eadheader>
   <archdesc level="collection"
             audience="external"
             type="inventory"
             relatedencoding="marc">
      <did>
         <head>Summary Information</head>
         <repository encodinganalog="852" label="Repository" id="lilly">
            <corpname source="lcnaf" normal="Lilly Library (Indiana University, Bloomington)">Lilly
               Library (Indiana University, Bloomington)</corpname>
            <address>
               <addressline>Indiana University</addressline>
               <addressline>1200 E. Seventh St.</addressline>
               <addressline>Bloomington, IN 47405-5500</addressline>
               <addressline>Phone: 812-855-2452</addressline>
               <addressline>Fax: 812-855-3143</addressline>
               <addressline>Email: liblilly@indiana.edu</addressline>
            </address>
            <lb/>
            <extref xlink:href="http://www.indiana.edu/~liblilly">http://www.indiana.edu/~liblilly</extref>
         </repository>
         <origination label="Creator">Baker, Elliot</origination>
         <unittitle encodinganalog="245$a" label="Title">Baker, E. mss. II</unittitle>
         <unitdate normal="1964/1965"
                   type="inclusive"
                   encodinganalog="245$f"
                   era="ce"
                   calendar="gregorian">1964-1965</unitdate>
         <unitid encodinganalog="099"
                 countrycode="US"
                 repositorycode="US-InU-Li"
                 label="Collection No.">LMC 2387</unitid>
         <physdesc encodinganalog="300$a$f" label="Extent">
            <extent>3 items</extent>
         </physdesc>
         <langmaterial label="Language" encodinganalog="546">Materials are in <language langcode="eng">English.</language>
         </langmaterial>
         <abstract encodinganalog="520" label="Abstract">The Baker, E. mss. II, 1964-1965, consist
            of three items related to screenwriter-novelist Elliott Baker's most famous work, <title render="italic">A Fine Madness</title>.</abstract>
      </did>
      <accessrestrict encodinganalog="506$a">
         <head>Access Restrictions</head>
         <p>This collection is open for research.</p>
      </accessrestrict>
      <bioghist encodinganalog="545">
         <head>Biographical Note</head>
         <p>Elliott Baker was born in Buffalo, New York December 15, 1922. He attended and graduated
            from Indiana University and became a novelist and screenwriter. He was most well-known
            for his novel <title render="italic">A Fine Madness</title>, published by G.P. in 1964
            and later adapted into a movie starring Sean Connery. Baker died February 9, 2007, in
            Los Angeles, California.</p>
      </bioghist>
      <scopecontent encodinganalog="520">
         <head>Scope and Content Note</head>
         <p>The Baker, E. mss. II, 1964-1965, consist of the original typescript, "Flesh and
            Appetites," by Elliott Baker, 1922- , a proof copy of the published volume, titled <emph render="italic">A Fine Madness </emph>, (New York: G.P. Putnam's Sons, 1964) with
            Baker's penciled notations and markings throughout, and the final script for the movie
            of the same title, released by Warner Brothers in 1966. Baker prepared the film
            adaptation himself. All three items are signed by Baker.</p>
      </scopecontent>
      <controlaccess>
         <head>Indexing Terms</head>
         <controlaccess>
            <head>Names</head>
            <list>
               <item>
                  <extref xlink:href="https://iucat.iu.edu/?q=&#34;baker+elliot+1922-2007&#34;&amp;search_field=subject_link">
                     <persname encodinganalog="600" source="lcnaf">Baker, Elliott</persname>
                  </extref>
               </item>
            </list>
         </controlaccess>
      </controlaccess>
      <relatedmaterial encodinganalog="544 1">
         <head>Related Material</head>
         <p>Baker, E. mss., also located at the Lilly Library, Indiana University, Bloomington,
            Indiana.</p>
      </relatedmaterial>
      <descgrp>
         <head>Administrative Information</head>
         <!-- required -->
         <acqinfo encodinganalog="541">
            <head>Acquisition Information</head>
            <p>Purchased: <date normal="2003">2003</date>
            </p>
         </acqinfo>
         <userestrict encodinganalog="540">
            <head>Usage Restrictions</head>
            <p>Prior arrangements are not necessary before coming to the Library, however, patrons
               from out of town are encouraged to communicate with the Library in advance of their
               visits to ascertain availability of materials.</p>
            <p>Photocopying permitted only with permission of the curator.</p>
         </userestrict>
         <prefercite encodinganalog="524$a">
            <head>Preferred Citation</head>
            <p>[Item], Baker, E. mss. II, Lilly Library, Indiana University, Bloomington,
               Indiana.</p>
         </prefercite>
      </descgrp>
      <dsc>
         <head>Container List</head>
         <c01 level="item">
            <did>
               <unittitle>
                  <title render="italic">Flesh and Appetites</title>, by Elliott
                  Baker.</unittitle>
               <physdesc>
                  <extent>T.D.S., 399 p.</extent>
                  <extent>(3 folders)</extent> Heavily annotated and revised throughout. On title
                  page: Published as "A Fine Madness" Feb. 1964. Original typed (by myself)
                  manuscript with pencil revisions. Elliott Baker. </physdesc>
            </did>
         </c01>
         <c01 level="item">
            <did>
               <unittitle>
                  <title render="italic">A Fine Madness: A Novel</title>. Proof copy. New
                  York: G.P. Putnam's Sons, <unitdate normal="1964">1964</unitdate>.</unittitle>
               <physdesc>In blue wrappers. On half title: Notes made June/1964 at swimming pool,
                  Beverly Carlton Hotel, Los Angeles, while working on film script. Elliott
                  Baker</physdesc>
            </did>
         </c01>
         <c01 level="item">
            <did>
               <unittitle>Cover title: "A Fine Madness" <unitdate>August 27, 1965
                  </unitdate>FINAL.</unittitle>
               <physdesc>Title page: "A Fine Madness" Screenplay by Elliott Baker. Based on the
                  Novel by Elliott Baker. 8/27/65. Signed: Elliott Baker. Inserted at back of
                  script: Change 9/1/65. Please insert the following change in your script.
                     <extent>2p.</extent>
                  <extent>2 copies.</extent>
               </physdesc>
            </did>
         </c01>
      </dsc>
   </archdesc>
</ead>
