<?xml version="1.0" encoding="UTF-8"?><ead xmlns="urn:isbn:1-931666-22-9" xmlns:xlink="http://www.w3.org/1999/xlink" xmlns:xsi="http://www.w3.org/2001/XMLSchema-instance" xsi:schemaLocation="urn:isbn:1-931666-22-9 http://www.loc.gov/ead/ead.xsd">
   <eadheader audience="internal" langencoding="iso639-2b" scriptencoding="iso15924" repositoryencoding="iso15511" countryencoding="iso3166-1" dateencoding="iso8601" findaidstatus="originaldraft">
      <eadid encodinganalog="identifier" identifier="InU-Li-VAD6139" countrycode="US" mainagencycode="InU-Li">InU-Li-VAD6139</eadid>
      <filedesc>
         <titlestmt>
            <titleproper encodinganalog="title">Brooks mss., <date normal="1838/1845" era="ce" calendar="gregorian">1838-1845</date>
            </titleproper>
            <subtitle>Papers of Various at the Lilly Library, Indiana University, Bloomington,
               Indiana</subtitle>
            <author encodinganalog="creator">Electronic finding aid encoded by Indiana University
               Libraries.</author>
         </titlestmt>
         <publicationstmt>
            <publisher encodinganalog="publisher">Indiana University Digital Library
               Program</publisher>
            <date encodinganalog="date" normal="2017" type="publication" era="ce" calendar="gregorian">© 2017</date>
         </publicationstmt>
         <notestmt>
            <note encodinganalog="rights">
               <p>
                  <date normal="2017">© 2017</date> Trustees of Indiana University. All rights
                  reserved.</p>
            </note>
         </notestmt>
      </filedesc>
      <profiledesc>
         <creation>XML finding aid automatically generated from spreadsheet output of database.
            Finding aid encoded by Indiana University Libraries, <date normal="2017-03-10" era="ce" calendar="gregorian">March 10, 2017</date>
         </creation>
         <langusage>Description is in <language encodinganalog="language" langcode="eng" scriptcode="Latn">English.</language>
         </langusage>
      </profiledesc>
      <revisiondesc>
         <change audience="internal">
            <date normal="2017-03-10" era="ce" calendar="gregorian">March 10, 2017</date>
            <item>Encoded finding aid created.</item>
         </change>
         <change audience="internal">
            <date calendar="gregorian" normal="2017-12-13" era="ce">December 13, 2017</date>
            <item>Edits and rearrangement of content into requisite Lilly EAD structure, including
               addition of abstract, bioghist, scopecontent, controlaccess, relatedmaterial, and c01
               levels of container list. Haley Suby.</item>
         </change>
         <change audience="internal">
            <date normal="2018-04-27">April 27, 2018</date>
            <item>Batch update to change subject links.</item>
         </change>
      </revisiondesc>
   </eadheader>
   <archdesc level="collection" audience="external" type="inventory" relatedencoding="marc">
      <did>
         <head>Summary Information</head>
         <repository encodinganalog="852" label="Repository" id="lilly">
            <corpname source="lcnaf" normal="Lilly Library (Indiana University, Bloomington)">Lilly
               Library (Indiana University, Bloomington)</corpname>
            <address>
               <addressline>Indiana University</addressline>
               <addressline>1200 E. Seventh St.</addressline>
               <addressline>Bloomington, IN 47405-5500</addressline>
               <addressline>Phone: 812-855-2452</addressline>
               <addressline>Fax: 812-855-3143</addressline>
               <addressline>Email: liblilly@indiana.edu</addressline>
            </address>
            <lb/>
            <extref xlink:href="http://www.indiana.edu/~liblilly">http://www.indiana.edu/~liblilly</extref>
         </repository>
         <origination label="Creator">Various</origination>
         <unittitle encodinganalog="245$a" label="Title">Brooks mss.</unittitle>
         <unitdate normal="1838/1845" type="inclusive" encodinganalog="245$f" era="ce" calendar="gregorian">1838-1845</unitdate>
         <unitid encodinganalog="099" countrycode="US" repositorycode="US-InU-Li" label="Collection No.">LMC 1133</unitid>
         <physdesc encodinganalog="300$a$f" label="Extent">
            <extent>1 folder (26 items)</extent>
         </physdesc>
         <langmaterial label="Language" encodinganalog="546">Materials are in <language langcode="eng">English.</language>
         </langmaterial>
         <abstract encodinganalog="520" label="Abstract">The Brooks mss., 1838-1845, consist of
            letters to Thomas Jefferson Brooks at Mt. Pleasant, Martin County, Indiana, from John
            Bell of Louisville, Kentucky, agent for trustees of Bell Evans Co., Daniel Hunt of
            Boston, Massachusetts, David Jones of Belleville, Illinois, Nancy Newell of Pittsford,
            Virginia, George Brown, Henry B. Shields, Thomas Lacy Smith, and Charles Woodruff of New
            Albany, Indiana; and to Lewis Brooks at New Albany, Indiana, from Rufus Brown of Mt.
            Pleasant, Indiana.</abstract>
      </did>
      <accessrestrict encodinganalog="506$a">
         <head>Access Restrictions</head>
         <p>This collection is open for research.</p>
      </accessrestrict>
      <bioghist encodinganalog="545">
         <head>Biographical Note</head>
         <p>Thomas Jefferson Brooks was born in Lincoln, Massachusetts, in 1805. In 1823 he joined
            his brother Lewis at Hindostan, Indiana, where he operated a factory and store. In 1828
            he moved to Orange Valley in Orange County, Indiana, and engaged in business on his own
            account. In 1833 he returned to Martin County settling on a farm a mile west of Mt.
            Pleasant and operating a store there. Later he moved to Loogootee, Indiana, where he
            died in 1882. He established a mercantile and pork packing business at Mt. Pleasant in
            1840 and a similar business at Loogootee in 1854. He held offices of public trust and
            encouraged the establishment and maintenance of schools in Martin County.</p>
         <p>In 1830 Thomas Jefferson Brooks married Susan Poor (1811- 1874), an own cousin of
            Charlotte Chute who became the wife of Conrad Baker, the sixteenth governor of Indiana.
            Thomas Jefferson and Susan (Poor) Brooks became the parents of thirteen children among
            whom was Lewis Brooks, 1835- , who had a career as a flatboatsman and as a colonel in
            the 80th Indiana Volunteer Infantry in the Civil War.</p>
      </bioghist>
      <scopecontent encodinganalog="520">
         <head>Scope and Content Note</head>
         <p>The Brooks mss., 1838-1845, consist of letters to Thomas Jefferson Brooks at Mt.
            Pleasant, Martin County, Indiana, from John Bell of Louisville, Kentucky, agent for
            trustees of Bell Evans Co., Daniel Hunt of Boston, Massachusetts, David Jones of
            Belleville, Illinois, Nancy Newell of Pittsford, Virginia, George Brown, Henry B.
            Shields, Thomas Lacy Smith, and Charles Woodruff of New Albany, Indiana; and to Lewis
            Brooks at New Albany, Indiana, from Rufus Brown of Mt. Pleasant, Indiana. </p>
         <p>The letters relate chiefly to the settlement of the estate of Lewis Brooks, 1802-1838?,
            the brother of Thomas Jefferson Brooks, who lived in Hindostan, Mt. Pleasant, New
            Albany, Indiana, and was engaged in the wholesale business. While living at Mt. Pleasant
            he built the first brick house in the area known as Wildwoods. The letters refer to Mary
            Caroline (Meriam) Brooks (Mrs. Lewis Brooks), her sister Eliza A. P. (Meriam) Brown
            (Mrs. Charles R. Brown, later Mrs. John Wise), the Lewis Brooks daughters Eliza who
            married Augustus Wise and Mary Caroline who married Benjamin Champneys, the artist, of
            Woburn, Massachusetts. The daughters attended school in Lexington, Massachusetts, taught
            by Rebecca (Brooks) Trask, 1808- , sister of Thomas Jefferson Brooks, who later came to
            Mt. Pleasant to teach. </p>
         <p>A letter from Daniel Hunt of Boston, 1843, September 12, inquires about land in Daviess
            County being offered for sale by the Boston and Indiana Land Company in Boston. Other
            letters discuss the exchange of money and the buying and selling of land. </p>
      </scopecontent>
      <controlaccess>
         <head>Indexing Terms</head>
         <controlaccess>
            <head>Names</head>
            <list>
               <item>
                  <extref xlink:href="https://iucat.iu.edu/?q=&#34;Bell+John+1805&#34;&amp;search_field=subject_link">
                     <persname encodinganalog="600">Bell, John, 1805- </persname>
                  </extref>
               </item>
               <item>
                  <extref xlink:href="https://iucat.iu.edu/?q=&#34;Poor+Susan+1811+1874&#34;&amp;search_field=subject_link">
                     <persname encodinganalog="600">Poor, Susan, 1811- 1874</persname>
                  </extref>
               </item>
               <item>
                  <extref xlink:href="https://iucat.iu.edu/?q=&#34;Brooks+Lewis+1802&#34;&amp;search_field=subject_link">
                     <persname encodinganalog="600">Brooks, Lewis, 1802- </persname>
                  </extref>
               </item>
               <item>
                  <extref xlink:href="https://iucat.iu.edu/?q=&#34;Hunt+Daniel+1806+1869&#34;&amp;search_field=subject_link">
                     <persname encodinganalog="600" source="lcnaf">Hunt, Daniel, 1806-1869</persname>
                  </extref>
               </item>
               <item>
                  <extref xlink:href="https://iucat.iu.edu/?q=&#34;Hunt+Daniel+1806+1869&#34;&amp;search_field=subject_link">
                     <persname encodinganalog="600" source="lcnaf">Jones, David</persname>
                  </extref>
               </item>
               <item>
                  <extref xlink:href="https://iucat.iu.edu/?q=&#34;Newell+Nancy&#34;&amp;search_field=subject_link">
                     <persname encodinganalog="600">Newell, Nancy</persname>
                  </extref>
               </item>
               <item>
                  <extref xlink:href="https://iucat.iu.edu/?q=&#34;Brown+George&#34;&amp;search_field=subject_link">
                     <persname encodinganalog="600">Brown, George</persname>
                  </extref>
               </item>
               <item>
                  <extref xlink:href="https://iucat.iu.edu/?q=&#34;Shields+Henry+B&#34;&amp;search_field=subject_link">
                     <persname encodinganalog="600">Shields, Henry B.</persname>
                  </extref>
               </item>
               <item>
                  <extref xlink:href="https://iucat.iu.edu/?q=&#34;Smith+Thomas+Lacy&#34;&amp;search_field=subject_link">
                     <persname encodinganalog="600">Smith, Thomas Lacy</persname>
                  </extref>
               </item>
               <item>
                  <extref xlink:href="https://iucat.iu.edu/?q=&#34;Woodruff+Charles&#34;&amp;search_field=subject_link">
                     <persname encodinganalog="600">Woodruff, Charles</persname>
                  </extref>
               </item>
            </list>
         </controlaccess>
      </controlaccess>
      <descgrp>
         <head>Administrative Information</head>
         <acqinfo encodinganalog="541">
            <head>Acquisition Information</head>
            <p>Purchase: 2002</p>
         </acqinfo>
         <userestrict encodinganalog="540">
            <head>Usage Restrictions</head>
            <p>Prior arrangements are not necessary before coming to the Library, however, patrons
               from out of town are encouraged to communicate with the Library in advance of their
               visits to ascertain availability of materials.</p>
            <p>Photocopying permitted only with permission of the curator.</p>
         </userestrict>
         <prefercite encodinganalog="524$a">
            <head>Preferred Citation</head>
            <p>[Item], Brooks mss., Lilly Library, Indiana University, Bloomington, Indiana.</p>
         </prefercite>
      </descgrp>
      <dsc type="combined">
         <c01 level="collection" id="VAD6139-00001">
            <did>
               <unittitle>Brooks mss., 1838-1845</unittitle>
               <physdesc>
                  <extent>1 folder (26 items)</extent>
               </physdesc>
            </did>
         </c01>
      </dsc>
   </archdesc>
</ead>