<?xml version="1.0" encoding="utf-8"?><!-- Indiana University EAD template draft: 2003-Jan-2, 
    revised 2004-09-15 JLR; 
    revised fall 2006 and spring/summer 2007 JLR w/ EAD Working Group
    added repository code to /ead/archdesc/did/repository/@id, 4/1/09 JLR
--><ead xmlns="urn:isbn:1-931666-22-9" xmlns:xlink="http://www.w3.org/1999/xlink" xmlns:xsi="http://www.w3.org/2001/XMLSchema-instance" xsi:schemaLocation="urn:isbn:1-931666-22-9 http://www.loc.gov/ead/ead.xsd">
   <eadheader countryencoding="iso3166-1" audience="external" dateencoding="iso8601" scriptencoding="iso15924" findaidstatus="edited-full-draft" repositoryencoding="iso15511" langencoding="iso639-2b" relatedencoding="dublincore">
      <eadid identifier="InU-Li-VAD5715" encodinganalog="identifier" mainagencycode="InU-Li" countrycode="US">InU-Li-VAD5715</eadid>
      <!-- The value of eadid should follow the pattern of archive or library code, and then a unique number for the collection, e.g. InU-Li-VAA1234. Put this full identifier both in the identifier attribute and in the value of the eadid element. -->
      <!-- Generate a unique number for the collection at http://www.dlib.indiana.edu/cgi-bin/testtrackedit/filename.pl -->
      <filedesc><!-- This is a description of the electronic finding aid, not the original finding aid or the collection --><!-- Make title "The John Doe Papers, 1919-1965" rather than "The Papers of John Doe, 1919-1965" to eliminate 
                potential confusion about the meaning of the dates -->
         <titlestmt>
            <titleproper encodinganalog="title">Randall House mss., <date normal="1975/1988" type="inclusive">1975-1988.</date>
            </titleproper>
         </titlestmt>
         <publicationstmt>
            <publisher encodinganalog="publisher">Indiana University Digital Library
                    Program</publisher>
            <date normal="2016" encodinganalog="date" type="publication">© 2016</date>
         </publicationstmt>
         <notestmt><!-- Change date to date of first publication, change rights statement if other entity claims rights over the finding aid (not the collection)-->
            <note encodinganalog="rights">
               <p>
                  <date normal="2016">© 2016</date> Trustees of Indiana University. All rights
                        reserved.</p>
            </note>
         </notestmt>
      </filedesc>
      <profiledesc>
         <creation>XML finding aid derived from HTML version through cutting and pasting and
                through folder analysis. <date normal="2016" type="source">2016</date>
            <lb></lb>Finding aid encoded by Elizabeth Peters, Lilly Library, Indiana University,
                    <date normal="2016-08-25">August 25, 2016</date>
         </creation>
         <langusage>Description is in <language langcode="eng" encodinganalog="language">English.</language>
         </langusage>
      </profiledesc>
      <!-- revisiondesc is required -->
      <!-- record when the finding aid is completed in first change element, 
with subsequent changes
listed below the first -->
      <revisiondesc>
         <change audience="internal">
            <date normal="2016-03-01">March 1, 2016</date>
            <item>Encoded finding aid started.</item>
         </change>
         <change>
            <date normal="2016-08-29">August 29, 2016</date>
            <item>Encoded finding aid completed.</item>
         </change>
         <change audience="internal">
            <date normal="2017-11-29">November 29, 2017</date>
            <item>Batch update to change subject links.</item>
         </change>
      </revisiondesc>
   </eadheader>
   <archdesc audience="external" level="collection" type="inventory" relatedencoding="marc21"><!-- The TYPE attribute can be used to categorize the finding aid as an inventory, register, or other format. -->
      <did>
         <head>Summary Information</head>
         <repository encodinganalog="852" id="lilly" label="Repository">
            <corpname normal="Lilly Library (Indiana University, Bloomington)" source="lcnaf">Lilly Library (Indiana University, Bloomington)</corpname>
            <address>
               <addressline>Lilly Library</addressline>
               <addressline>Indiana University</addressline>
               <addressline>1200 E. Seventh St.</addressline>
               <addressline>Bloomington, IN 47405-5500</addressline>
               <addressline>Phone: 812-855-2452</addressline>
               <addressline>Fax: 812-855-3143</addressline>
               <addressline>Email: liblilly@indiana.edu</addressline>
            </address>
         </repository>
         <origination label="Creator"><!-- Or <corpname encodinganalog="110">, <meeting encodinganalog="111">, with source="lcnaf" if appropriate -->
            <persname encodinganalog="100" source="lcnaf">Randall House Publications
                    (Firm)</persname>
         </origination>
         <!-- per RLG guidelines recommendation, do not nest unitdate element within unittitle element -->
         <unittitle encodinganalog="245$a" label="Title">Randall House mss.</unittitle>
         <unitdate normal="1975/2013" encodinganalog="245$f" type="inclusive">1975-2013</unitdate>
         <!-- do not include separating punctuation between the unit title and the unit date.  The stylesheets will supply a comma where appropriate. -->
         <!-- unitdate may be repeated if both bulk and inclusive dates are recorded -->
         <!-- record the type of date - bulk or inclusive - in the type attribute. if date is bulk, change encodinganalog to 245$g -->
         <!-- recommended -->
         <unitid encodinganalog="099" label="Collection No.">LMC 2722</unitid>
         <physdesc encodinganalog="300" label="Extent">
            <extent>18,200 items</extent>
         </physdesc>
         <!-- if both linear feet and number of items included, repeat extent-->
         <!-- if collection includes signinficant non-english material add code to langmaterial element -->
         <langmaterial encodinganalog="546" label="Language">Materials are in <language langcode="eng">English.</language>
         </langmaterial>
         <abstract encodinganalog="520" label="Abstract">The Randall House mss., 1975-2013,
                consist of the business records and correspondence of the San Francisco bookselling
                firm Randall and Windle, and of its successor Randall House. Included are ledger
                sheets, paid bills, payroll records, correspondence, and tax records and
                receipts.</abstract>
      </did>
      <!-- required even if unrestricted -->
      <accessrestrict encodinganalog="506">
         <head>Access Restrictions</head>
         <p>This collection is open for research.</p>
      </accessrestrict>
      <!-- required; can be short -->
      <bioghist encodinganalog="545">
         <head>Administrative History</head>
         <p>Randall House Rare Books is a bookselling firm in Santa Barbara, CA, run by Ron
                Randall and Pia Oliver since 1980. The company grew out of the San Francisco firm
                Randall and Windle, opened in 1975 by Ron Randall and John Windle.</p>
      </bioghist>
      <!--optional -->
      <arrangement encodinganalog="351">
         <head>Arrangement</head>
         <p>The collection is arranged into the following series: I. Paid Bills; II.
                Miscellaneous; III. Appraisals; IV. Books for Sale; V. Book Descriptions; VI.
                Inventories.</p>
      </arrangement>
      <!-- required for collection level; optional for lower levels -->
      <scopecontent encodinganalog="520">
         <head>Scope and Content Note</head>
         <p>The Randall House mss., 1975-2013, consist of the business records and correspondence
                of the San Francisco bookselling firm Randall and Windle, and of its successor
                Randall House. Included are ledger sheets, paid bills, payroll records,
                correspondence, and tax records and receipts.</p>
      </scopecontent>
      <!-- recommended; this information would be included for marc amc record -->
      <!-- should include all personal and corporate names, and subject headings -->
      <controlaccess>
         <head>Indexing Terms</head>
         <controlaccess>
            <head>Names</head>
            <list>
               <item>
                  <extref xlink:href="https://iucat.iu.edu/?q=&quot;Randall+Windle+Firm&quot;&amp;search_field=subject_link">
                     <corpname encodinganalog="610" source="lcnaf">Randall and Windle
                                (Firm)</corpname>
                  </extref>
               </item>
               <item>
                  <extref xlink:href="https://iucat.iu.edu/?q=&quot;Randall+House+Publications+Firm&quot;&amp;search_field=subject_link">
                     <corpname encodinganalog="610" source="lcnaf">Randall House Publications
                                (Firm)</corpname>
                  </extref>
               </item>
            </list>
         </controlaccess>
         <controlaccess>
            <head>Topics</head>
            <list>
               <item>
                  <extref xlink:href="https://iucat.iu.edu/?q=&quot;Booksellers+bookselling&quot;&amp;search_field=subject_link">
                     <subject encodinganalog="650" source="lcnaf">Booksellers and
                                bookselling</subject>
                  </extref>
               </item>
            </list>
         </controlaccess>
         <!-- <persname encodinganalog="600" source="lcnaf">[remove source attribute if name does not come from an authority file] </persname> -->
         <!-- <corpname encodinganalog="610" source="lcnaf">[remove source attribute if name does not come from an authority file]</corpname> -->
         <!--  <famname encodinganalog="600" source="lcnaf">[remove source attribute if name does not come from an authority file]</famname> -->
         <!--  <subject encodinganalog="650" source="lcsh"> </subject> -->
         <!--  <occupation encodinganalog="656" source="lcsh"> </occupation> -->
         <!--  <geogname encodinganalog="651" source="aacr2"> </geogname> -->
         <!-- <genreform encodinganalog="655" source="lcsh"> </genreform> -->
         <!-- <function encodinganalog="657" source="lcsh"/> -->
         <!-- <title encodinganalog="630"> </title> -->
      </controlaccess>
      <descgrp>
         <head>Administrative Information</head>
         <!-- required -->
         <acqinfo encodinganalog="541">
            <head>Acquisition Information</head>
            <p>Acquired: 1980s-2015</p>
         </acqinfo>
         <!-- required even if unrestricted -->
         <userestrict encodinganalog="540">
            <head>Usage Restrictions</head>
            <p>Prior arrangements are not necessary before coming to the Library, however,
                    patrons from out of town are encouraged to communicate with the Library in
                    advance of their visits to ascertain availability of materials.</p>
            <p>Photocopying permitted only with permission of the Curator of Manuscripts, Lilly
                    Library.</p>
         </userestrict>
         <!-- required -->
         <prefercite encodinganalog="524">
            <head>Preferred Citation</head>
            <p>[Item], Randall House mss., Lilly Library, Indiana University, Bloomington,
                    Indiana.</p>
         </prefercite>
      </descgrp>
      <dsc type="combined"><!-- unittitle is the only required element within component --><!-- possible values for @level include: class, collection, file, fonds, item,
                otherlevel, recordgrp, series, subfonds, subgrp, subseries -->
         <c01 level="series" id="VAD5715-00001">
            <did>
               <unittitle>I. Paid Bills</unittitle>
            </did>
            <c02 level="file" id="VAD5715-00002">
               <did>
                  <container label="Box" type="box">1</container>
                  <unittitle>
                     <unitdate normal="2011">2011</unitdate>
                  </unittitle>
                  <physdesc>71 folders</physdesc>
               </did>
            </c02>
            <c02 level="file" id="VAD5715-00003">
               <did>
                  <container label="Box" type="box">10</container>
                  <unittitle>
                     <unitdate normal="2011">2009</unitdate>
                  </unittitle>
                  <physdesc>40 folders</physdesc>
               </did>
            </c02>
            <c02 level="file" id="VAD5715-00028">
               <did>
                  <container label="Box" type="box">23</container>
                  <unittitle>
                     <unitdate normal="2012">2012</unitdate> Paid Bills
                     A-Z</unittitle>
               </did>
            </c02>
            <c02 level="file" id="VAD5715-00032">
               <did>
                  <unittitle>
                     <unitdate normal="2012">2012</unitdate> Bills - Alphabetical</unittitle>
               </did>
            </c02>
            <c02 level="file" id="VAD5715-00029">
               <did>
                  <container label="Box" type="box">24</container>
                  <unittitle>
                     <unitdate normal="2013">2013</unitdate> Paid Bills
                     A-Z</unittitle>
               </did>
            </c02>
            <c02 level="file" id="VAD5715-00030">
               <did>
                  <container label="Box" type="box">25</container>
                  <unittitle>
                     <unitdate normal="2008">2008</unitdate> Paid Bills A-Z</unittitle>
               </did>
            </c02>
            <c02 level="file" id="VAD5715-00033">
               <did>
                  <unittitle>
                     <unitdate normal="2006">2006</unitdate> Paid Bills A-H</unittitle>
               </did>
            </c02>
            <c02 level="file" id="VAD5715-00031">
               <did>
                  <container label="Box" type="box">26</container>
                  <unittitle>
                     <unitdate normal="2006">2006</unitdate> Paid Bills I-Z</unittitle>
               </did>
            </c02>
            <c02 level="file" id="VAD5715-00034">
               <did>
                  <unittitle>
                     <unitdate normal="2012">2012</unitdate> Bills - Chronological</unittitle>
               </did>
            </c02>
            <c02 level="file" id="VAD5715-00035">
               <did>
                  <unittitle>
                     <unitdate normal="1981/2013" type="inclusive">1981-2013</unitdate> ABAA Membership Directories</unittitle>
               </did>
            </c02>
         </c01>
         <c01 level="series" id="VAD5715-00004">
            <did>
               <unittitle>II. Miscellaneous</unittitle>
            </did>
            <c02 level="file" id="VAD5715-00005">
               <did>
                  <container label="Box" type="box">2</container>
                  <physdesc>9 folders</physdesc>
               </did>
            </c02>
            <c02 level="file" id="VAD5715-00036">
               <did>
                  <container label="Box" type="box">27</container>
                  <unittitle>
                     <unitdate normal="2002/2008" type="inclusive">2002-2008</unitdate> Correspondence A-Q</unittitle>
               </did>
            </c02>
            <c02 level="file" id="VAD5715-00037">
               <did>
                  <container label="Box" type="box">28</container>
                  <unittitle>
                     <unitdate normal="2002/2008" type="inclusive">2002-2008</unitdate> Correspondence R-Z</unittitle>
               </did>
            </c02>
         </c01>
         <c01 level="series" id="VAD5715-00006">
            <did>
               <unittitle>III. Appraisals</unittitle>
            </did>
            <c02 level="file" id="VAD5715-00007">
               <did>
                  <container label="Box" type="box">2</container>
                  <unittitle>18 folders</unittitle>
               </did>
            </c02>
            <c02 level="file" id="VAD5715-00008">
               <did>
                  <container label="Box" type="box">6</container>
                  <unittitle>26 folders</unittitle>
               </did>
            </c02>
            <c02 level="file" id="VAD5715-00009">
               <did>
                  <container label="Box" type="box">7</container>
                  <unittitle>67 folders</unittitle>
               </did>
            </c02>
            <c02 level="file" id="VAD5715-00010">
               <did>
                  <container label="Box" type="box">9</container>
                  <unittitle>24 folders</unittitle>
               </did>
            </c02>
         </c01>
         <c01 level="series" id="VAD5715-00011">
            <did>
               <unittitle>IV. Books for Sale</unittitle>
            </did>
            <c02 level="file" id="VAD5715-00012">
               <did>
                  <container label="Box" type="box">12</container>
                  <unittitle>30 folders</unittitle>
               </did>
            </c02>
         </c01>
         <c01 level="series" id="VAD5715-00013">
            <did>
               <unittitle>V. Book Descriptions</unittitle>
            </did>
            <c02 level="file" id="VAD5715-00014">
               <did>
                  <container label="Box" type="box">3</container>
                  <unittitle>68 folders</unittitle>
               </did>
            </c02>
            <c02 level="file" id="VAD5715-00015">
               <did>
                  <container label="Box" type="box">4</container>
                  <unittitle>24 folders</unittitle>
               </did>
            </c02>
         </c01>
         <c01 level="series" id="VAD5715-00016">
            <did>
               <unittitle>VI. Inventories</unittitle>
            </did>
            <c02 level="file" id="VAD5715-00017">
               <did>
                  <container label="Box" type="box">8</container>
                  <unittitle>
                     <unitdate normal="2011">2011</unitdate> Alphabetical and
                            Chronological</unittitle>
                  <physdesc>2 boxed bindings</physdesc>
               </did>
            </c02>
            <c02 level="file" id="VAD5715-00018">
               <did>
                  <container label="Box" type="box">13</container>
                  <unittitle>
                     <unitdate normal="2003">2003</unitdate> Chronological</unittitle>
                  <physdesc>2 boxed bindings</physdesc>
               </did>
            </c02>
            <c02 level="file" id="VAD5715-00019">
               <did>
                  <container label="Box" type="box">14</container>
                  <unittitle>
                     <unitdate normal="2004">2004</unitdate> Alphabetical</unittitle>
                  <physdesc>2 boxed bindings</physdesc>
               </did>
            </c02>
            <c02 level="file" id="VAD5715-00020">
               <did>
                  <container label="Box" type="box">15</container>
                  <unittitle>
                     <unitdate normal="2004">2004</unitdate> Chronological</unittitle>
                  <physdesc>2 boxed bindings</physdesc>
               </did>
            </c02>
            <c02 level="file" id="VAD5715-00021">
               <did>
                  <container label="Box" type="box">16</container>
                  <unittitle>
                     <unitdate normal="2003">2003</unitdate> Alphabetical</unittitle>
                  <physdesc>2 boxed bindings</physdesc>
               </did>
            </c02>
            <c02 level="file" id="VAD5715-00022">
               <did>
                  <container label="Box" type="box">17</container>
                  <unittitle>
                     <unitdate normal="2005">2005</unitdate> Alphabetical and
                            Chronological</unittitle>
                  <physdesc>2 boxed bindings</physdesc>
               </did>
            </c02>
            <c02 level="file" id="VAD5715-00023">
               <did>
                  <container label="Box" type="box">18</container>
                  <unittitle>
                     <unitdate normal="2006">2006</unitdate> Alphabetical and
                            Chronological</unittitle>
                  <physdesc>2 boxed bindings</physdesc>
               </did>
            </c02>
            <c02 level="file" id="VAD5715-00024">
               <did>
                  <container label="Box" type="box">19</container>
                  <unittitle>
                     <unitdate normal="2007">2007</unitdate> Alphabetical and
                            Chronological</unittitle>
                  <physdesc>2 boxed bindings</physdesc>
               </did>
            </c02>
            <c02 level="file" id="VAD5715-00025">
               <did>
                  <container label="Box" type="box">20</container>
                  <unittitle>
                     <unitdate normal="2008">2008</unitdate> Alphabetical and
                            Chronological</unittitle>
                  <physdesc>2 boxed bindings</physdesc>
               </did>
            </c02>
            <c02 level="file" id="VAD5715-00026">
               <did>
                  <container label="Box" type="box">21</container>
                  <unittitle>
                     <unitdate normal="2009">2009</unitdate> Alphabetical and
                            Chronological</unittitle>
                  <physdesc>2 boxed bindings</physdesc>
               </did>
            </c02>
            <c02 level="file" id="VAD5715-00027">
               <did>
                  <container label="Box" type="box">22</container>
                  <unittitle>
                     <unitdate normal="2010">2010</unitdate> Alphabetical and
                            Chronological</unittitle>
                  <physdesc>2 boxed bindings</physdesc>
               </did>
            </c02>
         </c01>
      </dsc>
   </archdesc>
</ead>