<?xml version="1.0" encoding="utf-8"?>
<!-- Indiana University EAD template draft: 2003-Jan-2, 
    revised 2004-09-15 JLR; 
    revised fall 2006 and spring/summer 2007 JLR w/ EAD Working Group
    added repository code to /ead/archdesc/did/repository/@id, 4/1/09 JLR
-->
<ead xmlns="urn:isbn:1-931666-22-9"
     xmlns:xlink="http://www.w3.org/1999/xlink"
     xmlns:xsi="http://www.w3.org/2001/XMLSchema-instance"
     xsi:schemaLocation="urn:isbn:1-931666-22-9 http://www.loc.gov/ead/ead.xsd">
   <eadheader repositoryencoding="iso15511"
              langencoding="iso639-2b"
              audience="external"
              countryencoding="iso3166-1"
              dateencoding="iso8601"
              scriptencoding="iso15924"
              relatedencoding="dublincore"
              findaidstatus="edited-full-draft">
      <eadid countrycode="US"
             encodinganalog="identifier"
             mainagencycode="InU-Li"
             identifier="InU-Li-VAD5556">InU-Li-VAD5556</eadid>
      <!-- The value of eadid should follow the pattern of archive or library code, and then a unique number for the collection, e.g. InU-Li-VAA1234. Put this full identifier both in the identifier attribute and in the value of the eadid element. -->
      <!-- Generate a unique number for the collection at http://www.dlib.indiana.edu/cgi-bin/testtrackedit/filename.pl -->
      <filedesc><!-- This is a description of the electronic finding aid, not the original finding aid or the collection --><!-- Make title "The John Doe Papers, 1919-1965" rather than "The Papers of John Doe, 1919-1965" to eliminate 
                potential confusion about the meaning of the dates -->
         <titlestmt>
            <titleproper encodinganalog="title">Wensinger, Arthur S. mss., <date normal="1798/2007" type="inclusive">ca. 1798-2007</date>
            </titleproper>
         </titlestmt>
         <publicationstmt>
            <publisher encodinganalog="publisher">Indiana University Digital Library
                    Program</publisher>
            <date encodinganalog="date" normal="2016" type="publication">© 2016</date>
         </publicationstmt>
         <notestmt><!-- Change date to date of first publication, change rights statement if other entity claims rights over the finding aid (not the collection)-->
            <note encodinganalog="rights">
               <p>
                  <date normal="2016">© 2016</date> Trustees of Indiana University. All rights
                        reserved.</p>
            </note>
         </notestmt>
      </filedesc>
      <profiledesc>
         <creation>XML finding aid derived from HTML version through cutting and pasting and
                through folder analysis. <date normal="2016" type="source">2016</date>
            <lb/>Finding aid encoded by Elizabeth Peters, Lilly Library, Indiana University,
                    <date normal="2016-02-12">Februay 12, 2016</date>
         </creation>
         <langusage>Description is in <language encodinganalog="language" langcode="eng">English.</language>
         </langusage>
      </profiledesc>
      <!-- revisiondesc is required -->
      <!-- record when the finding aid is completed in first change element, 
with subsequent changes
listed below the first -->
      <revisiondesc>
         <change audience="internal">
            <date normal="2016-02-05">February 05, 2016</date>
            <item>Encoded finding aid started.</item>
         </change>
         <change audience="internal">
            <date normal="2017-11-29">November 29, 2017</date>
            <item>Batch update to change subject links.</item>
         </change>
      </revisiondesc>
   </eadheader>
   <archdesc audience="external"
             level="collection"
             type="inventory"
             relatedencoding="marc21"><!-- The TYPE attribute can be used to categorize the finding aid as an inventory, register, or other format. -->
      <did>
         <head>Summary Information</head>
         <repository id="lilly" encodinganalog="852" label="Repository">
            <corpname source="lcnaf" normal="Lilly Library (Indiana University, Bloomington)">Lilly Library (Indiana University, Bloomington)</corpname>
            <address>
               <addressline>Lilly Library</addressline>
               <addressline>Indiana University</addressline>
               <addressline>1200 E. Seventh St.</addressline>
               <addressline>Bloomington, IN 47405-5500</addressline>
               <addressline>Phone: 812-855-2452</addressline>
               <addressline>Fax: 812-855-3143</addressline>
               <addressline>Email: liblilly@indiana.edu</addressline>
            </address>
         </repository>
         <origination label="Creator"><!-- Or <corpname encodinganalog="110">, <meeting encodinganalog="111">, with source="lcnaf" if appropriate -->
            <persname encodinganalog="100" source="lcnaf">Wensinger, Arthur S., 1926-
                </persname>
         </origination>
         <!-- per RLG guidelines recommendation, do not nest unitdate element within unittitle element -->
         <unittitle encodinganalog="245$a" label="Title">Wensinger, Arthur S. mss.</unittitle>
         <unitdate encodinganalog="245$f" normal="1798/2007" type="inclusive">ca.
                1798-2007</unitdate>
         <!-- do not include separating punctuation between the unit title and the unit date.  The stylesheets will supply a comma where appropriate. -->
         <!-- unitdate may be repeated if both bulk and inclusive dates are recorded -->
         <!-- record the type of date - bulk or inclusive - in the type attribute. if date is bulk, change encodinganalog to 245$g -->
         <!-- recommended -->
         <unitid encodinganalog="099" label="Collection No.">LMC 2877</unitid>
         <physdesc encodinganalog="300" label="Extent">
            <extent>31,500 items</extent>
         </physdesc>
         <!-- if both linear feet and number of items included, repeat extent-->
         <!-- if collection includes signinficant non-english material add code to langmaterial element -->
         <langmaterial encodinganalog="546" label="Language">Materials are in <language langcode="eng">English.</language>
         </langmaterial>
         <abstract encodinganalog="520" label="Abstract">The Wensinger, Arthur S. mss., ca
                1798-2007, consist of the papers of Arthur S. Wensinger, translator and
                academic.</abstract>
      </did>
      <!-- required even if unrestricted -->
      <accessrestrict encodinganalog="506">
         <head>Access Restrictions</head>
         <p>This collection is open for research.</p>
      </accessrestrict>
      <!-- required; can be short -->
      <bioghist encodinganalog="545">
         <head>Biographical Note</head>
         <p>Arthur Wensinger was raised in Grosse Pointe, Michigan. He graduated from Phillips
                Academy Andover and attended Dartmouth University, graduating in 1944. At Dartmouth
                he majored in biology and German. He went on to earn a Ph.D. in German literature
                from the University of Michigan. Upon graduation he went with the “experiment” in
                Putney, Vermont, to help rebuild a bombed-out student dorm in Munich, Germany. He
                then was awarded one of the first two James B. Reynolds scholarships from Dartmouth
                and studied German literature in Munich and, as a Fulbright scholar, studied German
                literature and linguistics at the University of Innsbruck in Austria from 1953 to
                1954. He joined Wesleyan University first as an instructor and later as a full
                professor of German and the humanities. He was instrumental in initiating a
                three-year college-of-letters program covering literature, history and philosophy.
                He retired from Wesleyan in 1994. Wensinger has translated and edited over 20
                books.</p>
      </bioghist>
      <!--optional -->
      <arrangement encodinganalog="351">
         <head>Arrangement</head>
         <p>The collection is organized by the following series: I. Translations; II. Research;
                III. Reviews; IV. Correspondence; V. Additional Translated Works; VI. Miscellaneous
                Files; VII. <title render="italic">Shabbat: A Right of Passage</title>; VIII. <title render="italic">Two States; One Nation</title>; IX. <title render="italic">In
                    the Shadow of the Reich</title>; X. <title render="italic">Paula
                    Modersohn-Becker: The Letters and Journals</title>; XI. <title render="italic">The Jungle Paintings</title>.</p>
      </arrangement>
      <!-- required for collection level; optional for lower levels -->
      <scopecontent encodinganalog="520">
         <head>Scope and Content Note</head>
         <p>Translations include several edited copies of the Lichtenberg manuscript,
                translations notes, and parts of completed translations, as well as a copy of part
                of The Theatre of Bauhaus. Research is compiled of untranslated German articles and
                English articles regarding Hogarth, Bauhaus, and Paula Modersohn-Becker, as well as
                a spiral bound notebook. Reviews consist of reviews of Wensinger’s translations, as
                well and newspaper and magazine clippings regarding published translations.
                Correspondence relates several translations that Wensinger worked on and is in both
                English and German. (Contracts are included here.) Miscellaneous Files includes some
                reviews and work with the American Translation Association. Additional Translated
                Works includes both published and non-published translations with materials related
                to the projects, including: <title render="italic">The Work in Color
                    Bibliography</title>; <title render="italic">Goedel's Letter</title>; <title render="italic">The Work in Color</title>; <title render="italic">The
                    Well-Tempered Dream</title>; <title render="italic">Querelle</title>; <title render="italic">Hannah Schygulla</title>; <title render="italic">Liebelei/Flirtations</title>; <title render="italic">Methusalem</title>; <title render="italic">Kafka</title>; <title render="italic">Mary: Virgin, Mother,
                    Sovereign</title>; <title render="italic">Zwischen den Zeiten</title>; <title render="italic">Illuminations</title>; <title render="italic">Schinkel</title>;
                    <title render="italic">Das Politische Theater</title>; as well as some
                poetry.</p>
         <p>Series VII through XI include materials pertaining to specific works.</p>
      </scopecontent>
      <!-- recommended; this information would be included for marc amc record -->
      <!-- should include all personal and corporate names, and subject headings -->
      <controlaccess>
         <head>Indexing Terms</head>
         <controlaccess>
            <head>Names</head>
            <list>
               <item>
                  <extref xlink:href="https://iucat.iu.edu/?q=&#34;Wensinger+Arthur+S&#34;&amp;search_field=subject_link">
                     <persname encodinganalog="600" source="lcnaf">Wensinger, Arthur S.,
                                1926- </persname>
                  </extref>
               </item>
               <item>
                  <extref xlink:href="https://iucat.iu.edu/?q=&#34;Wensinger+Arthur+S+Correspondence&#34;&amp;search_field=subject_link">
                     <persname encodinganalog="600" source="lcnaf">Wensinger, Arthur S.,
                                1926- --Correspondence.</persname>
                  </extref>
               </item>
            </list>
         </controlaccess>
         <controlaccess>
            <head>Topics</head>
            <list>
               <item>
                  <extref xlink:href="https://iucat.iu.edu/?q=&#34;Translators+Correspondence&#34;&amp;search_field=subject_link">
                     <subject encodinganalog="650" source="lcnaf">Translators
                                --Correspondence.</subject>
                  </extref>
               </item>
            </list>
         </controlaccess>
         <!-- <persname encodinganalog="600" source="lcnaf">[remove source attribute if name does not come from an authority file] </persname> -->
         <!-- <corpname encodinganalog="610" source="lcnaf">[remove source attribute if name does not come from an authority file]</corpname> -->
         <!--  <famname encodinganalog="600" source="lcnaf">[remove source attribute if name does not come from an authority file]</famname> -->
         <!--  <subject encodinganalog="650" source="lcsh"> </subject> -->
         <!--  <occupation encodinganalog="656" source="lcsh"> </occupation> -->
         <!--  <geogname encodinganalog="651" source="aacr2"> </geogname> -->
         <!-- <genreform encodinganalog="655" source="lcsh"> </genreform> -->
         <!-- <function encodinganalog="657" source="lcsh"/> -->
         <!-- <title encodinganalog="630"> </title> -->
      </controlaccess>
      <descgrp>
         <head>Administrative Information</head>
         <!-- required -->
         <acqinfo encodinganalog="541">
            <head>Acquisition Information</head>
            <p>Acquired: 2015</p>
         </acqinfo>
         <!-- required even if unrestricted -->
         <userestrict encodinganalog="540">
            <head>Usage Restrictions</head>
            <p>Prior arrangements are not necessary before coming to the Library, however,
                    patrons from out of town are encouraged to communicate with the Library in
                    advance of their visits to ascertain availability of materials.</p>
            <p>Photocopying permitted only with permission of the Curator of Manuscripts, Lilly
                    Library.</p>
         </userestrict>
         <!-- required -->
         <prefercite encodinganalog="524">
            <head>Preferred Citation</head>
            <p>[Item], Wensinger, Arthur S. mss., Lilly Library, Indiana University,
                    Bloomington, Indiana.</p>
         </prefercite>
      </descgrp>
      <dsc type="combined"><!-- unittitle is the only required element within component --><!-- possible values for @level include: class, collection, file, fonds, item,
                otherlevel, recordgrp, series, subfonds, subgrp, subseries -->
         <c01 id="VAD5556-00001" level="series">
            <did><!-- add type="bulk" or type="inclusive" to unitdate if appropriate -->
               <unittitle>I. Translations</unittitle>
            </did>
            <c02 id="VAD5556-00002" level="file">
               <did><!-- optional -->
                  <container label="Box" type="box">1</container>
                  <!-- add type="bulk" or type="inclusive" to unitdate if appropriate -->
                  <unittitle>Hogarth proof (5 folders)</unittitle>
               </did>
            </c02>
            <c02 id="VAD5556-00003" level="file">
               <did>
                  <unittitle>Hogarth reading copy (3 folders)</unittitle>
               </did>
            </c02>
            <c02 id="VAD5556-00004" level="file">
               <did>
                  <unittitle>Hogarth (5 folders)</unittitle>
               </did>
            </c02>
            <c02 id="VAD5556-00005" level="file">
               <did>
                  <unittitle>Paula Modersohn Becker: In Her Letters (4 folders)</unittitle>
               </did>
            </c02>
            <c02 id="VAD5556-00006" level="file">
               <did>
                  <unittitle>Paula Modersohn Becker: In Her Letters Draft (4
                            folders)</unittitle>
               </did>
            </c02>
            <c02 id="VAD5556-00007" level="file">
               <did><!-- optional -->
                  <container label="Box" type="box">2</container>
                  <!-- add type="bulk" or type="inclusive" to unitdate if appropriate -->
                  <unittitle>Hogarth preface</unittitle>
               </did>
            </c02>
            <c02 id="VAD5556-00008" level="file">
               <did>
                  <unittitle>Siddhartha</unittitle>
               </did>
            </c02>
            <c02 id="VAD5556-00009" level="file">
               <did>
                  <unittitle>The Theatre of Bauhaus</unittitle>
               </did>
            </c02>
         </c01>
         <c01 id="VAD5556-00010" level="series">
            <did>
               <unittitle>II. Research</unittitle>
            </did>
            <c02 id="VAD5556-00011" level="file">
               <did>
                  <unittitle>Hogarth (3 folders)</unittitle>
               </did>
            </c02>
            <c02 id="VAD5556-00012" level="file">
               <did>
                  <unittitle>Paula Modersohn Becker: In Her Letters (4 folders)</unittitle>
               </did>
            </c02>
            <c02 id="VAD5556-00013" level="file">
               <did>
                  <unittitle>Siddhartha</unittitle>
               </did>
            </c02>
            <c02 id="VAD5556-00014" level="file">
               <did>
                  <unittitle>The Theatre of Bauhaus</unittitle>
               </did>
            </c02>
         </c01>
         <c01 id="VAD5556-00015" level="series">
            <did>
               <unittitle>III. Reviews</unittitle>
            </did>
            <c02 id="VAD5556-00016" level="file">
               <did>
                  <unittitle>Hogarth (3 folders)</unittitle>
               </did>
            </c02>
            <c02 id="VAD5556-00017" level="file">
               <did>
                  <unittitle>Paula Modersohn Becker: In Her Letters</unittitle>
               </did>
            </c02>
            <c02 id="VAD5556-00018" level="file">
               <did>
                  <unittitle>The Theatre of Bauhaus</unittitle>
               </did>
            </c02>
         </c01>
         <c01 id="VAD5556-00019" level="series">
            <did>
               <unittitle>IV. Correspondence</unittitle>
            </did>
            <c02 id="VAD5556-00020" level="file">
               <did>
                  <container label="Box" type="box">5</container>
                  <unittitle>Hogarth</unittitle>
               </did>
            </c02>
            <c02 id="VAD5556-00021" level="file">
               <did>
                  <unittitle>Paula Modersohn Becker: In Her Letters 1971-1979</unittitle>
               </did>
            </c02>
            <c02 id="VAD5556-00022" level="file">
               <did>
                  <unittitle>Paula Modersohn Becker: In Her Letters 1980-4 (2
                            folders)</unittitle>
               </did>
            </c02>
            <c02 id="VAD5556-00023" level="file">
               <did>
                  <unittitle>Paula Modersohn Becker: In Her Letters misc. dates</unittitle>
               </did>
            </c02>
            <c02 id="VAD5556-00024" level="file">
               <did>
                  <unittitle>Siddhartha</unittitle>
               </did>
            </c02>
            <c02 id="VAD5556-00025" level="file">
               <did>
                  <unittitle>Theatre of Bauhaus (2 folders)</unittitle>
               </did>
            </c02>
         </c01>
         <c01 id="VAD5556-00026" level="series">
            <did>
               <unittitle>V. Additional Translated Works</unittitle>
            </did>
            <c02 id="VAD5556-00027" level="file">
               <did>
                  <container label="Box" type="box">3</container>
                  <unittitle>The Work in Color Bibliography</unittitle>
               </did>
            </c02>
            <c02 id="VAD5556-00028" level="file">
               <did>
                  <unittitle>Goedel's Letter</unittitle>
               </did>
            </c02>
            <c02 id="VAD5556-00029" level="file">
               <did>
                  <unittitle>The Work in Color</unittitle>
               </did>
            </c02>
            <c02 id="VAD5556-00030" level="file">
               <did>
                  <unittitle>The Well-Tempered Dream</unittitle>
               </did>
            </c02>
            <c02 id="VAD5556-00031" level="file">
               <did>
                  <unittitle>Paula Modersohn-Becker</unittitle>
               </did>
            </c02>
            <c02 id="VAD5556-00032" level="file">
               <did>
                  <unittitle>Marlene Dietrich: Portraits</unittitle>
               </did>
            </c02>
            <c02 id="VAD5556-00033" level="file">
               <did>
                  <container label="Box" type="box">4</container>
                  <unittitle>Querelle</unittitle>
               </did>
            </c02>
            <c02 id="VAD5556-00034" level="file">
               <did>
                  <unittitle>Querelle Final</unittitle>
               </did>
            </c02>
            <c02 id="VAD5556-00035" level="file">
               <did>
                  <unittitle>Querelle (Gemet)</unittitle>
               </did>
            </c02>
            <c02 id="VAD5556-00036" level="file">
               <did>
                  <unittitle>Querelle (RHW)</unittitle>
               </did>
            </c02>
            <c02 id="VAD5556-00037" level="file">
               <did>
                  <unittitle>Hannah Schygulla (4 folders)</unittitle>
               </did>
            </c02>
            <c02 id="VAD5556-00038" level="file">
               <did>
                  <unittitle>Methusalem/Yuan Gull</unittitle>
               </did>
            </c02>
            <c02 id="VAD5556-00039" level="file">
               <did>
                  <unittitle>Poetry Anthologies</unittitle>
               </did>
            </c02>
            <c02 id="VAD5556-00040" level="file">
               <did>
                  <unittitle>Bantam Poetry</unittitle>
               </did>
            </c02>
            <c02 id="VAD5556-00041" level="file">
               <did>
                  <unittitle>Anthology of Modern European Poetry</unittitle>
               </did>
            </c02>
            <c02 id="VAD5556-00042" level="file">
               <did>
                  <container label="Box" type="box">5</container>
                  <unittitle>Kafka (8 folders)</unittitle>
               </did>
            </c02>
            <c02 id="VAD5556-00043" level="file">
               <did>
                  <unittitle>Mary: Virgin, Mother, Sovereign</unittitle>
               </did>
            </c02>
            <c02 id="VAD5556-00044" level="file">
               <did>
                  <unittitle>Zwischen den Zeiten</unittitle>
               </did>
            </c02>
            <c02 id="VAD5556-00045" level="file">
               <did>
                  <unittitle>Illuminations</unittitle>
               </did>
            </c02>
            <c02 id="VAD5556-00046" level="file">
               <did>
                  <unittitle>Schinkel</unittitle>
               </did>
            </c02>
            <c02 id="VAD5556-00047" level="file">
               <did>
                  <unittitle>Das Politische Theater</unittitle>
               </did>
            </c02>
            <c02 id="VAD5556-00048" level="file">
               <did>
                  <unittitle>Miscellaneous (2 folders)</unittitle>
               </did>
            </c02>
            <c02 id="VAD5556-00049" level="file">
               <did>
                  <unittitle>Theaters</unittitle>
               </did>
            </c02>
            <c02 id="VAD5556-00050" level="file">
               <did>
                  <unittitle>Mother Courage and Her Children</unittitle>
               </did>
            </c02>
         </c01>
         <c01 id="VAD5556-00051" level="series">
            <did>
               <unittitle>VI. Miscellaneous Files</unittitle>
            </did>
            <c02 id="VAD5556-00052" level="file">
               <did>
                  <container label="Box" type="box">3</container>
                  <unittitle>American Translation Assc.</unittitle>
               </did>
            </c02>
            <c02 id="VAD5556-00053" level="file">
               <did>
                  <unittitle>Reviews (PMB)</unittitle>
               </did>
            </c02>
         </c01>
         <c01 id="VAD5556-00054" level="series">
            <did>
               <unittitle>VII. <title render="italic">Shabbat: A Rite of
                        Passage</title>
               </unittitle>
            </did>
            <c02 id="VAD5556-00055" level="file">
               <did>
                  <container label="Box" type="box">6</container>
                  <unittitle>Correspondence</unittitle>
               </did>
            </c02>
            <c02 id="VAD5556-00056" level="file">
               <did>
                  <unittitle>Source Material</unittitle>
               </did>
            </c02>
            <c02 id="VAD5556-00057" level="file">
               <did>
                  <unittitle>Edits and Editorial Correspondence (4 folders)</unittitle>
               </did>
            </c02>
            <c02 id="VAD5556-00058" level="file">
               <did>
                  <unittitle>Reviews and Publicity</unittitle>
               </did>
            </c02>
         </c01>
         <c01 id="VAD5556-00059" level="series">
            <did>
               <unittitle>VIII. <title render="italic">Two States, One Nation</title>
               </unittitle>
            </did>
            <c02 id="VAD5556-00060" level="file">
               <did>
                  <unittitle>Correspondence</unittitle>
               </did>
            </c02>
            <c02 id="VAD5556-00061" level="file">
               <did>
                  <unittitle>Source Material</unittitle>
               </did>
            </c02>
            <c02 id="VAD5556-00062" level="file">
               <did>
                  <unittitle>Edits and Editorial Correspondence</unittitle>
               </did>
            </c02>
            <c02 id="VAD5556-00063" level="file">
               <did>
                  <unittitle>Proofs</unittitle>
               </did>
            </c02>
            <c02 id="VAD5556-00064" level="file">
               <did>
                  <unittitle>Reviews and Publicity</unittitle>
               </did>
            </c02>
         </c01>
         <c01 id="VAD5556-00065" level="series">
            <did>
               <unittitle>IX. <title render="italic">In the Shadow of the Reich</title>
               </unittitle>
            </did>
            <c02 id="VAD5556-00066" level="file">
               <did>
                  <unittitle>Correspondence</unittitle>
               </did>
            </c02>
            <c02 id="VAD5556-00067" level="file">
               <did>
                  <unittitle>Edits and Editorial Correspondence (5 folders)</unittitle>
               </did>
            </c02>
            <c02 id="VAD5556-00068" level="file">
               <did>
                  <unittitle>Proofs (2 folders)</unittitle>
               </did>
            </c02>
            <c02 id="VAD5556-00069" level="file">
               <did>
                  <unittitle>Reviews and Publicity</unittitle>
               </did>
            </c02>
            <c02 id="VAD5556-00070" level="file">
               <did>
                  <unittitle>Relevant Works</unittitle>
               </did>
            </c02>
         </c01>
         <c01 id="VAD5556-00071" level="series">
            <did>
               <unittitle>X. <title render="italic">Paula Modersohn-Becker: The Letters and Journals</title>
               </unittitle>
            </did>
            <c02 id="VAD5556-00072" level="file">
               <did>
                  <container label="Box" type="box">7</container>
                  <unittitle>Correspondence</unittitle>
               </did>
            </c02>
            <c02 id="VAD5556-00073" level="file">
               <did>
                  <unittitle>Source Material</unittitle>
               </did>
            </c02>
            <c02 id="VAD5556-00074" level="file">
               <did>
                  <unittitle>Edits and Editorial Correspondence (5 folders)</unittitle>
               </did>
            </c02>
            <c02 id="VAD5556-00075" level="file">
               <did>
                  <unittitle>Proofs (3 folders)</unittitle>
               </did>
            </c02>
            <c02 id="VAD5556-00076" level="file">
               <did>
                  <unittitle>Reviews and Publicity</unittitle>
               </did>
            </c02>
            <c02 id="VAD5556-00077" level="file">
               <did>
                  <unittitle>Proposal</unittitle>
               </did>
            </c02>
            <c02 id="VAD5556-00078" level="file">
               <did>
                  <unittitle>Fischer Proofs (2 folders)</unittitle>
               </did>
            </c02>
            <c02 id="VAD5556-00079" level="file">
               <did>
                  <unittitle>Relevant Works</unittitle>
               </did>
            </c02>
         </c01>
         <c01 id="VAD5556-00080" level="series">
            <did>
               <unittitle>XI. <title render="italic">The Jungle Paintings</title>
               </unittitle>
            </did>
            <c02 id="VAD5556-00081" level="file">
               <did>
                  <unittitle>Correspondence</unittitle>
               </did>
            </c02>
            <c02 id="VAD5556-00082" level="file">
               <did>
                  <unittitle>Source Material</unittitle>
               </did>
            </c02>
            <c02 id="VAD5556-00083" level="file">
               <did>
                  <unittitle>Edits and Editorial Correspondence</unittitle>
               </did>
            </c02>
            <c02 id="VAD5556-00084" level="file">
               <did>
                  <unittitle>Relevant Works</unittitle>
               </did>
            </c02>
         </c01>
      </dsc>
   </archdesc>
</ead>
