<?xml version="1.0" encoding="utf-8"?>
<!-- Lilly Library, Indiana University, EAD template, 2003-02-21  -->
<ead xmlns="urn:isbn:1-931666-22-9"
     xmlns:xlink="http://www.w3.org/1999/xlink"
     xmlns:xsi="http://www.w3.org/2001/XMLSchema-instance"
     xsi:schemaLocation="urn:isbn:1-931666-22-9 http://www.loc.gov/ead/ead.xsd"><!-- value of @findaidstatus should be 'originaldraft', 'inprogressdraft', 'editinprogress', or 'editedfulldraft' -->
   <eadheader audience="internal"
              langencoding="iso639-2b"
              scriptencoding="iso15924"
              repositoryencoding="iso15511"
              countryencoding="iso3166-1"
              dateencoding="iso8601"
              findaidstatus="originaldraft"><!-- replace [uniqueid] with collection LMC number -->
      <eadid encodinganalog="identifier"
             identifier="InU-Li-VAA1297"
             countrycode="US"
             mainagencycode="InU-Li">InU-Li-VAA1297</eadid>
      <filedesc><!-- This is a description of the electronic finding aid, not the original finding aid or the collection --><!-- Make title "xxxx mss., yyyy-yyyy"--><!--Make subtitle "Papers, yyyy-yyyy, of [person] at the Lilly Library, Indiana University, Bloomington, Indiana-->
         <titlestmt>
            <titleproper>Tevis mss., </titleproper>
            <subtitle>Papers, <date normal="1945/1985" era="ce" calendar="gregorian">1945-1985</date>, of Walter S. Tevis at the Lilly Library, Indiana University,
               Bloomington, Indiana</subtitle>
            <author>Electronic finding aid encoded by Beth Benda.</author>
         </titlestmt>
         <publicationstmt>
            <publisher>Indiana University Digital Library Program</publisher>
            <date normal="2003" type="publication" era="ce" calendar="gregorian">© 2003</date>
         </publicationstmt>
      </filedesc>
      <profiledesc>
         <creation>XML finding aid derived from HTML version through cutting and pasting. <!--description of how the finding aid was created, for example: XML finding aid derived from
[paper by means of scanning and OCR] [OCR file edited for typographical errors before encoding]
[typescript by rekeying] [word processing program and version number]
[<extref href=""  title="" actuate="onrequest" show="new">HTML collection description</extref>]. --><lb/>[date of source: <lb/>Finding aid encoded by Beth Benda, Lilly Library, Indiana
            University, <date normal="2003-12-08" era="ce" calendar="gregorian">December 8,
               2003</date>
         </creation>
         <!-- iso three-digit 639-2 value for @langcode can be found at http://www.loc.gov/standards/iso639-2/langcodes.html -->
         <langusage>Description is in <language encodinganalog="language" langcode="eng" scriptcode="Latn">English.</language>
         </langusage>
      </profiledesc>
      <!-- revisiondesc is required -->
      <!-- record when the finding aid is initiated in first 'change' element, with subsequent changes listed below the first, and the final 'change' element indicating date finding aid completed -->
      <revisiondesc>
         <change>
            <date normal="2003-12-08" era="ce" calendar="gregorian">December 8, 2003</date>
            <item>Encoded finding aid begun.</item>
         </change>
         <change>
            <date normal="2003-12-08" era="ce" calendar="gregorian">December 8, 2003</date>
            <item>Encoded finding aid completed.</item>
         </change>
         <change>
            <date normal="2004-09-17" era="ce" calendar="gregorian">September 17, 2004</date>
            <item>EAD id changed from InU-Li-LMC2211 to InU-Li-VAA1297.</item>
         </change>
         <change>
            <date normal="2005-10-20" era="ce" calendar="gregorian">October 20, 2005</date>
            <item>File name changed from tevis to InU-Li-VAA1297</item>
         </change>
         <change>
            <date normal="2007-09-06" era="ce" calendar="gregorian">September 6, 2007</date>
            <item>Unit id label corrected to InU-Li-VAA1297</item>
         </change>
         <change audience="internal">
            <date normal="2017-11-29">November 29, 2017</date>
            <item>Batch update to change subject links.</item>
         </change>
      </revisiondesc>
   </eadheader>
   <!-- the 'frontmatter' element is a wrapper that bundles prefatory text found before the start of the archival description <archdesc>. It focuses on the creation, publication, or use of the finding aid rather than information
about the materials being described. Examples include a title page, preface, dedication, and instructions for
using a finding aid. -->
   <frontmatter audience="external"><!-- information should be included as you would wish it to appear on a titlepage of a printed finding aid -->
      <titlepage>
         <titleproper>Guide to the Tevis mss., <date normal="1945/1985" era="ce" calendar="gregorian">1945-1985</date>
         </titleproper>
         <publisher>Lilly Library, Indiana University, Bloomington, Indiana</publisher>
         <!--it is possible to include graphics using extptr -->
         <p>© 2003 Trustees of Indiana University. All rights reserved.</p>
      </titlepage>
   </frontmatter>
   <archdesc level="collection"
             audience="external"
             type="inventory"
             relatedencoding="marc"><!-- @type value may alternatively be 'bulk' --><!-- use the label attribute for these elements to determine what label is displayed -->
      <did>
         <head>Summary Information</head>
         <repository encodinganalog="850$a" label="Repository" id="lilly">
            <corpname source="lcnaf" normal="Lilly Library (Indiana University, Bloomington)">Lilly
               Library (Indiana University, Bloomington)</corpname>
            <address>
               <addressline>Indiana University</addressline>
               <addressline>1200 E. Seventh St.</addressline>
               <addressline>Bloomington, IN 47405-5500</addressline>
               <addressline>Phone: 812-855-2452</addressline>
               <addressline>Fax: 812-855-3143</addressline>
               <addressline>Email: liblilly@indiana.edu</addressline>
            </address>
            <lb/>
            <extref xlink:href="http://www.indiana.edu/~liblilly">http://www.indiana.edu/~liblilly</extref>
         </repository>
         <origination label="Creator">
            <persname source="lcnaf" encodinganalog="100$a$d"> Tevis, Walter S. </persname>
         </origination>
         <unittitle encodinganalog="245$a" label="Title">Tevis mss., </unittitle>
         <unitdate normal="1945/1985"
                   type="inclusive"
                   encodinganalog="245$f"
                   era="ce"
                   calendar="gregorian">1945-1985</unitdate>
         <unitid encodinganalog="099"
                 countrycode="US"
                 repositorycode="US-InU-Li"
                 label="Collection no:">LMC 2211</unitid>
         <physdesc encodinganalog="300$a$f" label="Extent">
            <extent>ca. 1200 items</extent>
            <!-- if both linear feet and number of items included, separate by lb tag -->
         </physdesc>
         <langmaterial label="Language">Materials are in <language langcode="eng" encodinganalog="008/35-37">English.</language>
         </langmaterial>
         <abstract encodinganalog="520$a" label="Abstract">Consists primarily of the writings of
            author Walter S. Tevis, 1928-1984. Tevis wrote several novels, and contributed numerous
            short stories and articles to magazines. A number of his novels have been adapted for
            film, including: <title render="italic">The Man Who Fell to Earth, </title>
            <title render="italic">The Hustler</title> and <title render="italic">The Color of
               Money.</title> The collection contains early manuscripts, drafts, final manuscripts,
            galleys and screen adaptations for most of his other longer works, although only a
            photocopy of <title render="italic">The Hustler.</title> In addition, there are
            typescripts of a number of his articles, a play, some poetry, as well as many of his
            short stories, both published and unpublished. The correspondence is small in number and
            consists mostly of photocopies. However, there are three original letters from science
            and fantasy fiction writer Fritz Leiber, and one each from authors E.L. Doctorow and
            Herbert Gold.</abstract>
      </did>
      <!-- required; 'descgrp' element replaces admininfo element in 2002 DTD -->
      <descgrp>
         <head>Administrative Information</head>
         <accessrestrict encodinganalog="506$a">
            <head>Access Restrictions</head>
            <p>This collection is open for research.</p>
         </accessrestrict>
         <acqinfo encodinganalog="541">
            <head>Acquisition Information</head>
            <p>Purchase 1999.</p>
         </acqinfo>
         <userestrict encodinganalog="540">
            <head>Usage Restrictions</head>
            <p>Prior arrangements are not necessary before coming to the Library, however, patrons
               from out of town are encouraged to communicate with the Library in advance of their
               visits to ascertain availability of materials.</p>
            <p>Photocopying permitted only with permission of the Curator of Manuscripts, Lilly
               Library.</p>
         </userestrict>
         <prefercite encodinganalog="524$a">
            <head>Preferred Citation</head>
            <p>[Item], Tevis mss., Lilly Library, Indiana University, Bloomington, Indiana.</p>
         </prefercite>
         <bioghist encodinganalog="545">
            <head>Biographical Note</head>
            <p>Author.</p>
         </bioghist>
      </descgrp>
      <!-- required for collection level; optional for lower levels -->
      <scopecontent encodinganalog="520$a$b">
         <head>Scope and Content Note</head>
         <p>Consists primarily of the writings of author Walter S. Tevis, 1928-1984. Tevis wrote
            several novels, and contributed numerous short stories and articles to magazines. A
            number of his novels have been adapted for film, including: <title render="italic">The
               Man Who Fell to Earth, </title>
            <title render="italic">The Hustler</title> and <title render="italic">The Color of
               Money.</title> The collection contains early manuscripts, drafts, final manuscripts,
            galleys and screen adaptations for most of his other longer works, although only a
            photocopy of <title render="italic">The Hustler.</title> In addition, there are
            typescripts of a number of his articles, a play, some poetry, as well as many of his
            short stories, both published and unpublished. The correspondence is small in number and
            consists mostly of photocopies. However, there are three original letters from science
            and fantasy fiction writer Fritz Leiber, and one each from authors E.L. Doctorow and
            Herbert Gold.</p>
         <p> The Writings are arranged as follows: Published novels, unpublished novels, articles,
            childhood writings, literary criticism, a play, poetry, published book of short stories,
            other published short stories, unpublished short stories, and fragments of works.
            Photocopies of articles about Tevis and his writings complete the collection.</p>
      </scopecontent>
      <!--optional -->
      <!-- element organization deprecated in DTD version 2002; @encodinganalog may be used to differentiate between 351 subfield a (organization) and subfield b (arrangement). -->
      <arrangement encodinganalog="351$x">
         <head>Arrangement/Organization</head>
         <p>Arranged into the following series: I. Correspondence; II. Writings. </p>
      </arrangement>
      <!-- recommended; this information would be included for marc amc record -->
      <!-- should include all personal and corporate names, and subject headings -->
      <controlaccess>
         <head>Indexing Terms</head>
         <p>The following terms have been used to index the description of this collection in
               <extref xlink:href="http://www.iucat.iu.edu">IUCAT</extref>, the IU Libraries' online
            catalog. Materials about related topics, persons or places can be found by searching the
            catalog using these terms. </p>
         <controlaccess>
            <head>Names</head>
            <list>
               <item>
                  <persname source="lcnaf" encodinganalog="100$a$d"> Tevis, Walter S. </persname>
               </item>
               <item>
                  <persname encodinganalog="600$a" source="lcnaf" role="subject">Tevis, Walter S.
                     --Correspondence. </persname>
               </item>
               <item>
                  <persname source="lcnaf" role="subject" encodinganalog="600$a">Leiber, Fritz,
                     1910- --Correspondence. </persname>
               </item>
               <item>
                  <persname encodinganalog="700$a" source="lcnaf">Leiber, Fritz, 1910- </persname>
               </item>
               <item>
                  <persname encodinganalog="700$a" source="lcnaf">Doctorow, E. L., 1931- </persname>
               </item>
               <item>
                  <persname encodinganalog="700$a" source="lcnaf">Gold, Herbert, 1924- </persname>
               </item>
            </list>
         </controlaccess>
         <controlaccess>
            <head>Topics</head>
            <list>
               <item>
                  <subject encodinganalog="650$a" source="lcsh"> Authors, American --Correspondence.
                  </subject>
               </item>
               <item>
                  <subject encodinganalog="650$a" source="lcsh">World War, 1939-1945 --Personal
                     narratives, American. </subject>
               </item>
               <item>
                  <subject encodinganalog="650$a" source="lcsh">Soldiers --United States
                     --Correspondence.</subject>
               </item>
            </list>
         </controlaccess>
      </controlaccess>
      <!-- required, if appropriate -->
      <!-- optional, if applicable -->
      <dsc type="combined"><!-- unittitle is the only required element within component --><!-- possible values for @level include: class, collection, file, fonds, item, otherlevel, recordgrp, series, subfonds, subgrp, subseries -->
         <c01 level="series">
            <did>
               <unittitle> Correspondence</unittitle>
            </did>
            <c02 level="file">
               <did>
                  <container type="box" label="Box">1</container>
                  <container type="folder" label="Folder">1</container>
                  <unittitle>Nine letters written by Tevis to his family while serving in the United
                     States Navy during World War II, <unitdate type="inclusive"
                               normal="1945/1946"
                               era="ce"
                               calendar="gregorian">1945-1946,</unitdate>
                  </unittitle>
                  <physdesc>including two pages of sketches by Tevis drawn at this time
                     (photocopies) </physdesc>
               </did>
            </c02>
            <c02 level="file">
               <did>
                  <container type="box" label="Box">1</container>
                  <container type="folder" label="Folder">2</container>
                  <unittitle>Correspondence arranged by correspondent</unittitle>
               </did>
               <c03 level="item">
                  <did>
                     <unittitle>Clune, Henry W. Letters to Walter S. Tevis, <unitdate normal="1974-10-08" era="ce" calendar="gregorian">Oct 8, 1974</unitdate>
                        and <unitdate normal="1974-11-04" era="ce" calendar="gregorian">Nov 4,
                           1974</unitdate>
                     </unittitle>
                     <physdesc>(both photocopies)</physdesc>
                  </did>
               </c03>
               <c03 level="item">
                  <did>
                     <unittitle>Doctorow, Edgar Lawrence. Letter to Anne Goodman Freedgood (editor),
                           <unitdate normal="1974-01-12" era="ce" calendar="gregorian">Jan 12,
                           1983</unitdate>
                     </unittitle>
                  </did>
               </c03>
               <c03 level="item">
                  <did>
                     <unittitle>Gold, Herbert. Letter to Eleanora (Walker) Tevis and Walter S.
                        Tevis, n.d.</unittitle>
                  </did>
               </c03>
               <c03 level="item">
                  <did>
                     <unittitle>Guthrie, A. B. Letter to Walter S. Tevis, <unitdate normal="1952-06-01" era="ce" calendar="gregorian">Jun 1, 1952 </unitdate>
                     </unittitle>
                     <physdesc>(photocopy)</physdesc>
                  </did>
               </c03>
               <c03 level="item">
                  <did>
                     <unittitle>Leiber, Fritz. Letter to Eleanora (Walker) Tevis, <unitdate normal="1980-04-18" era="ce" calendar="gregorian">Apr. 18, 1980
                        </unitdate>
                     </unittitle>
                     <physdesc>(incomplete)</physdesc>
                  </did>
               </c03>
               <c03 level="item">
                  <did>
                     <unittitle>Leiber, Fritz. Letters to Eleanora (Walker) Tevis and Walter S.
                        Tevis, <unitdate normal="1980-10-24" era="ce" calendar="gregorian">Oct 24,
                           1980</unitdate> and <unitdate normal="1982-01-17" era="ce" calendar="gregorian">Jan 17, 1982</unitdate>
                     </unittitle>
                  </did>
               </c03>
               <c03 level="item">
                  <did>
                     <unittitle>Littauer, Kenneth P. Letter to Walter S. Tevis, <unitdate normal="1957-01-22" era="ce" calendar="gregorian">Jan 22, 1957
                        </unitdate>
                     </unittitle>
                     <physdesc>(photocopy)</physdesc>
                  </did>
               </c03>
               <c03 level="item">
                  <did>
                     <unittitle>Mills, Robert Park. Letter to Walter S. Tevis, <unitdate normal="1975-05-27" era="ce" calendar="gregorian">May 27, 1975</unitdate>
                     </unittitle>
                     <physdesc>(photocopy)</physdesc>
                  </did>
               </c03>
               <c03 level="item">
                  <did>
                     <unittitle>Riordan, Marianna. Letter to Walter S. Tevis, <unitdate normal="1983-06-16" era="ce" calendar="gregorian">Jun 16, 1983</unitdate>
                     </unittitle>
                  </did>
               </c03>
               <c03 level="item">
                  <did>
                     <unittitle>Schickel, Richard. Letter to Walter S. Tevis, <unitdate normal="1976-05-21" era="ce" calendar="gregorian">May 21, 1976</unitdate>
                     </unittitle>
                     <physdesc>(photocopy)</physdesc>
                  </did>
               </c03>
               <c03 level="item">
                  <did>
                     <unittitle>Tevis, Eleanora (Walker). Letter to Walter S. Tevis, <unitdate normal="1976-05-21" era="ce" calendar="gregorian">May 21, 1976
                        </unitdate>
                     </unittitle>
                     <physdesc>(photocopy)</physdesc>
                  </did>
               </c03>
               <c03 level="item">
                  <did>
                     <unittitle>Tevis, Walter S. Letter to British Lion Films, Ltd., <unitdate normal="1975-06-02" era="ce" calendar="gregorian">Jun 2, 1975 </unitdate>
                     </unittitle>
                     <physdesc>(photocopy)</physdesc>
                  </did>
               </c03>
               <c03 level="item">
                  <did>
                     <unittitle>Tevis, Walter S. Letter to W.B. Carnochan, <unitdate normal="1981-11-08" era="ce" calendar="gregorian">Nov 8, 1981 </unitdate>
                     </unittitle>
                     <physdesc>(photocopy)</physdesc>
                  </did>
               </c03>
               <c03 level="item">
                  <did>
                     <unittitle>Tevis, Walter S. Letter to <title render="italic">Circus Magazine, </title>
                        <unitdate normal="1975-12-30" era="ce" calendar="gregorian">Dec 30, 1975
                        </unitdate>
                     </unittitle>
                     <physdesc>(photocopy)</physdesc>
                  </did>
               </c03>
               <c03 level="item">
                  <did>
                     <unittitle>Tevis, Walter S. Letter to Larry Jordan, <unitdate type="inclusive"
                                  normal="1978/1979"
                                  era="ce"
                                  calendar="gregorian">ca. 1978-1979
                        </unitdate>
                     </unittitle>
                     <physdesc>(photocopy)</physdesc>
                  </did>
               </c03>
               <c03 level="item">
                  <did>
                     <unittitle>Tevis, Walter S. Letter to Robert P. Mills, <unitdate normal="1979-08-01" era="ce" calendar="gregorian">Aug 1, 1979; </unitdate>
                        <unitdate normal="1978-10-30" era="ce" calendar="gregorian"> Oct 30,
                           1978</unitdate>
                     </unittitle>
                     <physdesc>(photocopy of August 1, 1979)</physdesc>
                  </did>
               </c03>
               <c03 level="item">
                  <did>
                     <unittitle>Tevis, Walter S. Letter to Betty A. Prashker and Patrick LoBrutto,
                           <unitdate normal="1981-10-15" era="ce" calendar="gregorian">Oct 15,
                           1981</unitdate>
                     </unittitle>
                  </did>
               </c03>
               <c03 level="item">
                  <did>
                     <unittitle>Tevis, Walter S. Letter to Marianna Riordan, <unitdate normal="1983-06-25" era="ce" calendar="gregorian">Jun 25, 1983
                        </unitdate>
                     </unittitle>
                     <physdesc>(copy)</physdesc>
                  </did>
               </c03>
               <c03 level="item">
                  <did>
                     <unittitle>Tevis, Walter S. Letter to Buz Wyeth (?), <unitdate normal="1960-10-27" era="ce" calendar="gregorian">Oct 27, 1960
                        </unitdate>
                     </unittitle>
                     <physdesc>(photocopy)</physdesc>
                  </did>
               </c03>
            </c02>
         </c01>
         <c01 level="series">
            <did>
               <unittitle>Writings</unittitle>
            </did>
            <scopecontent>
               <p>The Writings are arranged as follows: Novels - published and unpublished;
                  articles; childhood writings; literary criticism; plays; poetry; short stories -
                  published and unpublished; and fragments of works. Three magazines containing
                  articles and photocopies of several articles all concerning Tevis and his writings
                  complete the collection.</p>
            </scopecontent>
            <c02 level="subseries">
               <did>
                  <unittitle>Novels</unittitle>
               </did>
               <scopecontent>
                  <p>Published novels are arranged by various forms of the book from original
                     manuscript to drafts to galleys, followed by related notes, outlines, synopses,
                     ending with alternate forms of the book, such as plays, screenplays or
                     teleplays. Drafts and related materials of unpublished novels are filed at the
                     end of this section.</p>
               </scopecontent>
               <c03 level="file">
                  <did>
                     <unittitle>
                        <title render="italic">The Color of Money</title>
                     </unittitle>
                  </did>
                  <c04 level="file">
                     <did>
                        <container type="box" label="Box">1</container>
                        <container type="folder" label="Folder">3-6</container>
                        <unittitle>Original typescript </unittitle>
                     </did>
                  </c04>
                  <c04 level="file">
                     <did>
                        <container type="box" label="Box">1</container>
                        <container type="folder" label="Folder">7-8</container>
                        <unittitle> Author's copy of final draft, <unitdate normal="1984-02-04" era="ce" calendar="gregorian">Feb 4, 1984</unitdate>
                        </unittitle>
                     </did>
                  </c04>
                  <c04 level="file">
                     <did>
                        <container type="box" label="Box">1</container>
                        <container type="folder" label="Folder">9-10</container>
                        <unittitle> Copy #3, <unitdate normal="1984-02-12" era="ce" calendar="gregorian">Feb 12, 1984</unitdate>
                        </unittitle>
                     </did>
                  </c04>
                  <c04 level="file">
                     <did>
                        <container type="box" label="Box">1</container>
                        <container type="folder" label="Folder">11-12</container>
                        <unittitle> Author's final copy, <unitdate normal="1984-02-13" era="ce" calendar="gregorian">Feb 13, 1984</unitdate>
                        </unittitle>
                     </did>
                  </c04>
                  <c04 level="file">
                     <did>
                        <container type="box" label="Box">1</container>
                        <container type="folder" label="Folder">13-14</container>
                        <unittitle>Draft pages </unittitle>
                     </did>
                  </c04>
                  <c04 level="file">
                     <did>
                        <container type="box" label="Box">1</container>
                        <container type="folder" label="Folder">15</container>
                        <unittitle>Dialogue between The Color of Money and Walter S. Tevis
                        </unittitle>
                     </did>
                  </c04>
                  <c04 level="file">
                     <did>
                        <container type="box" label="Box">1</container>
                        <container type="folder" label="Folder">16</container>
                        <unittitle>Eddie's background </unittitle>
                     </did>
                  </c04>
                  <c04 level="file">
                     <did>
                        <container type="box" label="Box">1</container>
                        <container type="folder" label="Folder">17-18</container>
                        <unittitle> Outlines of chapters </unittitle>
                     </did>
                  </c04>
                  <c04 level="file">
                     <did>
                        <container type="box" label="Box">1</container>
                        <container type="folder" label="Folder">19</container>
                        <unittitle>Notes </unittitle>
                     </did>
                  </c04>
                  <c04 level="file">
                     <did>
                        <container type="box" label="Box">1</container>
                        <container type="folder" label="Folder">20</container>
                        <unittitle>Notebooks </unittitle>
                     </did>
                  </c04>
                  <c04 level="file">
                     <did>
                        <container type="box" label="Box">1</container>
                        <container type="folder" label="Folder">21</container>
                        <unittitle>Screenplay, draft, <unitdate normal="1983-12-19" era="ce" calendar="gregorian">Dec 19, 1983 </unitdate>
                        </unittitle>
                     </did>
                  </c04>
                  <c04 level="file">
                     <did>
                        <container type="box" label="Box">1</container>
                        <container type="folder" label="Folder">22</container>
                        <unittitle>Screenplay, draft, <unitdate normal="1985-09-26" era="ce" calendar="gregorian">Sep 26, 1985</unitdate>
                        </unittitle>
                     </did>
                  </c04>
                  <c04 level="file">
                     <did>
                        <container type="box" label="Box">2</container>
                        <container type="folder" label="Folder">1</container>
                        <unittitle>Screenplay, by Richard Price, Rev. <unitdate normal="1985-12-30" era="ce" calendar="gregorian">Dec 30, 1985</unitdate>
                        </unittitle>
                     </did>
                  </c04>
                  <c04 level="file">
                     <did>
                        <container type="box" label="Box">2</container>
                        <container type="folder" label="Folder">2</container>
                        <unittitle>Screenplay, incomplete </unittitle>
                     </did>
                  </c04>
                  <c04 level="file">
                     <did>
                        <container type="box" label="Box">2</container>
                        <container type="folder" label="Folder">3-4</container>
                        <unittitle>Screenplay, final. </unittitle>
                        <physdesc>
                           <extent>2 copies</extent>
                        </physdesc>
                     </did>
                  </c04>
               </c03>
               <c03 level="file">
                  <did>
                     <unittitle>
                        <title render="italic">The Hustler</title>
                     </unittitle>
                  </did>
                  <c04 level="file">
                     <did>
                        <container type="box" label="Box">2</container>
                        <container type="folder" label="Folder">5-6</container>
                        <unittitle>Photocopy of typescript</unittitle>
                     </did>
                  </c04>
               </c03>
               <c03 level="file">
                  <did>
                     <unittitle>
                        <title render="italic">The Man Who Fell to Earth</title>
                     </unittitle>
                  </did>
                  <c04 level="file">
                     <did>
                        <container type="box" label="Box">2</container>
                        <container type="folder" label="Folder">7-8</container>
                        <unittitle>Original typescript </unittitle>
                     </did>
                  </c04>
                  <c04 level="file">
                     <did>
                        <container type="box" label="Box">2</container>
                        <container type="folder" label="Folder">9</container>
                        <unittitle>Original typescript for Oxford University Press Alpha edition
                        </unittitle>
                     </did>
                  </c04>
                  <c04 level="file">
                     <did>
                        <container type="box" label="Box">2</container>
                        <container type="folder" label="Folder">10</container>
                        <unittitle>Epigraphs </unittitle>
                     </did>
                  </c04>
                  <c04 level="file">
                     <did>
                        <container type="box" label="Box">2</container>
                        <container type="folder" label="Folder">11</container>
                        <unittitle>Screenplay by Dick Wheelwright </unittitle>
                     </did>
                  </c04>
                  <c04 level="file">
                     <did>
                        <container type="box" label="Box">2</container>
                        <container type="folder" label="Folder">12</container>
                        <unittitle>Screenplay - suggestions and notes</unittitle>
                     </did>
                  </c04>
               </c03>
               <c03 level="file">
                  <did>
                     <unittitle>
                        <title render="italic">Mockingbird</title>
                     </unittitle>
                  </did>
                  <c04 level="file">
                     <did>
                        <container type="box" label="Box">2</container>
                        <container type="folder" label="Folder">13</container>
                        <unittitle>Earliest version </unittitle>
                     </did>
                  </c04>
                  <c04 level="file">
                     <did>
                        <container type="box" label="Box">2</container>
                        <container type="folder" label="Folder">14-15</container>
                        <unittitle>Two early versions, one date <unitdate normal="1977-10" era="ce" calendar="gregorian">ca. Oct. 1977</unitdate>
                        </unittitle>
                     </did>
                  </c04>
                  <c04 level="file">
                     <did>
                        <container type="box" label="Box">2</container>
                        <container type="folder" label="Folder">16</container>
                        <unittitle>Opening and revision to Reader (earlier title)</unittitle>
                     </did>
                  </c04>
                  <c04 level="file">
                     <did>
                        <container type="box" label="Box">2</container>
                        <container type="folder" label="Folder">17</container>
                        <unittitle>Part Two: Spofforth. Early version of Chapter 3 and early page of
                           Spofforth </unittitle>
                     </did>
                  </c04>
                  <c04 level="file">
                     <did>
                        <container type="box" label="Box">2</container>
                        <container type="folder" label="Folder">18-19</container>
                        <unittitle>Original typescript </unittitle>
                     </did>
                  </c04>
                  <c04 level="file">
                     <did>
                        <container type="box" label="Box">2</container>
                        <container type="folder" label="Folder">20-21</container>
                        <unittitle>Drafts </unittitle>
                     </did>
                  </c04>
                  <c04 level="file">
                     <did>
                        <container type="box" label="Box">2</container>
                        <container type="folder" label="Folder">22-23</container>
                        <unittitle>Final manuscript </unittitle>
                     </did>
                  </c04>
                  <c04 level="file">
                     <did>
                        <container type="box" label="Box">3</container>
                        <container type="folder" label="Folder">1-4</container>
                        <unittitle>Final manuscripts, </unittitle>
                        <physdesc>
                           <extent>2 copies</extent>
                        </physdesc>
                     </did>
                  </c04>
                  <c04 level="file">
                     <did>
                        <container type="box" label="Box">3</container>
                        <container type="folder" label="Folder">5-6</container>
                        <unittitle>Copy edited version </unittitle>
                     </did>
                  </c04>
                  <c04 level="file">
                     <did>
                        <container type="box" label="Box">3</container>
                        <container type="folder" label="Folder">7-8</container>
                        <unittitle>Galleys </unittitle>
                     </did>
                  </c04>
                  <c04 level="file">
                     <did>
                        <container type="box" label="Box">3</container>
                        <container type="folder" label="Folder">9</container>
                        <unittitle>Notes </unittitle>
                        <note>
                           <p>1)"Harrison [Starr, film producer] says..."; 2) "A novel is a story
                              and a story has direction...." </p>
                        </note>
                     </did>
                  </c04>
                  <c04 level="file">
                     <did>
                        <container type="box" label="Box">3</container>
                        <container type="folder" label="Folder">10</container>
                        <unittitle>Play, adapted for Readers Theatre, Bowling Green State
                           University, by Lois A. Cheney </unittitle>
                     </did>
                  </c04>
                  <c04 level="file">
                     <did>
                        <container type="box" label="Box">3</container>
                        <container type="folder" label="Folder">11-12</container>
                        <unittitle>Screenplay, Written for the Television Laboratory at
                           WNET/THIRTEEN </unittitle>
                        <physdesc>
                           <extent>2 copies</extent>
                        </physdesc>
                     </did>
                  </c04>
               </c03>
               <c03 level="file">
                  <did>
                     <unittitle>
                        <title render="italic">The Queen's Gambit</title>
                     </unittitle>
                  </did>
                  <c04 level="file">
                     <did>
                        <container type="box" label="Box">3</container>
                        <container type="folder" label="Folder">13-15</container>
                        <unittitle>Original manuscript </unittitle>
                     </did>
                  </c04>
                  <c04 level="file">
                     <did>
                        <container type="box" label="Box">4</container>
                        <container type="folder" label="Folder">1</container>
                        <unittitle>Synopsis </unittitle>
                     </did>
                  </c04>
                  <c04 level="file">
                     <did>
                        <container type="box" label="Box">4</container>
                        <container type="folder" label="Folder">2-4</container>
                        <unittitle>Corrected rough draft, <unitdate normal="1982-04" era="ce" calendar="gregorian">Apr 1982</unitdate>
                        </unittitle>
                     </did>
                  </c04>
                  <c04 level="file">
                     <did>
                        <container type="box" label="Box">4</container>
                        <container type="folder" label="Folder">5-7</container>
                        <unittitle>Author's copy, final draft, <unitdate normal="1982-06-30" era="ce" calendar="gregorian">Jun 30, 1982 </unitdate>
                        </unittitle>
                     </did>
                  </c04>
                  <c04 level="file">
                     <did>
                        <container type="box" label="Box">4</container>
                        <container type="folder" label="Folder">8</container>
                        <unittitle>Early manuscript </unittitle>
                     </did>
                  </c04>
                  <c04 level="file">
                     <did>
                        <container type="box" label="Box">4</container>
                        <container type="folder" label="Folder">9-15</container>
                        <unittitle>Misc. draft pages, marked "Disorderly pages" and "various
                           segments" </unittitle>
                     </did>
                  </c04>
                  <c04 level="file">
                     <did>
                        <container type="box" label="Box">4</container>
                        <container type="folder" label="Folder">16</container>
                        <unittitle>Printer's copy </unittitle>
                     </did>
                  </c04>
                  <c04 level="file">
                     <did>
                        <container type="box" label="Box">5</container>
                        <container type="folder" label="Folder">1-3</container>
                        <unittitle>Printer's copy </unittitle>
                     </did>
                  </c04>
                  <c04 level="file">
                     <did>
                        <container type="box" label="Box">5</container>
                        <container type="folder" label="Folder">4-6</container>
                        <unittitle>Master proofs: <unitdate normal="1982-09-21" era="ce" calendar="gregorian">Sep 21, 1982; </unitdate>
                           <unitdate normal="1982-10-25" era="ce" calendar="gregorian">Oct 25, 1982; </unitdate>
                           <unitdate normal="1982-10-27" era="ce" calendar="gregorian">Oct 27,
                              1982</unitdate>
                        </unittitle>
                     </did>
                  </c04>
                  <c04 level="file">
                     <did>
                        <container type="box" label="Box">5</container>
                        <container type="folder" label="Folder">7-9</container>
                        <unittitle>Setting copy </unittitle>
                     </did>
                  </c04>
                  <c04 level="file">
                     <did>
                        <container type="box" label="Box">5</container>
                        <container type="folder" label="Folder">10</container>
                        <unittitle>
                           <title render="doublequote">Chessbook,</title>
                        </unittitle>
                        <physdesc>typescript of early form of novel </physdesc>
                     </did>
                  </c04>
                  <c04 level="file">
                     <did>
                        <container type="box" label="Box">5</container>
                        <container type="folder" label="Folder">11</container>
                        <unittitle>Dialogue between <title render="italic">The Queen's
                              Gambit</title> and Tevis </unittitle>
                     </did>
                  </c04>
                  <c04 level="file">
                     <did>
                        <container type="box" label="Box">5</container>
                        <container type="folder" label="Folder">12</container>
                        <unittitle>Eleanor Walker's notes on manuscript </unittitle>
                     </did>
                  </c04>
                  <c04 level="file">
                     <did>
                        <container type="box" label="Box">5</container>
                        <container type="folder" label="Folder">13</container>
                        <unittitle>Notes and emendations </unittitle>
                     </did>
                  </c04>
                  <c04 level="file">
                     <did>
                        <container type="box" label="Box">5</container>
                        <container type="folder" label="Folder">14</container>
                        <unittitle>Outline for Chess in America, nonfiction, precedes <title render="italic">The Queen's Gambit; </title>and single page of <title render="doublequote">Vegas</title>
                        </unittitle>
                     </did>
                  </c04>
                  <c04 level="file">
                     <did>
                        <container type="box" label="Box">5</container>
                        <container type="folder" label="Folder">15</container>
                        <unittitle>Pandolfini/Tevis consultation notes (Bruce Pandolfini, National
                           Master, proof read manuscript for chess errors)</unittitle>
                     </did>
                  </c04>
                  <c04 level="file">
                     <did>
                        <container type="box" label="Box">5</container>
                        <container type="folder" label="Folder">16</container>
                        <unittitle>Synopsis</unittitle>
                     </did>
                  </c04>
                  <c04 level="file">
                     <did>
                        <container type="box" label="Box">5</container>
                        <container type="folder" label="Folder">17</container>
                        <unittitle>Motion picture treatment </unittitle>
                     </did>
                  </c04>
                  <c04 level="file">
                     <did>
                        <container type="box" label="Box">5</container>
                        <container type="folder" label="Folder">18-19</container>
                        <unittitle>Screenplay, several corrected typescripts </unittitle>
                     </did>
                  </c04>
               </c03>
               <c03 level="file">
                  <did>
                     <unittitle>
                        <title render="italic">The Steps of the Sun</title> (working title:
                        Belson)</unittitle>
                  </did>
                  <c04 level="file">
                     <did>
                        <container type="box" label="Box">5</container>
                        <container type="folder" label="Folder">20-22</container>
                        <unittitle>Original manuscript </unittitle>
                     </did>
                  </c04>
                  <c04 level="file">
                     <did>
                        <container type="box" label="Box">6</container>
                        <container type="folder" label="Folder">1-5</container>
                        <unittitle>Second draft and partial second draft</unittitle>
                     </did>
                  </c04>
                  <c04 level="file">
                     <did>
                        <container type="box" label="Box">6</container>
                        <container type="folder" label="Folder">6-10</container>
                        <unittitle>Final draft and copy </unittitle>
                     </did>
                  </c04>
                  <c04 level="file">
                     <did>
                        <container type="box" label="Box">6</container>
                        <container type="folder" label="Folder">11-14</container>
                        <unittitle>Draft pages </unittitle>
                     </did>
                  </c04>
                  <c04 level="file">
                     <did>
                        <container type="box" label="Box">6</container>
                        <container type="folder" label="Folder">15</container>
                        <unittitle>Printer's copy </unittitle>
                     </did>
                  </c04>
                  <c04 level="file">
                     <did>
                        <container type="box" label="Box">7</container>
                        <container type="folder" label="Folder">1-2</container>
                        <unittitle>Printer's copy (cont.)</unittitle>
                     </did>
                  </c04>
                  <c04 level="file">
                     <did>
                        <container type="box" label="Box">7</container>
                        <container type="folder" label="Folder">3-4</container>
                        <unittitle>Galleys </unittitle>
                     </did>
                  </c04>
                  <c04 level="file">
                     <did>
                        <container type="box" label="Box">7</container>
                        <container type="folder" label="Folder">5</container>
                        <unittitle>Chapter 6 altered and published in <title render="italic">OMNI
                              Magazine</title>
                        </unittitle>
                     </did>
                  </c04>
                  <c04 level="file">
                     <did>
                        <container type="box" label="Box">7</container>
                        <container type="folder" label="Folder">6</container>
                        <unittitle>Chinese characters for Belson's name </unittitle>
                     </did>
                  </c04>
                  <c04 level="file">
                     <did>
                        <container type="box" label="Box">7</container>
                        <container type="folder" label="Folder">7</container>
                        <unittitle>Notes </unittitle>
                     </did>
                  </c04>
                  <c04 level="file">
                     <did>
                        <container type="box" label="Box">7</container>
                        <container type="folder" label="Folder">8</container>
                        <unittitle>Outline </unittitle>
                     </did>
                  </c04>
                  <c04 level="file">
                     <did>
                        <container type="box" label="Box">7</container>
                        <container type="folder" label="Folder">9</container>
                        <unittitle>Synopsis </unittitle>
                     </did>
                  </c04>
                  <c04 level="file">
                     <did>
                        <container type="box" label="Box">7</container>
                        <container type="folder" label="Folder">10-11</container>
                        <unittitle>Motion Picture treatment </unittitle>
                     </did>
                  </c04>
               </c03>
               <c03 level="file">
                  <did>
                     <unittitle>
                        <title render="italic">And So I Die Next</title> (unpublished)</unittitle>
                  </did>
                  <c04 level="file">
                     <did>
                        <container type="box" label="Box">7</container>
                        <container type="folder" label="Folder">12</container>
                        <unittitle>Manuscript </unittitle>
                     </did>
                  </c04>
                  <c04 level="file">
                     <did>
                        <container type="box" label="Box">7</container>
                        <container type="folder" label="Folder">13</container>
                        <unittitle>Notes </unittitle>
                     </did>
                  </c04>
                  <c04 level="file">
                     <did>
                        <container type="box" label="Box">7</container>
                        <container type="folder" label="Folder">14</container>
                        <unittitle>Outline </unittitle>
                     </did>
                  </c04>
               </c03>
               <c03 level="file">
                  <did>
                     <unittitle>
                        <title render="italic">Wit's End/Drunk</title> (unpublished) </unittitle>
                  </did>
                  <c04 level="file">
                     <did>
                        <container type="box" label="Box">7</container>
                        <container type="folder" label="Folder">15</container>
                        <unittitle>Photocopy of manuscript </unittitle>
                     </did>
                  </c04>
                  <c04 level="file">
                     <did>
                        <container type="box" label="Box">7</container>
                        <container type="folder" label="Folder">16-19</container>
                        <unittitle>Draft pages </unittitle>
                     </did>
                  </c04>
                  <c04 level="file">
                     <did>
                        <container type="box" label="Box">7</container>
                        <container type="folder" label="Folder">20</container>
                        <unittitle>Outline </unittitle>
                     </did>
                  </c04>
               </c03>
            </c02>
            <c02 level="subseries">
               <did>
                  <unittitle>Articles</unittitle>
               </did>
               <c03 level="file">
                  <did>
                     <container type="box" label="Box">7</container>
                     <container type="folder" label="Folder">21</container>
                     <unittitle>
                        <title render="doublequote">How to Play Straight Pool</title>
                     </unittitle>
                  </did>
               </c03>
               <c03 level="file">
                  <did>
                     <container type="box" label="Box">7</container>
                     <container type="folder" label="Folder">22</container>
                     <unittitle>
                        <title render="doublequote">The New Young Ones</title>
                     </unittitle>
                  </did>
               </c03>
               <c03 level="file">
                  <did>
                     <container type="box" label="Box">7</container>
                     <container type="folder" label="Folder">23</container>
                     <unittitle>Three untitled, partial articles, all concerning pool </unittitle>
                  </did>
               </c03>
               <c03 level="file">
                  <did>
                     <container type="box" label="Box">7</container>
                     <container type="folder" label="Folder">24</container>
                     <unittitle>Photocopies of articles from magazines </unittitle>
                  </did>
               </c03>
            </c02>
            <c02 level="subseries">
               <did>
                  <unittitle>Childhood Writings</unittitle>
               </did>
               <c03 level="file">
                  <did>
                     <container type="box" label="Box">7</container>
                     <container type="folder" label="Folder">25</container>
                     <unittitle>Stories and a poem </unittitle>
                  </did>
               </c03>
            </c02>
            <c02 level="subseries">
               <did>
                  <unittitle>Literary Criticism</unittitle>
               </did>
               <c03 level="file">
                  <did>
                     <container type="box" label="Box">7</container>
                     <container type="folder" label="Folder">26-27</container>
                     <unittitle> Written for classes at the University of Kentucky and The Iowa
                        Writers Workshop</unittitle>
                  </did>
                  <c04 level="file">
                     <did>
                        <unittitle>Analysis from a Paragraph William Faulkner's <title render="doublequote">That Evening Sun Go Down</title>
                           (Iowa)</unittitle>
                     </did>
                  </c04>
                  <c04 level="file">
                     <did>
                        <unittitle> Arthur Hobson Quinn on Poe (Kentucky)</unittitle>
                     </did>
                  </c04>
                  <c04 level="file">
                     <did>
                        <unittitle> The Darling Room: Tennyson and the Theme of Isolation (Iowa?)
                        </unittitle>
                     </did>
                  </c04>
                  <c04 level="file">
                     <did>
                        <unittitle> Grammar and Language in <title render="doublequote">April
                              Inventory</title> by W.D. Snodgrass (Iowa?) </unittitle>
                     </did>
                  </c04>
                  <c04 level="file">
                     <did>
                        <unittitle>Gustave Flaubert: <title render="doublequote">The Legend of St.
                              Julian the Hospitaller</title>
                        </unittitle>
                     </did>
                  </c04>
                  <c04 level="file">
                     <did>
                        <unittitle>Impinged Lives in William Faulkner's <title render="doublequote">The Evening Sun Go Down.</title> (Iowa) <unitdate normal="1961-08-05" era="ce" calendar="gregorian">Aug. 5, 1961</unitdate>
                        </unittitle>
                     </did>
                  </c04>
                  <c04 level="file">
                     <did>
                        <unittitle>
                           <title render="doublequote">Pity This Busy Monster, Manunkind</title> by
                           e.e. cummings: A Parody of Discourse (Iowa)</unittitle>
                     </did>
                  </c04>
                  <c04 level="file">
                     <did>
                        <unittitle> The Poetical Reputation of Andrew Marvell: A Reappraisal.
                           (Kentucky) <unitdate normal="1955-08-02" era="ce" calendar="gregorian">Aug. 2, 1955</unitdate>
                        </unittitle>
                     </did>
                  </c04>
                  <c04 level="file">
                     <did>
                        <unittitle>The Problem of Obscurity in Five Books by Joseph Conrad (Iowa)
                        </unittitle>
                     </did>
                  </c04>
                  <c04 level="file">
                     <did>
                        <unittitle> Spiller and Lawrence on Cooper. (Kentucky) <unitdate normal="1957-07-08" era="ce" calendar="gregorian">July 8,
                              1957</unitdate>
                        </unittitle>
                     </did>
                  </c04>
                  <c04 level="file">
                     <did>
                        <unittitle>An Undertow in one of V.L. Parrington's Main Currents and a
                           Reading List for English 216C. (Kentucky) <unitdate normal="1957-06-20" era="ce" calendar="gregorian">June 20, 1957</unitdate>
                        </unittitle>
                     </did>
                  </c04>
               </c03>
            </c02>
            <c02 level="subseries">
               <did>
                  <unittitle>Play</unittitle>
               </did>
               <c03 level="file">
                  <did>
                     <container type="box" label="Box">7</container>
                     <container type="folder" label="Folder">28</container>
                     <unittitle>Spending a Day With Mother</unittitle>
                  </did>
               </c03>
            </c02>
            <c02 level="subseries">
               <did>
                  <unittitle>Poetry</unittitle>
               </did>
               <c03 level="file">
                  <did>
                     <container type="box" label="Box">7</container>
                     <container type="folder" label="Folder">29</container>
                     <unittitle>Includes the following poems:</unittitle>
                     <note>
                        <list>
                           <item>
                              <title render="doublequote">Dostoevsky, Tolstoy, Russian Roulette, Me
                              </title>
                           </item>
                           <item>
                              <title render="doublequote">Drunk in the Garden </title>
                           </item>
                           <item>
                              <title render="doublequote">Drunk Poem Number One </title>
                           </item>
                           <item>
                              <title render="doublequote">February Twenty-One, Nineteen Seventy Nine
                              </title>
                           </item>
                           <item>
                              <title render="doublequote">The Game and the Play of Chess </title>
                           </item>
                           <item>
                              <title render="doublequote">A Gratefully Recovering Alcoholic: First
                                 Things First, Easy Does It, One Day At a Time </title>
                           </item>
                           <item>
                              <title render="doublequote">The Hustler </title>
                           </item>
                           <item>
                              <title render="doublequote">Jamie After Sixteen Years </title>
                           </item>
                           <item>
                              <title render="doublequote">Mother's Visit </title>
                           </item>
                           <item>
                              <title render="doublequote">My Name is Bobby and I Came To Play
                              </title>
                           </item>
                           <item>
                              <title render="doublequote">Nineteen Seventy Eight </title>
                           </item>
                           <item>
                              <title render="doublequote">On Metaphysics: With a Traitor </title>
                           </item>
                           <item>
                              <title render="doublequote">A Poem for Madeleyn Who Moves Fast
                              </title>
                           </item>
                           <item>
                              <title render="doublequote">Poem: With Electrodes on My Head </title>
                           </item>
                           <item>
                              <title render="doublequote">Sci-Fi Poem Book </title>
                           </item>
                           <item>
                              <title render="doublequote">The Spirit Moves Deeply Toward Whiskey
                              </title>
                           </item>
                           <item>
                              <title render="doublequote">The Spirit Moves Fearfully Toward Sobriety
                              </title>
                           </item>
                           <item>
                              <title render="doublequote">Thirteen Thirty Eight Fortieth Avenue
                                 (appended to: The Hustler) </title>
                           </item>
                           <item>
                              <title render="doublequote">To Julie </title>
                           </item>
                           <item>
                              <title render="doublequote">Villanelle for H. Chovnik </title>
                           </item>
                           <item>
                              <title render="doublequote">A Way Out </title>
                           </item>
                           <item>
                              <title render="doublequote">Win a Few Lose a Few</title>
                           </item>
                        </list>
                     </note>
                  </did>
               </c03>
            </c02>
            <c02 level="subseries">
               <did>
                  <unittitle>Short Stories</unittitle>
               </did>
               <c03 level="file">
                  <did>
                     <unittitle>
                        <title render="italic">Far From Home </title>
                     </unittitle>
                  </did>
                  <c04 level="file">
                     <did>
                        <container type="box" label="Box">8</container>
                        <container type="folder" label="Folder">1-10</container>
                        <unittitle>
                           <title render="italic">Far From Home </title>(published collection of
                           short stories). </unittitle>
                        <physdesc>Includes typescripts of the following: Introduction and Table of
                           Contents; <title render="doublequote">The Apotheosis of Myra;</title>
                           <title render="doublequote">The Big Bounce;</title>
                           <title render="doublequote">Daddy;</title>
                           <title render="doublequote">Echo;</title>
                           <title render="doublequote">Out of Luck;</title>
                           <title render="doublequote">Rent Control;</title>
                           <title render="doublequote">The Scholar's Disciple;</title>
                           <title render="doublequote">Sitting in Limbo;</title>
                           <title render="doublequote">A Visit from Mother </title>
                        </physdesc>
                     </did>
                  </c04>
                  <c04 level="file">
                     <did>
                        <container type="box" label="Box">8</container>
                        <container type="folder" label="Folder">11</container>
                        <unittitle>Copy edited manuscript </unittitle>
                     </did>
                  </c04>
                  <c04 level="file">
                     <did>
                        <container type="box" label="Box">8</container>
                        <container type="folder" label="Folder">12-13</container>
                        <unittitle>Galleys </unittitle>
                     </did>
                  </c04>
               </c03>
               <c03 level="file">
                  <did>
                     <unittitle>Other published short stories</unittitle>
                  </did>
                  <c04 level="file">
                     <did>
                        <container type="box" label="Box">8</container>
                        <container type="folder" label="Folder">14</container>
                        <unittitle>
                           <title render="doublequote">The Actors</title>
                        </unittitle>
                     </did>
                  </c04>
                  <c04 level="file">
                     <did>
                        <container type="box" label="Box">8</container>
                        <container type="folder" label="Folder">15</container>
                        <unittitle>
                           <title render="doublequote">The King is Dead</title>
                        </unittitle>
                     </did>
                  </c04>
                  <c04 level="file">
                     <did>
                        <container type="box" label="Box">8</container>
                        <container type="folder" label="Folder">16</container>
                        <unittitle>
                           <title render="doublequote">The Machine That Hustled Pool </title>
                        </unittitle>
                     </did>
                  </c04>
                  <c04 level="file">
                     <did>
                        <container type="box" label="Box">8</container>
                        <container type="folder" label="Folder">17</container>
                        <unittitle>
                           <title render="doublequote">The Man from Budapest</title>
                        </unittitle>
                     </did>
                  </c04>
                  <c04 level="file">
                     <did>
                        <container type="box" label="Box">8</container>
                        <container type="folder" label="Folder">18</container>
                        <unittitle>
                           <title render="doublequote">A Short Ride in the Dark</title>
                        </unittitle>
                     </did>
                  </c04>
                  <c04 level="file">
                     <did>
                        <container type="box" label="Box">8</container>
                        <container type="folder" label="Folder">19</container>
                        <unittitle>
                           <title render="doublequote">Sucker's Game</title>
                        </unittitle>
                     </did>
                  </c04>
                  <c04 level="file">
                     <did>
                        <container type="box" label="Box">8</container>
                        <container type="folder" label="Folder">20</container>
                        <unittitle>Photocopies of various stories published in magazines
                        </unittitle>
                     </did>
                  </c04>
               </c03>
               <c03 level="file">
                  <did>
                     <unittitle>Unpublished short stories</unittitle>
                  </did>
                  <c04 level="file">
                     <did>
                        <container type="box" label="Box">8</container>
                        <container type="folder" label="Folder">21</container>
                        <unittitle>
                           <title render="doublequote">The Albatross</title>
                        </unittitle>
                     </did>
                  </c04>
                  <c04 level="file">
                     <did>
                        <container type="box" label="Box">8</container>
                        <container type="folder" label="Folder">22</container>
                        <unittitle>
                           <title render="doublequote">Big Man from the West Coast</title>
                        </unittitle>
                     </did>
                  </c04>
                  <c04 level="file">
                     <did>
                        <container type="box" label="Box">8</container>
                        <container type="folder" label="Folder">23</container>
                        <unittitle>
                           <title render="doublequote">Cowards Die Many Times</title>
                        </unittitle>
                     </did>
                  </c04>
                  <c04 level="file">
                     <did>
                        <container type="box" label="Box">8</container>
                        <container type="folder" label="Folder">24</container>
                        <unittitle>
                           <title render="doublequote">The Double Crossed Wire</title>
                        </unittitle>
                     </did>
                  </c04>
                  <c04 level="file">
                     <did>
                        <container type="box" label="Box">8</container>
                        <container type="folder" label="Folder">25</container>
                        <unittitle>
                           <title render="doublequote">Gangster Cat</title>
                        </unittitle>
                     </did>
                  </c04>
                  <c04 level="file">
                     <did>
                        <container type="box" label="Box">8</container>
                        <container type="folder" label="Folder">26</container>
                        <unittitle>
                           <title render="doublequote">The Gorilla System</title>
                        </unittitle>
                     </did>
                  </c04>
                  <c04 level="file">
                     <did>
                        <container type="box" label="Box">8</container>
                        <container type="folder" label="Folder">27</container>
                        <unittitle>
                           <title render="doublequote">The Kingdom of Heaven</title>
                        </unittitle>
                     </did>
                  </c04>
                  <c04 level="file">
                     <did>
                        <container type="box" label="Box">8</container>
                        <container type="folder" label="Folder">28</container>
                        <unittitle>
                           <title render="doublequote">Konraq</title>
                        </unittitle>
                     </did>
                  </c04>
                  <c04 level="file">
                     <did>
                        <container type="box" label="Box">8</container>
                        <container type="folder" label="Folder">29</container>
                        <unittitle>
                           <title render="doublequote">Moriae Encomium</title>
                        </unittitle>
                     </did>
                  </c04>
                  <c04 level="file">
                     <did>
                        <container type="box" label="Box">8</container>
                        <container type="folder" label="Folder">30</container>
                        <unittitle>
                           <title render="doublequote">My Name is Brown, Sir</title>
                        </unittitle>
                     </did>
                  </c04>
                  <c04 level="file">
                     <did>
                        <container type="box" label="Box">8</container>
                        <container type="folder" label="Folder">31</container>
                        <unittitle>
                           <title render="doublequote">Royal Flush</title>
                        </unittitle>
                     </did>
                  </c04>
                  <c04 level="file">
                     <did>
                        <container type="box" label="Box">8</container>
                        <container type="folder" label="Folder">32</container>
                        <unittitle>
                           <title render="doublequote">The Second Coming</title>
                        </unittitle>
                     </did>
                  </c04>
                  <c04 level="file">
                     <did>
                        <container type="box" label="Box">8</container>
                        <container type="folder" label="Folder">33</container>
                        <unittitle>
                           <title render="doublequote">A Small Town Affair</title>
                        </unittitle>
                     </did>
                  </c04>
                  <c04 level="file">
                     <did>
                        <container type="box" label="Box">8</container>
                        <container type="folder" label="Folder">34</container>
                        <unittitle>
                           <title render="doublequote">Stop!</title>
                        </unittitle>
                     </did>
                  </c04>
                  <c04 level="file">
                     <did>
                        <container type="box" label="Box">8</container>
                        <container type="folder" label="Folder">35</container>
                        <unittitle>
                           <title render="doublequote">A Thing of Beauty</title>
                        </unittitle>
                     </did>
                  </c04>
                  <c04 level="file">
                     <did>
                        <container type="box" label="Box">8</container>
                        <container type="folder" label="Folder">36</container>
                        <unittitle>
                           <title render="doublequote">Turnip Island</title>
                        </unittitle>
                     </did>
                  </c04>
                  <c04 level="file">
                     <did>
                        <container type="box" label="Box">8</container>
                        <container type="folder" label="Folder">37</container>
                        <unittitle>
                           <title render="doublequote">Upright Coach</title>
                        </unittitle>
                     </did>
                  </c04>
                  <c04 level="file">
                     <did>
                        <container type="box" label="Box">8</container>
                        <container type="folder" label="Folder">38</container>
                        <unittitle>
                           <title render="doublequote">The Weather is Uncertain</title>
                        </unittitle>
                     </did>
                  </c04>
                  <c04 level="file">
                     <did>
                        <container type="box" label="Box">8</container>
                        <container type="folder" label="Folder">39</container>
                        <unittitle>
                           <title render="doublequote">When Last I Saw You</title>
                        </unittitle>
                     </did>
                  </c04>
                  <c04 level="file">
                     <did>
                        <container type="box" label="Box">8</container>
                        <container type="folder" label="Folder">40</container>
                        <unittitle>Untitled</unittitle>
                     </did>
                  </c04>
               </c03>
            </c02>
            <c02 level="subseries">
               <did>
                  <unittitle>Fragments of works</unittitle>
               </did>
               <c03 level="file">
                  <did>
                     <container type="box" label="Box">8</container>
                     <container type="folder" label="Folder">41</container>
                     <unittitle>
                        <title render="doublequote">Blunt Instrument </title>
                     </unittitle>
                  </did>
               </c03>
               <c03 level="file">
                  <did>
                     <container type="box" label="Box">8</container>
                     <container type="folder" label="Folder">42</container>
                     <unittitle>
                        <title render="doublequote">Burton</title>
                     </unittitle>
                  </did>
               </c03>
               <c03 level="file">
                  <did>
                     <container type="box" label="Box">8</container>
                     <container type="folder" label="Folder">43</container>
                     <unittitle>
                        <title render="doublequote">Crippled for Life</title>
                     </unittitle>
                  </did>
               </c03>
               <c03 level="file">
                  <did>
                     <container type="box" label="Box">8</container>
                     <container type="folder" label="Folder">44</container>
                     <unittitle>
                        <title render="doublequote">The Disillusionment of Peter Baradolph</title>
                     </unittitle>
                  </did>
               </c03>
               <c03 level="file">
                  <did>
                     <container type="box" label="Box">8</container>
                     <container type="folder" label="Folder">45</container>
                     <unittitle>
                        <title render="doublequote">Fidelity</title>
                     </unittitle>
                  </did>
               </c03>
               <c03 level="file">
                  <did>
                     <container type="box" label="Box">8</container>
                     <container type="folder" label="Folder">46</container>
                     <unittitle>
                        <title render="doublequote">Flight</title>
                     </unittitle>
                  </did>
               </c03>
               <c03 level="file">
                  <did>
                     <container type="box" label="Box">8</container>
                     <container type="folder" label="Folder">47</container>
                     <unittitle>
                        <title render="doublequote">The Homeless</title>
                     </unittitle>
                  </did>
               </c03>
               <c03 level="file">
                  <did>
                     <container type="box" label="Box">8</container>
                     <container type="folder" label="Folder">48</container>
                     <unittitle>
                        <title render="doublequote">Iago</title>
                     </unittitle>
                  </did>
               </c03>
               <c03 level="file">
                  <did>
                     <container type="box" label="Box">8</container>
                     <container type="folder" label="Folder">49</container>
                     <unittitle>
                        <title render="doublequote">Mafia Bees</title>
                     </unittitle>
                  </did>
               </c03>
               <c03 level="file">
                  <did>
                     <container type="box" label="Box">8</container>
                     <container type="folder" label="Folder">50</container>
                     <unittitle>
                        <title render="doublequote">The Man Himself</title>
                     </unittitle>
                  </did>
               </c03>
               <c03 level="file">
                  <did>
                     <container type="box" label="Box">8</container>
                     <container type="folder" label="Folder">51</container>
                     <unittitle>
                        <title render="doublequote">Melba on Burton</title>
                     </unittitle>
                  </did>
               </c03>
               <c03 level="file">
                  <did>
                     <container type="box" label="Box">8</container>
                     <container type="folder" label="Folder">52</container>
                     <unittitle>
                        <title render="doublequote">Salt 17</title>
                     </unittitle>
                  </did>
               </c03>
               <c03 level="file">
                  <did>
                     <container type="box" label="Box">8</container>
                     <container type="folder" label="Folder">53</container>
                     <unittitle>
                        <title render="doublequote">School in Nowhere</title>
                     </unittitle>
                  </did>
               </c03>
               <c03 level="file">
                  <did>
                     <container type="box" label="Box">8</container>
                     <container type="folder" label="Folder">54</container>
                     <unittitle>
                        <title render="doublequote">Transbox to Porbyx</title>
                     </unittitle>
                  </did>
               </c03>
               <c03 level="file">
                  <did>
                     <container type="box" label="Box">8</container>
                     <container type="folder" label="Folder">55</container>
                     <unittitle>Untitled fragments</unittitle>
                  </did>
               </c03>
            </c02>
            <c02 level="subseries">
               <did>
                  <unittitle>Miscellaneous</unittitle>
               </did>
               <c03 level="file">
                  <did>
                     <container type="box" label="Box">8</container>
                     <container type="folder" label="Folder">56-57</container>
                     <unittitle>Photocopies of articles about Tevis and book reviews </unittitle>
                  </did>
               </c03>
               <c03 level="file">
                  <did>
                     <container type="box" label="Box">8</container>
                     <container type="folder" label="Folder">58</container>
                     <unittitle>Three magazines, with articles about Tevis</unittitle>
                  </did>
                  <c04 level="file">
                     <did>
                        <unittitle>
                           <title render="doublequote">Chess: A Novel Idea,</title> and an excerpt
                           from <title render="italic">The Queen's Gambit.</title>
                           <title render="italic">Chess Life,</title>
                           <unitdate normal="1983-05" era="ce" calendar="gregorian">May
                              1983</unitdate>
                        </unittitle>
                     </did>
                  </c04>
                  <c04 level="file">
                     <did>
                        <unittitle>
                           <title render="doublequote">Toasting the Best of Times,</title>
                           <title render="italic">The Courier-Journal Magazine,</title>
                           <unitdate normal="1980-01-27" era="ce" calendar="gregorian">Jan 27,
                              1980</unitdate>
                        </unittitle>
                     </did>
                  </c04>
                  <c04 level="file">
                     <did>
                        <unittitle>
                           <title render="doublequote">Walter Tevis is Hustling Again,</title>
                           <title render="italic">Sunday Plain Dealer Magazine,</title>
                           <unitdate normal="1978-05-21" era="ce" calendar="gregorian">May 21,
                              1978</unitdate>
                        </unittitle>
                     </did>
                  </c04>
               </c03>
            </c02>
         </c01>
      </dsc>
   </archdesc>
</ead>
