<?xml version="1.0" encoding="utf-8"?>
<!-- Indiana University EAD template draft: 2003-Jan-2, 
    revised 2004-09-15 JLR; 
    revised fall 2006 and spring/summer 2007 JLR w/ EAD Working Group
    added repository code to /ead/archdesc/did/repository/@id, 4/1/09 JLR
-->
<ead xmlns="urn:isbn:1-931666-22-9"
     xmlns:xlink="http://www.w3.org/1999/xlink"
     xmlns:xsi="http://www.w3.org/2001/XMLSchema-instance"
     xsi:schemaLocation="urn:isbn:1-931666-22-9 http://www.loc.gov/ead/ead.xsd">
   <eadheader repositoryencoding="iso15511"
              langencoding="iso639-2b"
              audience="external"
              countryencoding="iso3166-1"
              dateencoding="iso8601"
              scriptencoding="iso15924"
              relatedencoding="dublincore"
              findaidstatus="edited-full-draft">
      <eadid countrycode="US"
             encodinganalog="identifier"
             mainagencycode="InU-Li"
             identifier="InU-Li-VAB8155">InU-Li-VAB8155</eadid>
      <!-- The value of eadid should follow the pattern of archive or library code, and then a 
unique number for the collection, e.g. InU-Li-VAA1234. Put this full identifier both in the identifier attribute and in the value of the eadid element. -->
      <!-- Generate a unique number for the collection at http://www.dlib.indiana.edu/cgi-bin/testtrackedit/filename.pl -->
      <filedesc><!-- This is a description of the electronic finding aid, not the 
original finding aid or the collection --><!-- Make title "The John Doe Papers, 1919-1965" rather than "The 
Papers of John Doe, 1919-1965" to eliminate 
                potential confusion about the meaning of the dates -->
         <titlestmt>
            <titleproper encodinganalog="title">Broom mss., <date normal="1940/1957">1940-1957</date>
            </titleproper>
         </titlestmt>
         <publicationstmt>
            <publisher encodinganalog="publisher">Indiana University Digital Library
                    Program</publisher>
            <date encodinganalog="date" normal="2009" type="publication">© 2009</date>
         </publicationstmt>
         <notestmt><!-- Change date to date of first publication, change rights statement if other entity claims rights over the finding aid (not the collection)-->
            <note encodinganalog="rights">
               <p>
                  <date normal="2009">© 2009</date> Trustees of Indiana University. All rights
                        reserved.</p>
            </note>
         </notestmt>
      </filedesc>
      <profiledesc>
         <creation> XML finding aid derived from HTML version through cutting and pasting
                <lb/>
            <date normal="2009" type="source">2009</date>
            <lb/>Finding aid encoded by Matt Carruthers, Library/Archives, Indiana University,
                    <date normal="2009-10-28">Oct. 28, 2009</date>
         </creation>
         <langusage>Description is in <language encodinganalog="language" langcode="eng">English.</language>
         </langusage>
      </profiledesc>
      <!-- revisiondesc is required -->
      <!-- record when the finding aid is completed in first change element, 
with subsequent changes
listed below the first -->
      <revisiondesc>
         <change audience="internal">
            <date normal="2009-10-28"/>
            <item>This is the first version of the encoded finding aid.</item>
         </change>
         <change audience="internal">
            <date normal="2017-11-29">November 29, 2017</date>
            <item>Batch update to change subject links.</item>
         </change>
      </revisiondesc>
   </eadheader>
   <archdesc audience="external"
             level="collection"
             type="inventory"
             relatedencoding="marc21"><!-- The TYPE attribute can be used to categorize the finding aid as an inventory, register, or other format. -->
      <did>
         <head>Summary Information</head>
         <repository id="lilly" encodinganalog="852" label="Repository">
            <corpname source="lcnaf" normal="Lilly Library (Indiana University, Bloomington)">Lilly Library (Indiana University, Bloomington)</corpname>
            <address>
               <addressline>Lilly Library</addressline>
               <addressline>Indiana University</addressline>
               <addressline>1200 E. Seventh St.</addressline>
               <addressline>Bloomington, IN 47405-5500</addressline>
               <addressline>Phone: 812-855-2452</addressline>
               <addressline>Fax: 812-855-3143</addressline>
               <addressline>Email: liblilly@indiana.edu</addressline>
            </address>
         </repository>
         <origination label="Creator"><!-- Or <corpname encodinganalog="110">, <meeting encodinganalog="111">, with source="lcnaf" if appropriate -->
            <persname encodinganalog="100" source="lcnaf">Broom, John J. W.,
                    1917-2000</persname>
         </origination>
         <!-- per RLG guidelines recommendation, do not nest unitdate element within
unittitle element -->
         <unittitle encodinganalog="245$a" label="Title">Broom mss.</unittitle>
         <unitdate encodinganalog="245$f" normal="1940/1957" type="inclusive">1940-1957</unitdate>
         <!-- do not include separating punctuation between the unit title and the unit
date.  The stylesheets will supply a comma where appropriate. -->
         <!-- unitdate may be repeated if both bulk and inclusive dates are recorded -->
         <!-- record the type of date - bulk or inclusive - in the type attribute. if date is bulk, change encodinganalog to 245$g -->
         <!-- recommended -->
         <unitid encodinganalog="099" label="Collection No.">LMC 1134</unitid>
         <physdesc encodinganalog="300" label="Extent">
            <extent>ca. 400 items</extent>
            <!-- if both linear feet and number of items included, repeat extent-->
         </physdesc>
         <!-- if collection includes signinficant non-english material add code to
langmaterial element -->
         <langmaterial encodinganalog="546" label="Language">Materials are in <language encodinganalog="546" langcode="eng">English</language>
         </langmaterial>
         <abstract encodinganalog="520" label="Abstract">The Broom mss., 1940-1957, consists
                primarily of the correspondence of John Joseph Willard, <title render="doublequote">Bill,</title> Broom, 1917-2000, and his parents, Ida J. Broom and John J.W.
                Broom, Sr., during Bill Broom's World War II military service. There are also a
                substantial number of letters, 1944-1945, from his future wife, Dolly May Gantz, as
                well as from other family members, hometown friends, and college acquaintances
                throughout the collection.</abstract>
      </did>
      <!-- required even if unrestricted -->
      <accessrestrict encodinganalog="506">
         <head>Access Restrictions</head>
         <p>This collection is open for research.</p>
      </accessrestrict>
      <!-- required; can be short -->
      <bioghist encodinganalog="545">
         <head>Biographical Note</head>
         <p>Broom attended Indiana University in the late <date normal="1930/1939" type="inclusive">1930s</date>, earning his Bachelor of Public School Music in
                    <date normal="1939">1939.</date> He then began graduate work in music but joined
                the armed forces in <date normal="1942">1942</date> before completing the masters
                program. Between <date normal="1942">1942</date> and <date normal="1945">1945</date>
                Broom served in the Army Air Force (later Air Force) Band stateside at Gunter Field,
                near Montgomery, Alabama. Letters from Broom in early <date normal="1945">1945</date> are from various cities in Ohio where he was on tour with <title render="doublequote">Here's Your Infantry,</title> a show that demonstrated
                military maneuvers. In the latter part of that year the letters are from Louisville,
                Kentucky where his band was stationed at Nichols General Hospital. Broom left the
                service in <date normal="1946-02">February 1946.</date>
         </p>
         <p>After the war, Broom returned to Indiana University to complete his Masters of Music
                in <date normal="1948">1948.</date> He then returned to Fort Wayne and served in the
                Fort Wayne Community Schools for until his retirement as music director in <date normal="1984">1984.</date> He also conducted various community bands in the Fort
                Wayne area and was an active member of the American Federation of Musicians, Local
                58. Broom died in New Haven, Indiana, <date normal="2000-09-21">September 21,
                    2000.</date>
         </p>
      </bioghist>
      <!--optional -->
      <arrangement encodinganalog="351">
         <head>Arrangement</head>
         <p>The collection is organized into the following series: I. Correspondence with
                parents; II. Letters from Dolly May (Gantz) Broom; III. General correspondence; IV.
                Photographs; V. Clippings; VI. Printed.</p>
      </arrangement>
      <!-- required for collection level; optional for lower levels -->
      <scopecontent encodinganalog="520">
         <head>Scope and Content Note</head>
         <p>The Broom mss., 1940-1957, consists primarily of the correspondence of John Joseph
                Willard, <title render="doublequote">Bill,</title> Broom, 1917-2000, and his
                parents, Ida J. Broom and John J.W. Broom, Sr., during Bill Broom's World War II
                military service. There are also a substantial number of letters, 1944-1945, from
                his future wife, Dolly May Gantz, as well as from other family members, hometown
                friends, and college acquaintances throughout the collection. Most of letters to
                Broom describe relatively mundane events: weather, news about other relatives,
                laundry, and local events or happenings made up the majority of topics discussed.
                Rarely was there any mention of the war except in relaying information about someone
                entering the service, though one particular letter was written on the back of a
                newspaper flyer that announced the surrender of Japan. Included with many of the
                letters sent to Broom by his parents and Dolly May were newspaper clippings from
                Fort Wayne area newspapers and publications describing local news and activities.
                Because of the sheer number of these clippings and because of the already advanced
                acid migration from the newspaper to the letters in which enclosed, they have been
                filed separately in the collection.</p>
      </scopecontent>
      <!-- recommended; this information would be included for marc amc record -->
      <!-- should include all personal and corporate names, and subject headings -->
      <controlaccess>
         <head>Indexing Terms</head>
         <p>The following terms have been used to index the description of this collection in
                    <extref xlink:href="http://www.iucat.iu.edu">IUCAT</extref>, the IU Libraries'
                online catalog. Materials about related topics, persons or places can be found by
                searching the catalog using these terms.</p>
         <controlaccess>
            <head>Names</head>
            <list>
               <item>
                  <extref xlink:href="https://iucat.iu.edu/?q=&#34;broom+john+j+w+1917+2000&#34;&amp;search_field=subject_link">
                     <persname encodinganalog="100" source="lcnaf">Broom, John J.W.,
                                1917-2000.</persname>
                  </extref>
               </item>
               <item>
                  <extref xlink:href="https://iucat.iu.edu/?q=&#34;broom+john+j+w+1917+2000+correspondence&#34;&amp;search_field=subject_link">
                     <persname encodinganalog="100" source="lcnaf">Broom, John J.W.,
                                1917-2000 --Correspondence.</persname>
                  </extref>
               </item>
               <item>
                  <extref xlink:href="https://iucat.iu.edu/?q=&#34;broom+ida+j+correspondence&#34;&amp;search_field=subject_link">
                     <persname encodinganalog="100" source="lcnaf">Broom, Ida J.
                                --Correspondence.</persname>
                  </extref>
               </item>
               <item>
                  <extref xlink:href="https://iucat.iu.edu/?q=&#34;broom+john+j+w+sr+correspondence&#34;&amp;search_field=subject_link">
                     <persname encodinganalog="100" source="lcnaf">Broom, John J. W., Sr.
                                --Correspondence.</persname>
                  </extref>
               </item>
               <item>
                  <extref xlink:href="https://iucat.iu.edu/?q=&#34;broom+dolly+may+gantz+correspondence&#34;&amp;search_field=subject_link">
                     <persname encodinganalog="100" source="lcnaf">Broom, Dolly May Gantz
                                --Correspondence.</persname>
                  </extref>
               </item>
               <item>
                  <extref xlink:href="https://iucat.iu.edu/?q=&#34;united+states+air+force+correspondence&#34;&amp;search_field=subject_link">
                     <corpname encodinganalog="110" source="lcnaf">United States. Air Force
                                --Correspondence.</corpname>
                  </extref>
               </item>
               <item>
                  <extref xlink:href="https://iucat.iu.edu/?q=&#34;united+states+air+force+military+life+correspondence&#34;&amp;search_field=subject_link">
                     <corpname encodinganalog="110" source="lcnaf">United States. Air Force
                                --Military life --Correspondence.</corpname>
                  </extref>
               </item>
               <item>
                  <extref xlink:href="https://iucat.iu.edu/?q=&#34;indiana+university+alumni+alumnae+correspondence&#34;&amp;search_field=subject_link">
                     <corpname encodinganalog="110" source="lcnaf">Indiana University--Alumni
                                and alumnae --Correspondence.</corpname>
                  </extref>
               </item>
            </list>
         </controlaccess>
         <controlaccess>
            <head>Topics</head>
            <list>
               <item>
                  <extref xlink:href="https://iucat.iu.edu/?q=&#34;world+war+1939+1945+correspondence&#34;&amp;search_field=subject_link">
                     <subject encodinganalog="650" source="lcnaf">World War, 1939-1945
                                --Correspondence.</subject>
                  </extref>
               </item>
               <item>
                  <extref xlink:href="https://iucat.iu.edu/?q=&#34;soldiers+united+states+correspondence&#34;&amp;search_field=subject_link">
                     <subject encodinganalog="650" source="lcnaf">Soldiers --United States
                                --Correspondence.</subject>
                  </extref>
               </item>
               <item>
                  <extref xlink:href="https://iucat.iu.edu/?q=&#34;music+teachers+united+states+manuscripts&#34;&amp;search_field=subject_link">
                     <subject encodinganalog="650" source="lcnaf">Music teachers--United
                                States--Manuscripts.</subject>
                  </extref>
               </item>
            </list>
         </controlaccess>
         <controlaccess>
            <head>Places</head>
            <list>
               <item>
                  <extref xlink:href="https://iucat.iu.edu/?q=&#34;fort+wayne+(Ind.)+history&#34;&amp;search_field=subject_link">
                     <geogname encodinganalog="651" source="lcnaf">Fort Wayne
                                (Ind.)--History.</geogname>
                  </extref>
               </item>
            </list>
         </controlaccess>
      </controlaccess>
      <!-- required, if appropriate -->
      <separatedmaterial encodinganalog="544">
         <head>Separated Material</head>
         <p>Broom's correspondence and materials during his undergraduate years at Indiana
                University are located in the Indiana University Archives.</p>
      </separatedmaterial>
      <descgrp>
         <head>Administrative Information</head>
         <!-- required -->
         <acqinfo encodinganalog="541">
            <head>Acquisition Information</head>
            <p>Purchase. 2002</p>
         </acqinfo>
         <!-- required even if unrestricted -->
         <userestrict encodinganalog="540">
            <head>Usage Restrictions</head>
            <p>Prior arrangements are not necessary before coming to the Library, however,
                    patrons from out of town are encouraged to communicate with the Library in
                    advance of their visits to ascertain availability of materials.</p>
            <p>Photocopying permitted only with permission of the Curator of Manuscripts, Lilly
                    Library.</p>
         </userestrict>
         <!-- required -->
         <prefercite encodinganalog="524">
            <head>Preferred Citation</head>
            <p>[Item], Broom mss., Lilly Library, Indiana University, Bloomington, Indiana.</p>
         </prefercite>
      </descgrp>
      <dsc type="combined"><!-- unittitle is the only required element within component --><!-- possible values for @level include: class, collection, file, fonds, item,
                otherlevel, recordgrp, series, subfonds, subgrp, subseries -->
         <c01 id="VAB8155-00001" level="series">
            <did><!-- optional -->
               <container label="Box" type="box">1</container>
               <unittitle>I. Correspondence with parents</unittitle>
            </did>
            <c02 id="VAB8155-00002" level="file">
               <did>
                  <container label="Folder" type="folder">1</container>
                  <unittitle>
                     <unitdate normal="1940/1942-09" type="inclusive">1940-1942,
                                Sept.</unitdate>
                  </unittitle>
               </did>
            </c02>
            <c02 id="VAB8155-00003" level="file">
               <did>
                  <container label="Folder" type="folder">2</container>
                  <unittitle>
                     <unitdate normal="1942-10/1942-12" type="inclusive">1942,
                                Oct.-Dec.</unitdate>
                  </unittitle>
               </did>
            </c02>
            <c02 id="VAB8155-00004" level="file">
               <did>
                  <container label="Folder" type="folder">3</container>
                  <unittitle>
                     <unitdate normal="1943-01/1943-03" type="inclusive">1943,
                                Jan.-Mar.</unitdate>
                  </unittitle>
               </did>
            </c02>
            <c02 id="VAB8155-00005" level="file">
               <did>
                  <container label="Folder" type="folder">4</container>
                  <unittitle>
                     <unitdate normal="1943-04/1943-06" type="inclusive">1943,
                                Apr.-June</unitdate>
                  </unittitle>
               </did>
            </c02>
            <c02 id="VAB8155-00006" level="file">
               <did>
                  <container label="Folder" type="folder">5</container>
                  <unittitle>
                     <unitdate normal="1943-07">1943, July</unitdate>
                  </unittitle>
               </did>
            </c02>
            <c02 id="VAB8155-00007" level="file">
               <did>
                  <container label="Folder" type="folder">6</container>
                  <unittitle>
                     <unitdate normal="1943-08/1943-10" type="inclusive">1943,
                                Aug.-Oct.</unitdate>
                  </unittitle>
               </did>
            </c02>
            <c02 id="VAB8155-00008" level="file">
               <did>
                  <container label="Folder" type="folder">7</container>
                  <unittitle>
                     <unitdate normal="1943-11/1943-12" type="inclusive">1943,
                                Nov.-Dec.</unitdate>
                  </unittitle>
               </did>
            </c02>
            <c02 id="VAB8155-00009" level="file">
               <did>
                  <container label="Folder" type="folder">8</container>
                  <unittitle>
                     <unitdate normal="1944-01/1944-04" type="inclusive">1944,
                                Jan.-Apr.</unitdate>
                  </unittitle>
               </did>
            </c02>
            <c02 id="VAB8155-00010" level="file">
               <did>
                  <container label="Folder" type="folder">9</container>
                  <unittitle>
                     <unitdate normal="1944-05">1944, May</unitdate>
                  </unittitle>
               </did>
            </c02>
            <c02 id="VAB8155-00011" level="file">
               <did>
                  <container label="Folder" type="folder">10</container>
                  <unittitle>
                     <unitdate normal="1944-06/1944-08" type="inclusive">1944,
                                June-Aug.</unitdate>
                  </unittitle>
               </did>
            </c02>
            <c02 id="VAB8155-00012" level="file">
               <did>
                  <container label="Folder" type="folder">11</container>
                  <unittitle>
                     <unitdate normal="1944-09/1944-10" type="inclusive">1944,
                                Sept.-Oct.</unitdate>
                  </unittitle>
               </did>
            </c02>
            <c02 id="VAB8155-00013" level="file">
               <did>
                  <container label="Folder" type="folder">12</container>
                  <unittitle>
                     <unitdate normal="1944-09/1944-12" type="inclusive">1944,
                                Nov.-Dec.</unitdate>
                  </unittitle>
               </did>
            </c02>
            <c02 id="VAB8155-00014" level="file">
               <did>
                  <container label="Folder" type="folder">13</container>
                  <unittitle>
                     <unitdate normal="1945-01/1945-05" type="inclusive">1945,
                                Jan.-May</unitdate>
                  </unittitle>
               </did>
            </c02>
            <c02 id="VAB8155-00015" level="file">
               <did>
                  <container label="Folder" type="folder">14</container>
                  <unittitle>
                     <unitdate normal="1945-06/1945-07" type="inclusive">1945,
                                June-July</unitdate>
                  </unittitle>
               </did>
            </c02>
            <c02 id="VAB8155-00016" level="file">
               <did>
                  <container label="Folder" type="folder">15</container>
                  <unittitle>
                     <unitdate normal="1945-08/1945-09" type="inclusive">1945,
                                Aug.-Sept.</unitdate>
                  </unittitle>
               </did>
            </c02>
            <c02 id="VAB8155-00017" level="file">
               <did>
                  <container label="Folder" type="folder">16</container>
                  <unittitle>
                     <unitdate normal="1945-10/1946-01" type="inclusive">1945, Oct.-1946,
                                Jan.</unitdate>
                  </unittitle>
               </did>
            </c02>
         </c01>
         <c01 id="VAB8155-00018" level="series">
            <did>
               <container label="Box" type="box">1</container>
               <unittitle>II. Letters from Dolly May (Gantz) Broom</unittitle>
            </did>
            <c02 id="VAB8155-00019" level="file">
               <did>
                  <container label="Folder" type="folder">17</container>
                  <unittitle>
                     <unitdate normal="1944-01/1944-04" type="inclusive">1944,
                                Jan.-Apr.</unitdate>
                  </unittitle>
               </did>
            </c02>
            <c02 id="VAB8155-00020" level="file">
               <did>
                  <container label="Folder" type="folder">18</container>
                  <unittitle>
                     <unitdate normal="1944-05/1944-06" type="inclusive">1944,
                                May-June</unitdate>
                  </unittitle>
               </did>
            </c02>
            <c02 id="VAB8155-00021" level="file">
               <did>
                  <container label="Folder" type="folder">19</container>
                  <unittitle>
                     <unitdate normal="1944-07">1944, July</unitdate>
                  </unittitle>
               </did>
            </c02>
            <c02 id="VAB8155-00022" level="file">
               <did>
                  <container label="Folder" type="folder">20</container>
                  <unittitle>
                     <unitdate normal="1944-08">1944, Aug.</unitdate>
                  </unittitle>
               </did>
            </c02>
            <c02 id="VAB8155-00023" level="file">
               <did>
                  <container label="Folder" type="folder">21</container>
                  <unittitle>
                     <unitdate normal="1944-09/1944-12" type="inclusive">1944,
                                Sept.-Dec.</unitdate>
                  </unittitle>
               </did>
            </c02>
            <c02 id="VAB8155-00024" level="file">
               <did>
                  <container label="Folder" type="folder">22</container>
                  <unittitle>
                     <unitdate normal="1945-01/1945-06" type="inclusive">1945,
                                Jan.-June</unitdate>
                  </unittitle>
               </did>
            </c02>
         </c01>
         <c01 id="VAB8155-00025" level="series">
            <did>
               <container label="Box" type="box">1</container>
               <unittitle>III. General correspondence</unittitle>
            </did>
            <c02 id="VAB8155-00026" level="file">
               <did>
                  <container label="Folder" type="folder">23</container>
                  <unittitle>
                     <unitdate normal="1942-01/1942-08" type="inclusive">1942,
                                Jan.-Aug.</unitdate>
                  </unittitle>
               </did>
            </c02>
            <c02 id="VAB8155-00027" level="file">
               <did>
                  <container label="Folder" type="folder">24</container>
                  <unittitle>
                     <unitdate normal="1942-09">1942, Sept.</unitdate>
                  </unittitle>
               </did>
            </c02>
            <c02 id="VAB8155-00028" level="file">
               <did>
                  <container label="Folder" type="folder">25</container>
                  <unittitle>
                     <unitdate normal="1942-10/1942-12" type="inclusive">1942,
                                Oct.-Dec.</unitdate>
                  </unittitle>
               </did>
            </c02>
            <c02 id="VAB8155-00029" level="file">
               <did>
                  <container label="Folder" type="folder">26</container>
                  <unittitle>
                     <unitdate normal="1943-01/1943-06" type="inclusive">1943,
                                Jan.-June</unitdate>
                  </unittitle>
               </did>
            </c02>
            <c02 id="VAB8155-00030" level="file">
               <did>
                  <container label="Folder" type="folder">27</container>
                  <unittitle>
                     <unitdate normal="1943-07/1943-12" type="inclusive">1943,
                                July-Dec.</unitdate>
                  </unittitle>
               </did>
            </c02>
            <c02 id="VAB8155-00031" level="file">
               <did>
                  <container label="Folder" type="folder">28</container>
                  <unittitle>
                     <unitdate normal="1944-01/1944-04" type="inclusive">1944,
                                Jan.-Apr.</unitdate>
                  </unittitle>
               </did>
            </c02>
            <c02 id="VAB8155-00032" level="file">
               <did>
                  <container label="Folder" type="folder">29</container>
                  <unittitle>
                     <unitdate normal="1944-05/1944-06" type="inclusive">1944,
                                May-June</unitdate>
                  </unittitle>
               </did>
            </c02>
            <c02 id="VAB8155-00033" level="file">
               <did>
                  <container label="Folder" type="folder">30</container>
                  <unittitle>
                     <unitdate normal="1944-07/1944-10" type="inclusive">1944,
                                July-Oct.</unitdate>
                  </unittitle>
               </did>
            </c02>
            <c02 id="VAB8155-00034" level="file">
               <did>
                  <container label="Folder" type="folder">31</container>
                  <unittitle>
                     <unitdate normal="1944-11/1944-12" type="inclusive">1944,
                                Nov.-Dec.</unitdate>
                  </unittitle>
               </did>
            </c02>
            <c02 id="VAB8155-00035" level="file">
               <did>
                  <container label="Box" type="box">2</container>
                  <container label="Folder" type="folder">1</container>
                  <unittitle>
                     <unitdate normal="1945-01/1945-03" type="inclusive">1945,
                                Jan.-Mar.</unitdate>
                  </unittitle>
               </did>
            </c02>
            <c02 id="VAB8155-00036" level="file">
               <did>
                  <container label="Folder" type="folder">2</container>
                  <unittitle>
                     <unitdate normal="1945-04/1945-12" type="inclusive">1945,
                                Apr.-Dec.</unitdate>
                  </unittitle>
               </did>
            </c02>
            <c02 id="VAB8155-00037" level="file">
               <did>
                  <container label="Folder" type="folder">3</container>
                  <unittitle>
                     <unitdate normal="1946">1946,</unitdate>
                     <unitdate normal="1957">1957</unitdate>
                  </unittitle>
               </did>
            </c02>
            <c02 id="VAB8155-00038" level="file">
               <did>
                  <container label="Folder" type="folder">4</container>
                  <unittitle>
                     <unitdate normal="1940/1957" type="inclusive">undated</unitdate>
                  </unittitle>
               </did>
            </c02>
         </c01>
         <c01 id="VAB8155-00039" level="series">
            <did>
               <container label="Box" type="box">2</container>
               <unittitle>IV. Photographs</unittitle>
            </did>
            <c02 id="VAB8155-00040" level="file">
               <did>
                  <container label="Folder" type="folder">5</container>
                  <unittitle>Man in uniform--Broom?</unittitle>
               </did>
            </c02>
         </c01>
         <c01 id="VAB8155-00041" level="series">
            <did>
               <container label="Box" type="box">2</container>
               <unittitle>V. Clippings</unittitle>
            </did>
            <c02 id="VAB8155-00042" level="file">
               <did>
                  <container label="Folders" type="folder">6-8</container>
                  <unittitle>Enclosed in parents' letters, <unitdate normal="1942/1945" type="inclusive">1942-1945</unitdate>
                  </unittitle>
               </did>
            </c02>
            <c02 id="VAB8155-00043" level="file">
               <did>
                  <container label="Folder" type="folder">9</container>
                  <unittitle>Enclosed in Gantz letters, <unitdate normal="1944/1945" type="inclusive">1944-1945</unitdate>
                  </unittitle>
               </did>
            </c02>
            <c02 id="VAB8155-00044" level="file">
               <did>
                  <container label="Folder" type="folder">10</container>
                  <unittitle>Enclosed in General correspondence, <unitdate normal="1942/1944" type="inclusive">1942-1944</unitdate>
                  </unittitle>
               </did>
            </c02>
         </c01>
         <c01 id="VAB8155-00045" level="series">
            <did>
               <container label="Box" type="box">2</container>
               <unittitle>VI. Printed</unittitle>
            </did>
            <c02 id="VAB8155-00046" level="file">
               <did>
                  <container label="Folder" type="folder">11</container>
                  <unittitle>Indiana University related</unittitle>
               </did>
            </c02>
            <c02 id="VAB8155-00047" level="file">
               <did>
                  <container label="Folder" type="folder">12</container>
                  <unittitle>miscellaneous</unittitle>
               </did>
            </c02>
         </c01>
      </dsc>
   </archdesc>
</ead>
