<?xml version="1.0" encoding="UTF-8"?><ead xmlns="urn:isbn:1-931666-22-9" xmlns:xlink="http://www.w3.org/1999/xlink" xmlns:xsi="http://www.w3.org/2001/XMLSchema-instance" xsi:schemaLocation="urn:isbn:1-931666-22-9 http://www.loc.gov/ead/ead.xsd">
   <eadheader countryencoding="iso3166-1" audience="internal" dateencoding="iso8601" scriptencoding="iso15924" findaidstatus="originaldraft" langencoding="iso639-2b" repositoryencoding="iso15511">
      <eadid identifier="InU-Li-VAD6105" encodinganalog="identifier" mainagencycode="InU-Li" countrycode="US">InU-Li-VAD6105</eadid>
      <filedesc>
         <titlestmt>
            <titleproper encodinganalog="title">Blouet mss., <date calendar="gregorian" normal="1887/1896" era="ce">1887-1896</date>
            </titleproper>
            <subtitle>Papers of Leon Paul Blouet (Max O'Rell) at the Lilly Library, Indiana
               University, Bloomington, Indiana</subtitle>
            <author encodinganalog="creator">Electronic finding aid encoded by Indiana University
               Libraries.</author>
         </titlestmt>
         <publicationstmt>
            <publisher encodinganalog="publisher">Indiana University Digital Library
               Program</publisher>
            <date calendar="gregorian" normal="2017" encodinganalog="date" era="ce" type="publication">© 2017</date>
         </publicationstmt>
         <notestmt>
            <note encodinganalog="rights">
               <p>
                  <date normal="2017">© 2017</date> Trustees of Indiana University. All rights
                  reserved.</p>
            </note>
         </notestmt>
      </filedesc>
      <profiledesc>
         <creation>XML finding aid automatically generated from spreadsheet output of database.
            Finding aid encoded by Indiana University Libraries, <date calendar="gregorian" normal="2017-03-10" era="ce">March 10, 2017</date>
         </creation>
         <langusage>Description is in <language langcode="eng" scriptcode="Latn" encodinganalog="language">English.</language>
         </langusage>
      </profiledesc>
      <revisiondesc>
         <change audience="internal">
            <date calendar="gregorian" normal="2017-03-10" era="ce">March 10, 2017</date>
            <item>Encoded finding aid created.</item>
         </change>
         <change audience="internal">
            <date calendar="gregorian" normal="2017-12-06" era="ce">December 06, 2017</date>
            <item>Edits and rearrangement of content into requisite Lilly EAD structure, including
               addition of abstract, bioghist, scopecontent, controlaccess, relatedmaterial, and c01
               levels of container list. Haley Suby.</item>
         </change>
         <change audience="internal">
            <date normal="2018-04-27">April 27, 2018</date>
            <item>Batch update to change subject links.</item>
         </change>
      </revisiondesc>
   </eadheader>
   <archdesc audience="external" level="collection" type="inventory" relatedencoding="marc">
      <did>
         <head>Summary Information</head>
         <repository encodinganalog="852" label="Repository" id="lilly">
            <corpname normal="Lilly Library (Indiana University, Bloomington)" source="lcnaf">Lilly
               Library (Indiana University, Bloomington)</corpname>
            <address>
               <addressline>Indiana University</addressline>
               <addressline>1200 E. Seventh St.</addressline>
               <addressline>Bloomington, IN 47405-5500</addressline>
               <addressline>Phone: 812-855-2452</addressline>
               <addressline>Fax: 812-855-3143</addressline>
               <addressline>Email: liblilly@indiana.edu</addressline>
            </address>
            <lb/>
            <extref xlink:href="http://www.indiana.edu/~liblilly">http://www.indiana.edu/~liblilly</extref>
         </repository>
         <origination label="Creator">O'Rell, Max, 1848-1903</origination>
         <unittitle encodinganalog="245$a" label="Title">Blouet mss.</unittitle>
         <unitdate calendar="gregorian" normal="1887/1896" encodinganalog="245$f" era="ce" type="inclusive">1887-1896</unitdate>
         <unitid encodinganalog="099" repositorycode="US-InU-Li" countrycode="US" label="Collection No.">LMC 1102</unitid>
         <physdesc encodinganalog="300$a$f" label="Extent">
            <extent>1 folder (24 items)</extent>
         </physdesc>
         <langmaterial encodinganalog="546" label="Language">Materials are in <language langcode="eng">English.</language>
         </langmaterial>
         <abstract encodinganalog="520" label="Abstract">The Blouet mss., 1887-1896, consist of
            letters and post cards from Paul Blouet, 1848-1903, author, to Andrew White Tuer,
            1838-1900, publisher and author and to the firm of Field and Tuer,
            publishers.</abstract>
      </did>
      <accessrestrict encodinganalog="506$a">
         <head>Access Restrictions</head>
         <p>This collection is open for research.</p>
      </accessrestrict>
      <bioghist encodinganalog="545">
         <head>Biographical Note</head>
         <p>Paul Blouet, 1848-1903, was a French author. Andrew White Tuer, 1838-1900, was a
            publisher a author to the firm of Field and Tuer.</p>
      </bioghist>
      <scopecontent encodinganalog="520">
         <head>Scope and Content Note</head>
         <p>The Blouet mss., 1887-1896, consist of letters and post cards from Paul Blouet,
            1848-1903, author, to Andrew White Tuer, 1838-1900, publisher and author and to the firm
            of Field and Tuer, publishers. Two letters are written on leaflets advertising
            Blouet's lecture tour, and a clipping about his lecture tour of Australia and New
            Zealand is included. Several letters are signed with Blouet's pseudonym, Max
            O'Rell. The letters concern the publication of Blouet's stories. </p>
      </scopecontent>
      <controlaccess>
         <head>Indexing Terms</head>
         <controlaccess>
            <head>Names</head>
            <list>
               <item>
                  <extref xlink:href="https://iucat.iu.edu/?q=&#34;Orell+Max+1848+1903&#34;&amp;search_field=subject_link">
                     <persname encodinganalog="600" role="subject" source="lcnaf">O'Rell, Max,
                        1848-1903</persname>
                  </extref>
               </item>
               <item>
                  <extref xlink:href="https://iucat.iu.edu/?q=&#34;Tuer+Andrew+White+1838+1900&#34;&amp;search_field=subject_link">
                     <persname encodinganalog="600" role="subject" source="lcnaf">Tuer, Andrew
                        White, 1838-1900</persname>
                  </extref>
               </item>
            </list>
         </controlaccess>
      </controlaccess>
      <descgrp>
         <head>Administrative Information</head>
         <acqinfo encodinganalog="541">
            <head>Acquisition Information</head>
            <p>Purchase: 1966</p>
         </acqinfo>
         <userestrict encodinganalog="540">
            <head>Usage Restrictions</head>
            <p>Prior arrangements are not necessary before coming to the Library, however, patrons
               from out of town are encouraged to communicate with the Library in advance of their
               visits to ascertain availability of materials.</p>
            <p>Photocopying permitted only with permission of the curator.</p>
         </userestrict>
         <prefercite encodinganalog="524$a">
            <head>Preferred Citation</head>
            <p>[Item], Blouet mss., Lilly Library, Indiana University, Bloomington, Indiana.</p>
         </prefercite>
      </descgrp>
      <dsc type="combined">
         <c01 level="collection" id="VAD6105-00001">
            <did>
               <unittitle>Blouet mss., 1887-1896</unittitle>
               <physdesc>
                  <extent>1 folder (24 items)</extent>
               </physdesc>
            </did>
         </c01>
      </dsc>
   </archdesc>
</ead>