<?xml version="1.0" encoding="utf-8"?>
<!-- Indiana University EAD template draft: 2003-Jan-2, 
    revised 2004-09-15 JLR; 
    revised fall 2006 and spring/summer 2007 JLR w/ EAD Working Group
    added repository code to /ead/archdesc/did/repository/@id, 4/1/09 JLR
-->
<ead xmlns="urn:isbn:1-931666-22-9"
     xmlns:xlink="http://www.w3.org/1999/xlink"
     xmlns:xsi="http://www.w3.org/2001/XMLSchema-instance"
     xsi:schemaLocation="urn:isbn:1-931666-22-9 http://www.loc.gov/ead/ead.xsd">
   <eadheader audience="external"
              langencoding="iso639-2b"
              repositoryencoding="iso15511"
              countryencoding="iso3166-1"
              dateencoding="iso8601"
              relatedencoding="dublincore"
              scriptencoding="iso15924"
              findaidstatus="edited-full-draft">
      <eadid encodinganalog="identifier"
             countrycode="US"
             mainagencycode="InU-Li"
             identifier="InU-Li-VAC1665">InU-Li-VAC1665</eadid>
      <!-- The value of eadid should follow the pattern of archive or library code, and then a 
unique number for the collection, e.g. InU-Li-VAA1234. Put this full identifier both in the identifier attribute and in the value of the eadid element. -->
      <!-- Generate a unique number for the collection at http://www.dlib.indiana.edu/cgi-bin/testtrackedit/filename.pl -->
      <filedesc><!-- This is a description of the electronic finding aid, not the 
original finding aid or the collection --><!-- Make title "The John Doe Papers, 1919-1965" rather than "The 
Papers of John Doe, 1919-1965" to eliminate 
                potential confusion about the meaning of the dates -->
         <titlestmt>
            <titleproper encodinganalog="title">Buñuel/Zachary Scott mss., <date normal="1956/1967" type="inclusive">1956-1967</date>
            </titleproper>
         </titlestmt>
         <publicationstmt>
            <publisher encodinganalog="publisher">Indiana University Digital Library
                    Program</publisher>
            <date encodinganalog="date" normal="2011" type="publication">© 2011</date>
         </publicationstmt>
         <notestmt><!-- Change date to date of first publication, change rights statement if other entity claims rights over the finding aid (not the collection)-->
            <note encodinganalog="rights">
               <p>
                  <date normal="2011">© 2011</date> Trustees of Indiana University. All rights
                        reserved.</p>
            </note>
         </notestmt>
      </filedesc>
      <profiledesc>
         <creation>XML finding aid derived from HTML version through cutting and
                pasting.<lb/>date of source: <date normal="2011" type="source">2011</date>
            <lb/>Finding aid encoded by Danielle Emerling, Lilly Library, Indiana University,
                    <date normal="2011-08-30">August 30, 2011</date>
         </creation>
         <langusage>Description is in <language encodinganalog="language" langcode="eng">English.</language>
         </langusage>
      </profiledesc>
      <!-- revisiondesc is required -->
      <!-- record when the finding aid is completed in first change element, 
with subsequent changes
listed below the first -->
      <revisiondesc>
         <change audience="internal">
            <date normal="2011-08-30"/>
            <item>Encoded finding aid begun.</item>
         </change>
         <change audience="internal">
            <date normal="2017-11-29">November 29, 2017</date>
            <item>Batch update to change subject links.</item>
         </change>
      </revisiondesc>
   </eadheader>
   <archdesc level="collection"
             audience="external"
             type="inventory"
             relatedencoding="marc21"><!-- The TYPE attribute can be used to categorize the finding aid as an inventory, register, or other format. -->
      <did>
         <head>Summary Information</head>
         <repository id="lilly" encodinganalog="852" label="Repository">
            <corpname source="lcnaf" normal="Lilly Library (Indiana University, Bloomington)">Lilly Library (Indiana University, Bloomington)</corpname>
            <address>
               <addressline>Lilly Library</addressline>
               <addressline>Indiana University</addressline>
               <addressline>1200 E. Seventh St.</addressline>
               <addressline>Bloomington, IN 47405-5500</addressline>
               <addressline>Phone: 812-855-2452</addressline>
               <addressline>Fax: 812-855-3143</addressline>
               <addressline>Email: liblilly@indiana.edu</addressline>
            </address>
         </repository>
         <origination label="Creator"><!-- Or <corpname encodinganalog="110">, <meeting encodinganalog="111">, with source="lcnaf" if appropriate -->
            <persname encodinganalog="100" source="lcnaf">Buñuel, Luis.</persname>
         </origination>
         <!-- per RLG guidelines recommendation, do not nest unitdate element within
unittitle element -->
         <unittitle encodinganalog="245$a" label="Title">Buñuel/Zachary Scott mss.</unittitle>
         <unitdate encodinganalog="245$f" normal="1956/1967" type="inclusive">1956-1967</unitdate>
         <!-- do not include separating punctuation between the unit title and the unit
date.  The stylesheets will supply a comma where appropriate. -->
         <!-- unitdate may be repeated if both bulk and inclusive dates are recorded -->
         <!-- record the type of date - bulk or inclusive - in the type attribute. if date is bulk, change encodinganalog to 245$g -->
         <!-- recommended -->
         <unitid encodinganalog="099" label="Collection No.">LMC 2740</unitid>
         <physdesc encodinganalog="300" label="Extent">
            <extent>40 items</extent>
         </physdesc>
         <!-- if both linear feet and number of items included, repeat extent-->
         <!-- if collection includes signinficant non-english material add code to
langmaterial element -->
         <langmaterial encodinganalog="546" label="Language">Materials are in <language langcode="eng">English</language>
         </langmaterial>
         <abstract encodinganalog="520" label="Abstract">Consists of papers relating to a
                proposed film adaptation of Malcolm Lowry's semi-autobiographical novel <emph render="italic">Under the Volcano</emph> (1947), to have been directed by Luis
                Buñuel and to have starred Zachary Scott.</abstract>
      </did>
      <!-- required even if unrestricted -->
      <accessrestrict encodinganalog="506">
         <head>Access Restrictions</head>
         <p>This collection is open for research.</p>
      </accessrestrict>
      <!-- required; can be short -->
      <bioghist encodinganalog="545">
         <head>Biographical Note</head>
         <p>Regarded as the "father of cinematic Surrealism," Luis Buñuel (1900-1983) was born in
                Calanda, Spain and attended college at the University of Madrid. At Madrid, he
                befriended the painter Salvador Dalí and the poet Federico García Lorca. In 1929,
                Buñuel and Dalí co-wrote the groundbreaking Surrealist short film <emph render="italic">Un Chien Andalou</emph>, which also marked Buñuel's directorial
                debut. Buñuel went on to direct several internationally acclaimed motion pictures,
                including <emph render="italic">L'Age d'Or</emph> (1930), <emph render="italic">The
                    Young and the Damned</emph> (1950), <emph render="italic">The Exterminating
                    Angel</emph> (1962), <emph render="italic">Diary of a Chambermaid</emph> (1964),
                    <emph render="italic">Belle de Jour</emph> (1967), and <emph render="italic">The
                    Discreet Charm of the Bourgeoisie</emph> (1972).</p>
         <p>Zachary Scott (1914-1965) was an American actor who became typecast as villains or
                enigmatic characters over the course of his career. <emph render="italic">The
                    Southerner</emph> (1945), <emph render="italic">Mildred Pierce</emph> (1945),
                    <emph render="italic">The Unfaithful</emph> (1947), <emph render="italic">Ruthless</emph> (1948), <emph render="italic">Flamingo Road</emph> (1949),
                    <emph render="italic">Shadow on the Wall</emph> (1950), <emph render="italic">Appointment in Honduras</emph> (1955), and <emph render="italic">Natchez
                    Trace</emph> (1960) are among his film credits. Scott also starred in one of
                Luis Buñuel's first English-language films, <emph render="italic">The Young
                    One</emph> (1960), and was preparing for the most significant role of his
                career: Geoffrey Firmin, the protagonist of <emph render="italic">Under the
                    Volcano,</emph> an alcoholic British consul living his final days in 1939
                Mexico. (A letter from Buñuel in the collection reads: "Please tell Zachary that
                    <emph render="italic">the Volcano</emph> has to be made with him as the Consul
                or it will not be made...by me.") In 1965, before production began, Scott died
                suddenly of a brain tumor at the age of 51. Lowry's novel would undergo several
                attempts by various filmmakers to reach the screen until John Huston's adaptation in
                1984. Huston's film, also titled <emph render="italic">Under the Volcano</emph>,
                starred Albert Finney in the role intended for Zachary Scott.</p>
      </bioghist>
      <!-- required for collection level; optional for lower levels -->
      <scopecontent encodinganalog="520">
         <head>Scope and Content Note</head>
         <p>The collection consists of papers relating to a proposed film adaptation of Malcolm
                Lowry's semi-autobiographical novel <emph render="italic">Under the Volcano</emph>,
                to have been directed by Luis Buñuel and to have starred Zachary Scott. Included in
                the collection are correspondence, script treatments, newspaper clippings, and a
                contract. The correspondents include Luis Buñuel; his son, Juan Luis Buñuel; Zachary
                Scott; and Scott's wife, actress Ruth Ford.</p>
      </scopecontent>
      <!-- recommended; this information would be included for marc amc record -->
      <!-- should include all personal and corporate names, and subject headings -->
      <controlaccess>
         <head>Indexing Terms</head>
         <controlaccess>
            <head>Names</head>
            <list>
               <item>
                  <extref xlink:href="https://iucat.iu.edu/?q=&#34;bunuel+luis+1900+1983+correspondence&#34;&amp;search_field=subject_link">
                     <persname encodinganalog="600" source="lcnaf" role="subject">Bunuel,
                                Luis, 1900-1983 --Correspondence.</persname>
                  </extref>
               </item>
               <item>
                  <extref xlink:href="https://iucat.iu.edu/?q=&#34;scott+zachary+1914+1965+correspondence&#34;&amp;search_field=subject_link">
                     <persname encodinganalog="600" source="lcnaf" role="subject">Scott,
                                Zachary, 1914-1965 --Correspondence.</persname>
                  </extref>
               </item>
               <item>
                  <extref xlink:href="https://iucat.iu.edu/?q=&#34;bunuel+jean+louis+correspondence&#34;&amp;search_field=subject_link">
                     <persname encodinganalog="600" source="lcnaf" role="subject">Bunuel,
                                Jean-Louis --Correspondence.</persname>
                  </extref>
               </item>
               <item>
                  <extref xlink:href="https://iucat.iu.edu/?q=&#34;ford+ruth+1911+2009+correspondence&#34;&amp;search_field=subject_link">
                     <persname encodinganalog="600" source="lcnaf" role="subject">Ford, Ruth,
                                1911-2009 --Correspondence.</persname>
                  </extref>
               </item>
               <item>
                  <extref xlink:href="https://iucat.iu.edu/?q=&#34;scott+zachary&#34;&amp;search_field=subject_link">
                     <persname encodinganalog="700" source="lcnaf" role="subject">Scott,
                                Zachary, 1914-1965.</persname>
                  </extref>
               </item>
               <item>
                  <extref xlink:href="https://iucat.iu.edu/?q=&#34;lowry+malcolm+1909+1957+under+volcano&#34;&amp;search_field=subject_link">
                     <persname encodinganalog="700" source="lcnaf" role="subject">Lowry,
                                Malcolm, 1909-1957 --Under the Volcano.</persname>
                  </extref>
               </item>
            </list>
         </controlaccess>
         <controlaccess>
            <head>Topics</head>
            <list>
               <item>
                  <extref xlink:href="https://iucat.iu.edu/?q=&#34;motion+picture+producers+directors+correspondence&#34;&amp;search_field=subject_link">
                     <subject encodinganalog="650" source="lcsh">Motion picture producers and
                                directors --Correspondence.</subject>
                  </extref>
               </item>
               <item>
                  <extref xlink:href="https://iucat.iu.edu/?q=&#34;motion+picture+actors+actresses+united+states+correspondence&#34;&amp;search_field=subject_link">
                     <subject encodinganalog="650" source="lcsh">Motion picture actors and
                                actresses --United States --Correspondence.</subject>
                  </extref>
               </item>
            </list>
         </controlaccess>
         <!-- <persname encodinganalog="100" source="lcnaf">[remove source attribute if name does not come from an authority file] </persname> -->
         <!-- <corpname encodinganalog="110" source="lcnaf">[remove source attribute if name does not come from an authority file]</corpname> -->
         <!--  <famname encodinganalog="100" source="lcnaf">[remove source attribute if name does not come from an authority file]</famname> -->
         <!--  <subject encodinganalog="650" source="lcsh"> </subject> -->
         <!--  <occupation encodinganalog="656" source="lcsh"> </occupation> -->
         <!--  <geogname encodinganalog="651" source="aacr2"> </geogname> -->
         <!-- <genreform encodinganalog="655" source="lcsh"> </genreform> -->
         <!-- <function encodinganalog="657" source="lcsh"/> -->
         <!-- <title encodinganalog="630"> </title> -->
      </controlaccess>
      <descgrp>
         <head>Administrative Information</head>
         <!-- required -->
         <acqinfo encodinganalog="541">
            <head>Acquisition Information</head>
            <p>Acquired: 2011</p>
         </acqinfo>
         <!-- required even if unrestricted -->
         <userestrict encodinganalog="540">
            <head>Usage Restrictions</head>
            <p>Prior arrangements are not necessary before coming to the Library, however,
                    patrons from out of town are encouraged to communicate with the Library in
                    advance of their visits to ascertain availability of materials.</p>
            <p>Photocopying permitted only with permission of the Curator of Manuscripts, Lilly
                    Library.</p>
         </userestrict>
         <!-- required -->
         <prefercite encodinganalog="524">
            <head>Preferred Citation</head>
            <p>[Item], Buñuel/Zachary Scott mss., Lilly Library, Indiana University,
                    Bloomington, Indiana.</p>
         </prefercite>
         <processinfo encodinganalog="583">
            <head>Processing Information</head>
            <p>Processed by Craig Simpson.</p>
            <p>Completed in <date normal="2011">2011</date>.</p>
         </processinfo>
      </descgrp>
      <dsc type="combined"><!-- unittitle is the only required element within component --><!-- possible values for @level include: class, collection, file, fonds, item,
                otherlevel, recordgrp, series, subfonds, subgrp, subseries -->
         <c01 id="VAC1665-00001" level="series">
            <did>
               <container label="Box" type="Box">1</container>
               <unittitle>Collection</unittitle>
            </did>
            <c02 id="VAC1665-00008" level="file">
               <did><!-- optional -->
                  <unittitle>Correspondence, <unitdate normal="1964/1969" type="inclusive">1964-1969</unitdate>
                  </unittitle>
               </did>
            </c02>
            <c02 id="VAC1665-00002" level="file">
               <did>
                  <unittitle>Script treatment, <title render="italic">Under the Volcano</title>,
                                <unitdate normal="1956/1967" type="inclusive">undated</unitdate>
                  </unittitle>
                  <physdesc>(2 folders)</physdesc>
               </did>
            </c02>
            <c02 id="VAC1665-00003" level="file">
               <did>
                  <unittitle>Script treatments, <title render="italic">Under the
                            Volcano</title>, by Harvey Breit, <unitdate normal="1956/1967" type="inclusive">undated</unitdate>
                  </unittitle>
               </did>
            </c02>
            <c02 id="VAC1665-00004" level="file">
               <did>
                  <unittitle>Newspaper clippings, <unitdate normal="1959/1962" type="inclusive">1959-1962</unitdate>
                  </unittitle>
               </did>
            </c02>
            <c02 id="VAC1665-00005" level="file">
               <did>
                  <unittitle>Contract, <unitdate normal="1956">1956</unitdate>
                  </unittitle>
               </did>
            </c02>
            <c02 id="VAC1665-00006" level="file">
               <did>
                  <unittitle>Biographical information and photograph of Zachary Scott,
                                <unitdate normal="1956/1967" type="inclusive">undated</unitdate>
                  </unittitle>
               </did>
            </c02>
            <c02 id="VAC1665-00007" level="file">
               <did>
                  <unittitle>Programs and other materials, <unitdate normal="1956/1967" type="inclusive">undated</unitdate>
                  </unittitle>
               </did>
            </c02>
         </c01>
      </dsc>
   </archdesc>
</ead>
