<?xml version="1.0" encoding="utf-8"?>
<!-- Indiana University EAD template draft: 2003-Jan-2, 
    revised 2004-09-15 JLR; 
    revised fall 2006 and spring/summer 2007 JLR w/ EAD Working Group
    added repository code to /ead/archdesc/did/repository/@id, 4/1/09 JLR
-->
<ead xmlns="urn:isbn:1-931666-22-9"
     xmlns:xlink="http://www.w3.org/1999/xlink"
     xmlns:xsi="http://www.w3.org/2001/XMLSchema-instance"
     xsi:schemaLocation="urn:isbn:1-931666-22-9 http://www.loc.gov/ead/ead.xsd">
   <eadheader repositoryencoding="iso15511"
              langencoding="iso639-2b"
              audience="external"
              countryencoding="iso3166-1"
              dateencoding="iso8601"
              scriptencoding="iso15924"
              relatedencoding="dublincore"
              findaidstatus="edited-full-draft">
      <eadid countrycode="US"
             encodinganalog="identifier"
             mainagencycode="InU-Li"
             identifier="InU-Li-VAD3261">InU-Li-VAD3261</eadid>
      <!-- The value of eadid should follow the pattern of archive or library code, and then a 
unique number for the collection, e.g. InU-Li-VAA1234. Put this full identifier both in the identifier attribute and in the value of the eadid element. -->
      <!-- Generate a unique number for the collection at http://www.dlib.indiana.edu/cgi-bin/testtrackedit/filename.pl -->
      <filedesc><!-- This is a description of the electronic finding aid, not the 
original finding aid or the collection --><!-- Make title "The John Doe Papers, 1919-1965" rather than "The 
Papers of John Doe, 1919-1965" to eliminate 
                potential confusion about the meaning of the dates -->
         <titlestmt>
            <titleproper encodinganalog="title">Dreiser mss. IV,<date normal="1894/1951" type="inclusive">1894-1951</date>
            </titleproper>
         </titlestmt>
         <publicationstmt>
            <publisher encodinganalog="publisher">Indiana University Libraries</publisher>
            <date encodinganalog="date" normal="2014" type="publication">© 2014</date>
         </publicationstmt>
         <notestmt><!-- Change date to date of first publication, change rights statement if other entity claims rights over the finding aid (not the collection)-->
            <note encodinganalog="rights">
               <p>
                  <date normal="2014">© 2014</date> Trustees of Indiana University. All rights
                        reserved.</p>
            </note>
         </notestmt>
      </filedesc>
      <profiledesc>
         <creation>XML finding aid derived from HTML version through cutting and pasting and
                through folder analysis. <date normal="2014" type="source">2014</date>
            <lb/>Finding aid encoded by Abi Parker, Lilly Library, Indiana University, <date normal="2014-10-09">October 9, 2014</date>
         </creation>
         <langusage>Description is in <language encodinganalog="language" langcode="eng">English.</language>
         </langusage>
      </profiledesc>
      <!-- revisiondesc is required -->
      <!-- record when the finding aid is completed in first change element, 
with subsequent changes
listed below the first -->
      <revisiondesc>
         <change audience="internal">
            <date normal="2014-10-09">October 9, 2014</date>
            <item>Encoded finding aid started.</item>
         </change>
         <change audience="internal">
            <date normal="2017-11-29">November 29, 2017</date>
            <item>Batch update to change subject links.</item>
         </change>
      </revisiondesc>
   </eadheader>
   <archdesc audience="external"
             level="collection"
             type="inventory"
             relatedencoding="marc21"><!-- The TYPE attribute can be used to categorize the finding aid as an inventory, register, or other format. -->
      <did>
         <head>Summary Information</head>
         <repository id="lilly" encodinganalog="852" label="Repository">
            <corpname source="lcnaf" normal="Lilly Library (Indiana University, Bloomington)">Lilly Library (Indiana University, Bloomington)</corpname>
            <address>
               <addressline>Lilly Library</addressline>
               <addressline>Indiana University</addressline>
               <addressline>1200 E. Seventh St.</addressline>
               <addressline>Bloomington, IN 47405-5500</addressline>
               <addressline>Phone: 812-855-2452</addressline>
               <addressline>Fax: 812-855-3143</addressline>
               <addressline>Email: liblilly@indiana.edu</addressline>
            </address>
         </repository>
         <origination label="Creator"><!-- Or <corpname encodinganalog="110">, <meeting encodinganalog="111">, with source="lcnaf" if appropriate -->
            <persname encodinganalog="100" source="lcnaf">Dreiser, Theodore, 1871-1945.
                </persname>
         </origination>
         <!-- per RLG guidelines recommendation, do not nest unitdate element within
unittitle element -->
         <unittitle encodinganalog="245$a" label="Title">Dreiser mss. IV,</unittitle>
         <unitdate encodinganalog="245$f" normal="1894/1951" type="inclusive">1894-1951</unitdate>
         <!-- do not include separating punctuation between the unit title and the unit
date.  The stylesheets will supply a comma where appropriate. -->
         <!-- unitdate may be repeated if both bulk and inclusive dates are recorded -->
         <!-- record the type of date - bulk or inclusive - in the type attribute. if date is bulk, change encodinganalog to 245$g -->
         <!-- recommended -->
         <unitid encodinganalog="099" label="Collection No.">LMC 1289</unitid>
         <physdesc encodinganalog="300" label="Extent">
            <extent>60 items</extent>
         </physdesc>
         <!-- if both linear feet and number of items included, repeat extent-->
         <!-- if collection includes signinficant non-english material add code to
langmaterial element -->
         <langmaterial encodinganalog="546" label="Language">Materials are in <language langcode="eng">English.</language>
         </langmaterial>
         <abstract encodinganalog="520" label="Abstract">
                The Dreiser mss. III, 1928-1945, consist of materials pertaining to author Theodore Dreiser, 1871-1945.
            </abstract>
      </did>
      <!-- required even if unrestricted -->
      <accessrestrict encodinganalog="506">
         <head>Access Restrictions</head>
         <p>This collection is open for research.</p>
      </accessrestrict>
      <!-- required; can be short -->
      <bioghist encodinganalog="545">
         <head>Biographical Note</head>
         <p>Dreiser was born the twelfth of thirteen children in Terre Haute, IN and attended
                Indiana University in Bloomington briefly before dropping out in 1890. He married
                Sara White in 1898, and they separated in 1909 although never formally divorced.
                Dreiser became a renowned author of literary naturalism (other American writers in
                the movement included Jack London, Edith Wharton, Frank Norris, and Stephen Crane).
                His best known novels are <emph render="italic">Sister Carrie</emph> (although a
                commercial failure at the time in 1900), <emph render="italic">Jeannie
                    Gerhardt</emph> (1911), and <emph render="italic">An American Tragedy</emph>
                (1925). Politically, Dreiser was involved in socialist causes and wrote a
                non-fiction book, <emph render="italic">Dreiser Looks at Russia</emph> (1928), based
                on his experiences visiting the Soviet Union. He did not officially join the
                American Communist Party until shortly before his death in 1945.</p>
      </bioghist>
      <!-- required for collection level; optional for lower levels -->
      <scopecontent encodinganalog="520">
         <head>Scope and Content Note</head>
         <p>Correspondents include: Mme. Chiang Mei-ling; Henry Louis Mencken; Dudley Nichols.</p>
         <p> The manuscripts of articles and stories by Theodore Dreiser are: "An Address All to
                Electrons, Protrons, Neutrons, Deutrons, Quantums"; "Art"; "As the Hart Panteth
                After the Roe"; "Backward Asiatics"; "Challenge to the Creative Man"; "Come All Ye
                Who Are Weary and Heavy Laden"; "Cyrelle's Mother had the quiet unassuming manner of
                a gentle soul."; [Economy of America]; "England"; "The Fairy"; "Intellectual
                Unemployment"; "Let the Dead Bury the Dead"; "Life's Little Ironies"; "The Lost
                Father"; "The Man Who Changed the World, or Men Who Saved the World"; "The Man Who
                Wanted to be a Poet"; "My Idea of a Balanced Issue Would Be"; Notes; Notes for a
                Story; Popular Periodicals; Possible Story Plot; "The Problem of the Artist in the
                Present Day"; Short Stories; "The Stoic" (including drafts of chapters 38, 67, 76,
                81, 83, 87, 88, 89, and 90, the publisher's introduction, a synopsis of the novel, a
                list of persons, places, business firms, etc., and summaries of five characters);
                "Transubstantiation"; "Why Capitalists Praise Democracy"; [World War II].</p>
         <p> Also included are four galleys with holographic corrections of Theodore Dreiser's Today
                (February 7, 1934).</p>
      </scopecontent>
      <!-- recommended; this information would be included for marc amc record -->
      <!-- should include all personal and corporate names, and subject headings -->
      <controlaccess>
         <head>Indexing Terms</head>
         <controlaccess>
            <head>Names</head>
            <list>
               <item>
                  <extref xlink:href="http://www.iucat.iu.edu/catalog?q=+%2BDreiser+%2BTheodore+%2B1871+%2B1945&amp;search_field=subject">
                     <persname encodinganalog="600" source="lcnaf">Dreiser, Theodore, 1871-1945.</persname>
                  </extref>
               </item>
               <item>
                  <extref xlink:href="http://www.iucat.iu.edu/catalog?q=+%2BDreiser+%2BTheodore+%2B1871+%2B1945+%2BToday&amp;search_field=subject">
                     <persname encodinganalog="600" source="lcnaf">Dreiser, Theodore, 1871-1945. Today.</persname>
                  </extref>
               </item>
            </list>
         </controlaccess>
         <controlaccess>
            <head>Topics</head>
            <list>
               <item>
                  <extref xlink:href="http://www.iucat.iu.edu/catalog?q=+%2BAuthors+%2BAmerican+%2B20th+%2Bcentury&amp;search_field=subject">
                     <subject encodinganalog="650" source="lcnaf">Authors, American --20th century.</subject>
                  </extref>
               </item>
            </list>
         </controlaccess>
         <!-- <persname encodinganalog="600" source="lcnaf">[remove source attribute if name does not come from an authority file] </persname> -->
         <!-- <corpname encodinganalog="610" source="lcnaf">[remove source attribute if name does not come from an authority file]</corpname> -->
         <!--  <famname encodinganalog="600" source="lcnaf">[remove source attribute if name does not come from an authority file]</famname> -->
         <!--  <subject encodinganalog="650" source="lcsh"> </subject> -->
         <!--  <occupation encodinganalog="656" source="lcsh"> </occupation> -->
         <!--  <geogname encodinganalog="651" source="aacr2"> </geogname> -->
         <!-- <genreform encodinganalog="655" source="lcsh"> </genreform> -->
         <!-- <function encodinganalog="657" source="lcsh"/> -->
         <!-- <title encodinganalog="630"> </title> -->
      </controlaccess>
      <!-- optional, if applicable -->
      <relatedmaterial encodinganalog="544 1">
         <head>Related Material</head>
         <p>Related materials exist in the following collections also located at the Lilly Library, Indiana
                University, Bloomington, Indiana:  Dreiser mss. I, Dreiser mss. II, Dreiser mss. III, and Dreiser mss. V.</p>
      </relatedmaterial>
      <descgrp>
         <head>Administrative Information</head>
         <!-- required -->
         <acqinfo encodinganalog="541">
            <head>Acquisition Information</head>
            <p>Purchase. Robert Wian III, Glendale, California. 1966</p>
         </acqinfo>
         <!-- required even if unrestricted -->
         <userestrict encodinganalog="540">
            <head>Usage Restrictions</head>
            <p>Prior arrangements are not necessary before coming to the Library, however,
                    patrons from out of town are encouraged to communicate with the Library in
                    advance of their visits to ascertain availability of materials.</p>
            <p>Photocopying permitted only with permission of the Curator of Manuscripts, Lilly
                    Library.</p>
         </userestrict>
         <!-- required -->
         <prefercite encodinganalog="524">
            <head>Preferred Citation</head>
            <p>[Item], Dreiser mss. IV, Lilly Library, Indiana University, Bloomington,
                    Indiana.</p>
         </prefercite>
         <!--required -->
         <processinfo encodinganalog="583">
            <head>Processing Information</head>
            <p>Processed by staff.</p>
         </processinfo>
      </descgrp>
      <dsc type="combined"><!-- unittitle is the only required element within component --><!-- possible values for @level include: class, collection, file, fonds, item,
                otherlevel, recordgrp, series, subfonds, subgrp, subseries -->
         <c01 id="VAD3261-00001" level="file">
            <did>
               <container label="Box" type="Box">1</container>
               <unittitle>Correspondence, <unitdate normal="1939/1951" type="inclusive">1939-1951</unitdate>
               </unittitle>
            </did>
         </c01>
         <c01 id="VAD3261-00002" level="file">
            <did>
               <unittitle>"Backward Asiatics" <unitdate normal="1871/1951" type="inclusive">undated.</unitdate>
               </unittitle>
            </did>
         </c01>
         <c01 id="VAD3261-00003" level="file">
            <did>
               <unittitle>"As the Heart Panteth After the Roe,"<unitdate normal="1871/1951" type="inclusive">undated.</unitdate>
               </unittitle>
            </did>
         </c01>
         <c01 id="VAD3261-00004" level="file">
            <did>
               <unittitle>"Come All Ye Who Are Weary and Heavy Laden,"<unitdate normal="1871/1951" type="inclusive">undated.</unitdate>
               </unittitle>
            </did>
         </c01>
         <c01 id="VAD3261-00005" level="file">
            <did>
               <unittitle>Untitled Story. [First line: "Cyrelle's Mother had the quiet unassuming manner of a gentle soul..."], <unitdate normal="1871/1951" type="inclusive">undated.</unitdate>
               </unittitle>
            </did>
         </c01>
         <c01 id="VAD3261-00006" level="file">
            <did>
               <unittitle>"Challenge to the Creative Man", <unitdate normal="1871/1951" type="inclusive">undated.</unitdate>
               </unittitle>
            </did>
         </c01>
         <c01 id="VAD3261-00007" level="file">
            <did>
               <unittitle>["Economy of America"], <unitdate normal="1871/1951" type="inclusive">undated.</unitdate>
               </unittitle>
            </did>
         </c01>
         <c01 id="VAD3261-00008" level="file">
            <did>
               <unittitle>"England", <unitdate normal="1871/1951" type="inclusive">undated.</unitdate>
               </unittitle>
            </did>
         </c01>
         <c01 id="VAD3261-00009" level="file">
            <did>
               <unittitle>"Intellectual Unemployment", <unitdate normal="1871/1951" type="inclusive">undated.</unitdate>
               </unittitle>
            </did>
         </c01>
         <c01 id="VAD3261-00010" level="file">
            <did>
               <unittitle>"The Fairy", <unitdate normal="1871/1951" type="inclusive">undated.</unitdate>
               </unittitle>
            </did>
         </c01>
         <c01 id="VAD3261-00011" level="file">
            <did>
               <unittitle>"Let the Dead Bury the Dead", <unitdate normal="1871/1951" type="inclusive">undated.</unitdate>
               </unittitle>
            </did>
         </c01>
         <c01 id="VAD3261-00012" level="file">
            <did>
               <unittitle>"The Lost Father", <unitdate normal="1871/1951" type="inclusive">undated.</unitdate>
               </unittitle>
            </did>
         </c01>
         <c01 id="VAD3261-00013" level="file">
            <did>
               <unittitle>"Life's Little Ironies", <unitdate normal="1871/1951" type="inclusive">undated.</unitdate>
               </unittitle>
            </did>
         </c01>
         <c01 id="VAD3261-00014" level="file">
            <did>
               <unittitle>"The Man Who Changed the World, or The Men Who Saved the World", <unitdate normal="1871/1951" type="inclusive">undated.</unitdate>
               </unittitle>
            </did>
         </c01>
         <c01 id="VAD3261-00015" level="file">
            <did>
               <unittitle>"The Man Who Wanted to be a Poet", <unitdate normal="1871/1951" type="inclusive">undated.</unitdate>
               </unittitle>
            </did>
         </c01>
         <c01 id="VAD3261-00016" level="file">
            <did>
               <unittitle>"My Idea of a Balanced Issue Would Be", <unitdate normal="1871/1951" type="inclusive">undated.</unitdate>
               </unittitle>
            </did>
         </c01>
         <c01 id="VAD3261-00017" level="file">
            <did>
               <unittitle>Notes, <unitdate normal="1871/1951" type="inclusive">undated.</unitdate>
               </unittitle>
            </did>
         </c01>
         <c01 id="VAD3261-00018" level="file">
            <did>
               <unittitle>Notes for a story, <unitdate normal="1871/1951" type="inclusive">undated.</unitdate>
               </unittitle>
            </did>
         </c01>
         <c01 id="VAD3261-00019" level="file">
            <did>
               <unittitle>"Popular Periodicals", <unitdate normal="1871/1951" type="inclusive">undated.</unitdate>
               </unittitle>
            </did>
         </c01>
         <c01 id="VAD3261-00020" level="file">
            <did>
               <unittitle>Possible story plot, <unitdate normal="1871/1951" type="inclusive">undated.</unitdate>
               </unittitle>
            </did>
         </c01>
         <c01 id="VAD3261-00021" level="file">
            <did>
               <unittitle>Outline. "The Problem of the Artist in the Present Day", <unitdate normal="1871/1951" type="inclusive">undated.</unitdate>
               </unittitle>
            </did>
         </c01>
         <c01 id="VAD3261-00022" level="file">
            <did>
               <unittitle>Short stories, <unitdate normal="1871/1951" type="inclusive">undated.</unitdate>
               </unittitle>
            </did>
         </c01>
         <c01 id="VAD3261-00023" level="file">
            <did>
               <unittitle>"The Stoic", <unitdate normal="1871/1951" type="inclusive">undated.</unitdate>
               </unittitle>
            </did>
         </c01>
         <c01 id="VAD3261-00024" level="file">
            <did>
               <unittitle>"Transubstantiation", <unitdate normal="1871/1951" type="inclusive">undated.</unitdate>
               </unittitle>
            </did>
         </c01>
         <c01 id="VAD3261-00025" level="file">
            <did>
               <unittitle>[World War II], <unitdate normal="1871/1951" type="inclusive">undated.</unitdate>
               </unittitle>
            </did>
         </c01>
         <c01 id="VAD3261-00026" level="file">
            <did>
               <unittitle>Miscellaneous, <unitdate normal="1871/1951" type="inclusive">undated.</unitdate>
               </unittitle>
            </did>
         </c01>
         <c01 id="VAD3261-00027" level="file">
            <did>
               <unittitle>Printed matter by and about Dreiser, <unitdate normal="1871/1951" type="inclusive">undated.</unitdate>
               </unittitle>
            </did>
         </c01>
         <c01 id="VAD3261-00028" level="file">
            <did>
               <unittitle>Printed matter on various subjects, <unitdate normal="1871/1951" type="inclusive">undated.</unitdate>
               </unittitle>
            </did>
         </c01>
         <c01 id="VAD3261-00029" level="file">
            <did>
               <unittitle>"Why Capitalists Praise Democracy", <unitdate normal="1871/1951" type="inclusive">undated.</unitdate>
               </unittitle>
            </did>
         </c01>
         <c01 id="VAD3261-00030" level="file">
            <did>
               <unittitle>"Art", <unitdate normal="1871/1951" type="inclusive">undated.</unitdate>
               </unittitle>
            </did>
         </c01>
         <c01 id="VAD3261-00031" level="file">
            <did>
               <unittitle>"An Address to Electrons, Protons, Neutrons, Deutrons, Quantums", <unitdate normal="1871/1951" type="inclusive">undated.</unitdate>
               </unittitle>
            </did>
         </c01>
         <c01 id="VAD3261-00032" level="file">
            <did>
               <container label="Box" type="Box">2</container>
               <unittitle>
                  <emph render="italic">Today.</emph> Four galleys with holograph corrections, <unitdate normal="1934-02-07">February 7, 1934</unitdate>
               </unittitle>
            </did>
         </c01>
      </dsc>
   </archdesc>
</ead>
