<?xml version="1.0" encoding="UTF-8"?><ead xmlns="urn:isbn:1-931666-22-9" xmlns:xlink="http://www.w3.org/1999/xlink" xmlns:xsi="http://www.w3.org/2001/XMLSchema-instance" xsi:schemaLocation="urn:isbn:1-931666-22-9 http://www.loc.gov/ead/ead.xsd">
   <eadheader countryencoding="iso3166-1" audience="internal" dateencoding="iso8601" scriptencoding="iso15924" findaidstatus="originaldraft" langencoding="iso639-2b" repositoryencoding="iso15511">
      <eadid identifier="InU-Li-VAD6020" encodinganalog="identifier" mainagencycode="InU-Li" countrycode="US">InU-Li-VAD6020</eadid>
      <filedesc>
         <titlestmt>
            <titleproper encodinganalog="title">Alyea mss., <date calendar="gregorian" normal="1926/1973" era="ce">1926-1973</date>
            </titleproper>
            <subtitle>Papers of Dorothy Collins Alyea at the Lilly Library, Indiana
                                University, Bloomington, Indiana</subtitle>
            <author encodinganalog="creator">Electronic finding aid encoded by
                                Indiana University Libraries.</author>
         </titlestmt>
         <publicationstmt>
            <publisher encodinganalog="publisher">Indiana University Libraries</publisher>
            <date calendar="gregorian" normal="2018" encodinganalog="date" era="ce" type="publication">© 2018</date>
         </publicationstmt>
         <notestmt>
            <note encodinganalog="rights">
               <p>
                  <date normal="2018">© 2018</date> Trustees of Indiana University. All rights reserved.</p>
            </note>
         </notestmt>
      </filedesc>
      <profiledesc>
         <creation>XML finding aid automatically generated from spreadsheet output of
                            database. Finding aid encoded by Indiana University Libraries, <date calendar="gregorian" normal="2017-03-10" era="ce">March 10,
                                2017</date>
         </creation>
         <langusage>Description is in <language langcode="eng" scriptcode="Latn" encodinganalog="language">English.</language>
         </langusage>
      </profiledesc>
      <revisiondesc>
         <change audience="internal">
            <date calendar="gregorian" normal="2017-03-10" era="ce">March 10, 2017</date>
            <item>Encoded finding aid created.</item>
         </change>
         <change audience="internal">
            <date calendar="gregorian" normal="2018-05-21" era="ce">May 21, 2018</date>
            <item>Edits and rearrangement of content into requisite Lilly EAD structure, including
               addition of abstract, bioghist, scopecontent, controlaccess, relatedmaterial, and c01
               levels of container list. Madison Chartier.</item>
         </change>
      </revisiondesc>
   </eadheader>
   <archdesc audience="external" level="collection" type="inventory" relatedencoding="marc">
      <did>
         <head>Summary Information</head>
         <repository encodinganalog="852" label="Repository" id="lilly">
            <corpname normal="Lilly Library (Indiana University, Bloomington)" source="lcnaf">Lilly
                                Library (Indiana University, Bloomington)</corpname>
            <address>
               <addressline>Indiana University</addressline>
               <addressline>1200 E. Seventh St.</addressline>
               <addressline>Bloomington, IN 47405-5500</addressline>
               <addressline>Phone: 812-855-2452</addressline>
               <addressline>Fax: 812-855-3143</addressline>
               <addressline>Email: liblilly@indiana.edu</addressline>
            </address>
            <lb></lb>
            <extref xlink:href="http://www.indiana.edu/~liblilly">http://www.indiana.edu/~liblilly</extref>
         </repository>
         <origination label="Creator">Alyea, Dorothy C. (Dorothy Collins), 1898-1974</origination>
         <unittitle encodinganalog="245$a" label="Title">Alyea mss.</unittitle>
         <unitdate calendar="gregorian" normal="1926/1973" encodinganalog="245$f" era="ce" type="inclusive">1926-1973</unitdate>
         <unitid encodinganalog="099" repositorycode="US-InU-Li" countrycode="US" label="Collection No.">LMC 2585</unitid>
         <physdesc encodinganalog="300$a$f" label="Extent">
            <extent>1500 items</extent>
            <extent>(3 boxes)</extent>
         </physdesc>
         <langmaterial encodinganalog="546" label="Language">Materials are in
                                    <language langcode="eng">English.</language>
         </langmaterial>
         <abstract encodinganalog="520" label="Abstract">The Alyea mss., ca. 1926-1973, consist of the poetry and other
            writings of Dorothy Collins Alyea, 1898-1974.</abstract>
      </did>
      
      <accessrestrict encodinganalog="506$a">
         <head>Access Restrictions</head>
         <!--<p>This collection is open for research.</p>-->
         <p>Access to this collection requires advance notice. Please contact the Manuscripts Archivist for additional information.</p>
      </accessrestrict>
      
      <bioghist encodinganalog="545">
         <head>Biographical Note</head>
         <p>Dorothy Collins Alyea lived in Montclair, New
            Jersey, and was a fellow of the MacDowell Colony in Peterborough, New Hampshire. She won
            the first prize at the Rochester Poetry Festival in 1967, and she won the
            membership contest of the Poetry Society of America in 1973. She died in New York in July
            1974.</p>
      </bioghist>
      <scopecontent encodinganalog="520"><p></p></scopecontent>
      <!--scopecontent encodinganalog="520">
         <head>Scope and Content Note</head>
         <p>The Alyea mss., ca. 1926-1973, consist of the poetry and other
            writings of Dorothy Collins Alyea, 1898-1974. Alyea&apos;s poems appeared in a wide variety of newspapers and magazines, including
            <title render="italic">The Chicago Tribune Magazine</title>, <title render="italic">Christian Century</title>, <title render="italic">Forum</title>, <title render="italic">Ohio University
               Review</title>, <title render="italic">Oregonian Verse</title>, <title render="italic">Poetry, a magazine of verse</title>, <title render="italic">The Rochester Democrat
                  and Chronicle</title>, and <title render="italic">The Saturday Review of Literature</title>. She also
            published two books of poetry: <title render="italic">All My Argument</title> in 1935 and <title render="italic">Beach
               Fire</title> in 1951.</p>
         <p>Present in the collection are autograph drafts of poems; typed and carbon copy
            drafts as well as final versions; handwritten drafts on notepads; and various clippings of published poems. Also included are a travel diary, some scrapbook materials, a published copy of the 1926 <title render="italic">Forum</title>, and a DVD of a 2007 reading of Alyea&apos;s poetry and short stories.</p>
         Originally was mention that a "preliminary inventory" was available in the library somewhere? MVC 5-21-18 -->
      <controlaccess>
         <head>Indexing Terms</head>
         <controlaccess>
            <head>Names</head>
            <list>
               <item>
                  <extref xlink:href="https://iucat.iu.edu/?utf8=%E2%9C%93&amp;search_field=subject&amp;q=alyea+dorothy+c+(dorothy+collins)+1898-1974{su}">
                     <persname encodinganalog="600" role="subject" source="lcnaf">Alyea, Dorothy C. (Dorothy Collins), 1898-1974</persname>
                  </extref>
               </item>
            </list>
         </controlaccess>
      </controlaccess>
      
      <descgrp>
         <head>Administrative Information</head>
         <acqinfo encodinganalog="541">
            <head>Acquisition Information</head>
            <p>Gift: <date normal="2007/2008" type="acquisition">2007-2008</date></p>
         </acqinfo>
         <userestrict encodinganalog="540"><p></p></userestrict>
         <prefercite encodinganalog="524$a">
            <head>Preferred Citation</head>
            <p>[Item], Alyea mss., Lilly Library,
                                Indiana University, Bloomington, Indiana.</p>
         </prefercite>
      </descgrp>
      
      <dsc>
         <head>Container List</head>
         <c01 level="collection" id="VAD6020-00001">
            <did>
               <unittitle>Alyea mss.</unittitle>
               <physdesc>
                  <extent>1500 items</extent>
                  <extent>(3 boxes)</extent>
               </physdesc>
            </did>
         </c01>
         <!-- Boxes 1 and 2 seem to have been fairly organized, though it's difficult to determine the logic behind them and reflect it in a finding aid container list.  Box 2's pretty straightforward, but across the 3 boxes, the system of organization is not consistent.  Thinking some chronological ordering might have taken place in box 1 (groupings of files like 9a-c), but no dates are clearly labeled.  Gathering that the collection (or this part of it) was assembled by someone intimate with Alyea's work (her son?).  Question on Box 3 as to whether it has been processed and properly accessioned.
            
            Have left container list at bare minimum description for the time being if this is a collection to be revisited and see if maybe items in boxes 2 and 3 can be better paired with contents in box 1. As it's all predominantly her poetry and a manageable number of boxes, think this is a fairly safe measure to pursue at least for now. MVC 5-21-18 -->
      </dsc>
   </archdesc>
</ead>