<?xml version="1.0" encoding="utf-8"?>
<!-- Lilly Library, Indiana University, EAD template, 2003-02-21  -->
<ead xmlns="urn:isbn:1-931666-22-9"
     xmlns:xlink="http://www.w3.org/1999/xlink"
     xmlns:xsi="http://www.w3.org/2001/XMLSchema-instance"
     xsi:schemaLocation="urn:isbn:1-931666-22-9 http://www.loc.gov/ead/ead.xsd"><!-- value of @findaidstatus should be 'originaldraft', 'inprogressdraft', 'editinprogress', or 'editedfulldraft' -->
   <eadheader audience="internal"
              langencoding="iso639-2b"
              scriptencoding="iso15924"
              repositoryencoding="iso15511"
              countryencoding="iso3166-1"
              dateencoding="iso8601"
              findaidstatus="originaldraft"><!-- replace [uniqueid] with collection LMC number -->
      <eadid encodinganalog="identifier"
             identifier="InU-Li-VAA1245"
             countrycode="US"
             mainagencycode="InU-Li">InU-Li-VAA1245</eadid>
      <filedesc><!-- This is a description of the electronic finding aid, not the original finding aid or the collection --><!-- Make title "xxxx mss., yyyy-yyyy"--><!--Make subtitle "Papers, yyyy-yyyy, of [person] at the Lilly Library, Indiana University, Bloomington, Indiana-->
         <titlestmt>
            <titleproper>Cooper mss. II, </titleproper>
            <subtitle>Papers, <date normal="1905/1985" era="ce" calendar="gregorian">ca.
                        1905-1985</date>, of Kent Cooper at the Lilly Library, Indiana University,
                    Bloomington, Indiana</subtitle>
            <author>Electronic finding aid encoded by Beth Benda</author>
         </titlestmt>
         <publicationstmt>
            <publisher>Indiana University Digital Library Program</publisher>
            <date normal="2003" type="publication" era="ce" calendar="gregorian">© 2003</date>
         </publicationstmt>
      </filedesc>
      <profiledesc>
         <creation>XML finding aid derived from HTML version through cutting and pasting. <!--description of how the finding aid was created, for example: XML finding aid derived from
[paper by means of scanning and OCR] [OCR file edited for typographical errors before encoding]
[typescript by rekeying] [word processing program and version number]
[<extref href=""  title="" actuate="onrequest" show="new">HTML collection description</extref>]. --><lb/>[date of source: <lb/>Finding aid encoded by Beth Benda, Lilly Library, Indiana
                University, <date normal="2003-10-28" era="ce" calendar="gregorian">October 28,
                    2003</date>
         </creation>
         <!-- iso three-digit 639-2 value for @langcode can be found at http://www.loc.gov/standards/iso639-2/langcodes.html -->
         <langusage>Description is in <language encodinganalog="language" langcode="eng" scriptcode="Latn">English.</language>
         </langusage>
      </profiledesc>
      <!-- revisiondesc is required -->
      <!-- record when the finding aid is initiated in first 'change' element, with subsequent changes listed below the first, and the final 'change' element indicating date finding aid completed -->
      <revisiondesc>
         <change>
            <date normal="2003-10-28" era="ce" calendar="gregorian">October 28, 2003</date>
            <item>Encoded finding aid begun.</item>
         </change>
         <change>
            <date normal="2003-10-28" era="ce" calendar="gregorian">October 28, 2003</date>
            <item>Encoded finding aid completed.</item>
         </change>
         <change>
            <date normal="2004-09-17" era="ce" calendar="gregorian">September 17, 2004</date>
            <item>LMC number changed from 1240 to 1212.</item>
         </change>
         <change>
            <date normal="2004-09-17" era="ce" calendar="gregorian">September 17, 2004</date>
            <item>EAD id changed from InU-Li-LMC1240 to InU-Li-VAA1245</item>
         </change>
         <change>
            <date normal="2005-10-20" era="ce" calendar="gregorian">October 20, 2005</date>
            <item>File name changed from cooperII to InU-Li-VAA1245</item>
         </change>
         <change>
            <date normal="2007-09-05" era="ce" calendar="gregorian">September 5, 2007</date>
            <item>Unit id label corrected to InU-Li-VAA1245</item>
         </change>
         <change audience="internal">
            <date normal="2017-11-29">November 29, 2017</date>
            <item>Batch update to change subject links.</item>
         </change>
      </revisiondesc>
   </eadheader>
   <!-- the 'frontmatter' element is a wrapper that bundles prefatory text found before the start of the archival description <archdesc>. It focuses on the creation, publication, or use of the finding aid rather than information
about the materials being described. Examples include a title page, preface, dedication, and instructions for
using a finding aid. -->
   <frontmatter audience="external"><!-- information should be included as you would wish it to appear on a titlepage of a printed finding aid -->
      <titlepage>
         <titleproper>Guide to the Cooper mss. II, <date normal="1905/1985" era="ce" calendar="gregorian">ca. 1905-1985</date>
         </titleproper>
         <publisher>Lilly Library, Indiana University, Bloomington, Indiana</publisher>
         <!--it is possible to include graphics using extptr -->
         <p>© 2003 Trustees of Indiana University. All rights reserved.</p>
      </titlepage>
   </frontmatter>
   <archdesc level="collection"
             audience="external"
             type="inventory"
             relatedencoding="marc"><!-- @type value may alternatively be 'bulk' --><!-- use the label attribute for these elements to determine what label is displayed -->
      <did>
         <head>Summary Information</head>
         <repository encodinganalog="850$a" label="Repository" id="lilly">
            <corpname source="lcnaf" normal="Lilly Library (Indiana University, Bloomington)">Lilly Library (Indiana University, Bloomington)</corpname>
            <address>
               <addressline>Indiana University</addressline>
               <addressline>1200 E. Seventh St.</addressline>
               <addressline>Bloomington, IN 47405-5500</addressline>
               <addressline>Phone: 812-855-2452</addressline>
               <addressline>Fax: 812-855-3143</addressline>
               <addressline>Email: liblilly@indiana.edu</addressline>
            </address>
            <lb/>
            <extref xlink:href="http://www.indiana.edu/~liblilly">http://www.indiana.edu/~liblilly</extref>
         </repository>
         <origination label="Creator">
            <persname source="lcnaf" encodinganalog="100$a$d">Cooper, Kent, 1880-1965.
                </persname>
         </origination>
         <unittitle encodinganalog="245$a" label="Title">Cooper mss. II,</unittitle>
         <unitdate normal="1905/1985"
                   type="inclusive"
                   encodinganalog="245$f"
                   era="ce"
                   calendar="gregorian">ca. 1905-1985</unitdate>
         <unitid encodinganalog="099"
                 countrycode="US"
                 repositorycode="US-InU-Li"
                 label="Collection no:">LMC 1212</unitid>
         <physdesc encodinganalog="300$a$f" label="Extent">
            <extent>ca. 2000 items</extent>
            <!-- if both linear feet and number of items included, separate by lb tag -->
         </physdesc>
         <langmaterial label="Language">Materials are in <language langcode="eng" encodinganalog="008/35-37">English.</language>
         </langmaterial>
         <abstract encodinganalog="520$a" label="Abstract">Consists of the papers of Kent Cooper
                and of his wife, Sarah A. Gibbs Cooper, mostly dating from after Kent Cooper's
                death. Most of the collection concerns his work as a journalist, but some of it
                relates to his work as a composer. </abstract>
      </did>
      <!-- required; 'descgrp' element replaces admininfo element in 2002 DTD -->
      <descgrp>
         <head>Administrative Information</head>
         <accessrestrict encodinganalog="506$a">
            <head>Access Restrictions</head>
            <p>This collection is open for research.</p>
         </accessrestrict>
         <acqinfo encodinganalog="541">
            <head>Acquisition Information</head>
            <p>Gift, 1994.</p>
         </acqinfo>
         <userestrict encodinganalog="540">
            <head>Usage Restrictions</head>
            <p>Prior arrangements are not necessary before coming to the Library, however,
                    patrons from out of town are encouraged to communicate with the Library in
                    advance of their visits to ascertain availability of materials.</p>
            <p>Photocopying permitted only with permission of the Curator of Manuscripts, Lilly
                    Library.</p>
         </userestrict>
         <prefercite encodinganalog="524$a">
            <head>Preferred Citation</head>
            <p>[Item], Cooper mss. II, Lilly Library, Indiana University, Bloomington,
                    Indiana.</p>
         </prefercite>
         <bioghist encodinganalog="545">
            <head>Biographical Note</head>
            <p>Kent Cooper, 1880-1965, was a journalist and Associated Press executive.</p>
         </bioghist>
      </descgrp>
      <!-- required for collection level; optional for lower levels -->
      <scopecontent encodinganalog="520$a$b">
         <head>Scope and Content Note</head>
         <p>Consist of the papers of journalist and Associated Press executive, Kent Cooper,
                1880-1965. Most of the collection concerns his work as a journalist, but some of it
                relates to his work as a composer. There are also papers of his wife, Sarah (Sally)
                A. Gibbs Cooper, mostly dating after Kent's death. </p>
      </scopecontent>
      <arrangement encodinganalog="351$x">
         <head>Arrangement/Organization</head>
         <p>Organized into the following series: I. Correspondence; II. Music; III. Writings; IV.
                Photographs; V. Miscellaneous; VI. Audio tapes; and VII. Scrapbooks.</p>
      </arrangement>
      <controlaccess>
         <head>Indexing Terms</head>
         <p>The following terms have been used to index the description of this collection in
                    <extref xlink:href="http://www.iucat.iu.edu">IUCAT</extref>, the IU Libraries'
                online catalog. Materials about related topics, persons or places can be found by
                searching the catalog using these terms. </p>
         <controlaccess>
            <head>Names</head>
            <list>
               <item>
                  <extref xlink:href="https://iucat.iu.edu/?q=&#34;cooper+kent+1880+1965&#34;&amp;search_field=subject_link">
                     <persname source="lcnaf" encodinganalog="100$a$d">Cooper, Kent, 1880-1965.
                        </persname>
                  </extref>
               </item>
               <item>
                  <extref xlink:href="https://iucat.iu.edu/?q=&#34;cooper+kent+1880+1965+correspondence&#34;&amp;search_field=subject_link">
                     <persname encodinganalog="600$a" source="lcnaf" role="subject"> Cooper,
                            Kent, 1880-1965 --Correspondence. </persname>
                  </extref>
               </item>
               <item>
                  <extref xlink:href="https://iucat.iu.edu/?q=&#34;cooper+sarah+a&#34;&amp;search_field=subject_link">
                     <persname encodinganalog="700$a" source="lcnaf"> Cooper, Sarah A.
                        </persname>
                  </extref>
               </item>
            </list>
         </controlaccess>
         <controlaccess>
            <head>Topics</head>
            <list>
               <item>
                  <extref xlink:href="https://iucat.iu.edu/?q=&#34;journalists+correspondence&#34;&amp;search_field=subject_link">
                     <subject encodinganalog="650$a" source="lcsh"> Journalists --Correspondence.
                        </subject>
                  </extref>
               </item>
               <item>
                  <extref xlink:href="https://iucat.iu.edu/?q=&#34;associated+press&#34;&amp;search_field=subject_link">
                     <subject encodinganalog="650$a" source="lcsh"> Associated Press. </subject>
                  </extref>
               </item>
            </list>
         </controlaccess>
      </controlaccess>
      <dsc type="combined">
         <c01 level="series">
            <did>
               <container type="box" label="Box">1</container>
               <unittitle>Correspondence, </unittitle>
            </did>
            <scopecontent>
               <p>Organized into two sections: 1. Correspondence with colleagues, family and
                        friends and arranged in alphabetical order. Replies by Kent and Sally Cooper
                        are filed with the person with whom they were corresponding. </p>
               <p> 2. Condolence letters written to Sally upon Kent's death. These are also
                        arranged alphabetically and are mostly photocopies.</p>
            </scopecontent>
            <c02 level="file">
               <did>
                  <unittitle>List of Correspondents</unittitle>
                  <note>
                     <list>
                        <item>
                           <persname>Aaron, Joseph </persname>
                        </item>
                        <item>
                           <persname>Abernethy, C.J.</persname>
                        </item>
                        <item>
                           <persname>Adams, Hampton, 1897-1965</persname>
                        </item>
                        <item>
                           <persname>Alderman, Robert G.</persname>
                        </item>
                        <item>
                           <persname>Armstrong, Stanley</persname>
                        </item>
                        <item>
                           <persname>Arue, Sigrid</persname>
                        </item>
                        <item>
                           <persname>Aylesworth, Merlin Hall, 1886-1952</persname>
                        </item>
                        <item>
                           <persname>Ball, Edward D.</persname>
                        </item>
                        <item>
                           <persname>Barker, M.E.</persname>
                        </item>
                        <item>
                           <persname>Barnett, Stanley Pugh, 1892-1969</persname>
                        </item>
                        <item>
                           <persname>Barnwell, James H.</persname>
                        </item>
                        <item>
                           <persname>Barrett, Edward W. (Edward Ware), 1910-1989</persname>
                        </item>
                        <item>
                           <persname>Bartley, Edward Ross, 1892-1969</persname>
                        </item>
                        <item>
                           <persname>Barton, Bruce, 1886-1967</persname>
                        </item>
                        <item>
                           <persname>Bayh, Birch Evans, 1928- </persname>
                        </item>
                        <item>
                           <persname>Beebe, George, 1910-</persname>
                        </item>
                        <item>
                           <persname>Bell, Alberta (Harris)(Mrs. Brian Bell)</persname>
                        </item>
                        <item>
                           <persname>Bellamy, Pat</persname>
                        </item>
                        <item>
                           <persname>Bender, Ursula</persname>
                        </item>
                        <item>
                           <persname>Beranek, Barbara A., 1927-</persname>
                        </item>
                        <item>
                           <persname>Bernays, Edward L., 1891-1995</persname>
                        </item>
                        <item>
                           <persname>Bickel, Karl August, 1882-1972</persname>
                        </item>
                        <item>
                           <persname>Biddle, Francis, 1886-1968</persname>
                        </item>
                        <item>
                           <persname>Bingham, Barry, 1906-1988</persname>
                        </item>
                        <item>
                           <persname>Blackman, Samuel Garrison, 1904-</persname>
                        </item>
                        <item>
                           <persname>Born, Gerald</persname>
                        </item>
                        <item>
                           <persname>Boyle, Hal, 1911-1974</persname>
                        </item>
                        <item>
                           <persname>Boyle, Ted</persname>
                        </item>
                        <item>
                           <persname>Bradley, Norman</persname>
                        </item>
                        <item>
                           <persname>Branigen, Roger Douglas, 1902-1975</persname>
                        </item>
                        <item>
                           <persname>Brito, Manoel Francisco do Nascimento</persname>
                        </item>
                        <item>
                           <persname>Brown, Betty</persname>
                        </item>
                        <item>
                           <persname>Brown, James Wright, 1873-1959</persname>
                        </item>
                        <item>
                           <persname>Brown, Robert N.</persname>
                        </item>
                        <item>
                           <persname>Brown, Robert Uting, 1912-</persname>
                        </item>
                        <item>
                           <persname>Brown, Trevor R.</persname>
                        </item>
                        <item>
                           <persname>Brown, Walter T.</persname>
                        </item>
                        <item>
                           <persname>Buell, Hal</persname>
                        </item>
                        <item>
                           <persname>Bunzlová, Alice see: Swinton, Stanley</persname>
                        </item>
                        <item>
                           <persname>Burke, Genevieve</persname>
                        </item>
                        <item>
                           <persname>Butler, William F.</persname>
                        </item>
                        <item>
                           <persname>Byrd, Cecil Kash, 1913- </persname>
                        </item>
                        <item>
                           <persname>Byrd, Harry Flood, 1914-</persname>
                        </item>
                        <item>
                           <persname>Byrd, Richard Evelyn, 1888-1957</persname>
                        </item>
                        <item>
                           <persname>Byrd, Richard Evelyn, -1988</persname>
                        </item>
                        <item>
                           <persname>Caldwell, William F.</persname>
                        </item>
                        <item>
                           <persname>Campbell, Chesser, 1897-1960</persname>
                        </item>
                        <item>
                           <persname>Cannon, William C.</persname>
                        </item>
                        <item>
                           <persname>Carney, Ted</persname>
                        </item>
                        <item>
                           <persname>Carpenter, Francis Warner, 1907-</persname>
                        </item>
                        <item>
                           <persname>Carter, W.F.</persname>
                        </item>
                        <item>
                           <persname>Catledge, Turner, 1901-1983</persname>
                        </item>
                        <item>
                           <persname>Cerf, Bennett Alfred, 1898-1971</persname>
                        </item>
                        <item>
                           <persname>Chandler, Dorothy, 1901-1997</persname>
                        </item>
                        <item>
                           <persname>Chandler, Norman, 1899-1973</persname>
                        </item>
                        <item>
                           <persname>Choate, Robert</persname>
                        </item>
                        <item>
                           <persname>Clark, Thomas Dionysius, 1903-</persname>
                        </item>
                        <item>
                           <persname>Cochrane, Paul</persname>
                        </item>
                        <item>
                           <persname>Cole, Walton</persname>
                        </item>
                        <item>
                           <persname>Collins, Dorothy (Craig), 1912- </persname>
                        </item>
                        <item>
                           <persname>Conner, David</persname>
                        </item>
                        <item>
                           <persname>Connor, Mary Logan</persname>
                        </item>
                        <item>
                           <persname>Cope, Margaret W. (Kilgore)</persname>
                        </item>
                        <item>
                           <persname>Cope, Millard Louis, 1905-1964</persname>
                        </item>
                        <item>
                           <persname>Cosgrave, John O'Hara, 1908-1968</persname>
                        </item>
                        <item>
                           <persname>Cowles, John, 1898-1983</persname>
                        </item>
                        <item>
                           <persname>Crane, Frank Harrison, 1912-</persname>
                        </item>
                        <item>
                           <persname>Crooks, Alec C.</persname>
                        </item>
                        <item>
                           <persname>Crooks, John</persname>
                        </item>
                        <item>
                           <persname>Crouse, Russel, 1893-1966</persname>
                        </item>
                        <item>
                           <persname>Crowley, Marguerite A.</persname>
                        </item>
                        <item>
                           <persname>Curtis, Josiah Montgomery, 1905-1982</persname>
                        </item>
                        <item>
                           <persname>Curtis, L.F.</persname>
                        </item>
                        <item>
                           <persname>DeLuce, Daniel, 1911-</persname>
                        </item>
                        <item>
                           <persname>Desfor, Irving, 1907-</persname>
                        </item>
                        <item>
                           <persname>Diehl, Chandler</persname>
                        </item>
                        <item>
                           <persname>Dopking, Al</persname>
                        </item>
                        <item>
                           <persname>Douglass, Cy</persname>
                        </item>
                        <item>
                           <persname>Dumas, Lady Daisy</persname>
                        </item>
                        <item>
                           <persname>Dumas, Lloyd, Sir, 1891-1973</persname>
                        </item>
                        <item>
                           <persname>Edlund, Paul Erik, 1922- </persname>
                        </item>
                        <item>
                           <persname>Einhorn, Nathan R., 1923-1982</persname>
                        </item>
                        <item>
                           <persname>Ethridge, Mark Foster, 1896-1981</persname>
                        </item>
                        <item>
                           <persname>Eunson, Robert, 1912-1975</persname>
                        </item>
                        <item>
                           <persname>Evans, John</persname>
                        </item>
                        <item>
                           <persname>Fanning, Kay</persname>
                        </item>
                        <item>
                           <persname>Fanning, Perry</persname>
                        </item>
                        <item>
                           <persname>Farrar, John Chipman, 1896-1974</persname>
                        </item>
                        <item>
                           <persname>Fell, Charles Albert, 1889-1969</persname>
                        </item>
                        <item>
                           <persname>Fennell, W. Frank</persname>
                        </item>
                        <item>
                           <persname>Field, Katherine W.</persname>
                        </item>
                        <item>
                           <persname>Field, Marshal, 1916-1965</persname>
                        </item>
                        <item>
                           <persname>Finucane, Bernard Emmet, 1889-</persname>
                        </item>
                        <item>
                           <persname>Fisher, Geoffrey Francis, Abp. of Canterbury,
                                        1887-1972</persname>
                        </item>
                        <item>
                           <persname>Fitzgerald, Harold Alvin, 1896-</persname>
                        </item>
                        <item>
                           <persname>Folliard, Edward T. (Edward Thomas), b.1899</persname>
                        </item>
                        <item>
                           <persname>Foreman, Jacque see: Houston Harte</persname>
                        </item>
                        <item>
                           <persname>Forrest, Wilbur Studley, 1887-1977</persname>
                        </item>
                        <item>
                           <persname>French, A. Harry, 1881-</persname>
                        </item>
                        <item>
                           <persname>Friendly, Alfred, 1911-1983</persname>
                        </item>
                        <item>
                           <persname>Friendly, Edwin Samson, 1884-1970</persname>
                        </item>
                        <item>
                           <persname>Frohlich, Richard F.</persname>
                        </item>
                        <item>
                           <persname>Fukuoka, Saeko </persname>
                        </item>
                        <item>
                           <persname>Fukuoka, Seiichi</persname>
                        </item>
                        <item>
                           <persname>Fuller, Frank H.</persname>
                        </item>
                        <item>
                           <persname>Fyfe, Jeanne?</persname>
                        </item>
                        <item>
                           <persname>Galbraith, Dallas E.W.</persname>
                        </item>
                        <item>
                           <persname>Gallagher, Wesley, 1911-</persname>
                        </item>
                        <item>
                           <persname>Gannett, Frank Ernest, 1876-1957</persname>
                        </item>
                        <item>
                           <persname>Gaylord, Edward King, 1873-1974 </persname>
                        </item>
                        <item>
                           <persname>Gerhard, Harry</persname>
                        </item>
                        <item>
                           <persname>Goldberg, Abe Isaac, 1904-1973</persname>
                        </item>
                        <item>
                           <persname>Gottlieb, Howard B.</persname>
                        </item>
                        <item>
                           <persname>Gould, Alan J.</persname>
                        </item>
                        <item>
                           <persname>Graham, Katharine, 1917-</persname>
                        </item>
                        <item>
                           <persname>Graham, Philip L., 1915-1963</persname>
                        </item>
                        <item>
                           <persname>Gramling, Oliver, 1904-1992</persname>
                        </item>
                        <item>
                           <persname>Haley, Sir William John, 1901- </persname>
                        </item>
                        <item>
                           <persname>Haley, Edith Susie (Gibbons)</persname>
                        </item>
                        <item>
                           <persname>Haley, Susan see: Haley, Edith Susie
                                        (Gibbons)</persname>
                        </item>
                        <item>
                           <persname>Hansell, Paul</persname>
                        </item>
                        <item>
                           <persname>Hansen, Harry, 1884-1977</persname>
                        </item>
                        <item>
                           <persname>Harte, Houston, 1893-1975</persname>
                        </item>
                        <item>
                           <persname>Harte, Isabel</persname>
                        </item>
                        <item>
                           <persname>Harwell, Coleman A. (Coleman Alexander),
                                        1905-</persname>
                        </item>
                        <item>
                           <persname>Hathaway, Rhoda Terry</persname>
                        </item>
                        <item>
                           <persname>Hathaway, Russell</persname>
                        </item>
                        <item>
                           <persname>Healy, George William, 1905-1980</persname>
                        </item>
                        <item>
                           <persname>Healy, Patty K.</persname>
                        </item>
                        <item>
                           <persname>Heiskell, John Netherland, 1872-1972</persname>
                        </item>
                        <item>
                           <persname>Henderson, Edwin F., 1891?-</persname>
                        </item>
                        <item>
                           <persname>Heppe, Ralph H.</persname>
                        </item>
                        <item>
                           <persname>Herdman, J.E.L.</persname>
                        </item>
                        <item>
                           <persname>Hill, I. William (Isaac William), 1908-</persname>
                        </item>
                        <item>
                           <persname>Hill, Raymond R.</persname>
                        </item>
                        <item>
                           <persname>Hopkins, A.S.</persname>
                        </item>
                        <item>
                           <persname>Horne, Josh L., 1887-1974</persname>
                        </item>
                        <item>
                           <persname>Horton, William</persname>
                        </item>
                        <item>
                           <persname>Howard, Margaret (Rohe)</persname>
                        </item>
                        <item>
                           <persname>Howard, Nathaniel R.</persname>
                        </item>
                        <item>
                           <persname>Howard, Roy Wilson, 1883-1964</persname>
                        </item>
                        <item>
                           <persname>Hults, William S.</persname>
                        </item>
                        <item>
                           <persname>Irwin, Joseph E.</persname>
                        </item>
                        <item>
                           <persname>Iwama, Hiroko</persname>
                        </item>
                        <item>
                           <persname>Iwamoto, Hiroshi</persname>
                        </item>
                        <item>
                           <persname>Iwamoto, Jun</persname>
                        </item>
                        <item>
                           <persname>Iwamoto, Ken</persname>
                        </item>
                        <item>
                           <persname>Iwamoto, Kiyoshi, 1904-1976</persname>
                        </item>
                        <item>
                           <persname>Iwamoto, Fumi see Iwamoto, Kiyoshi </persname>
                        </item>
                        <item>
                           <persname>Iwamoto, Reiko</persname>
                        </item>
                        <item>
                           <persname>Iwanaga, Shinkichi, 1911-</persname>
                        </item>
                        <item>
                           <persname>James, Hubert</persname>
                        </item>
                        <item>
                           <persname>James, Kay</persname>
                        </item>
                        <item>
                           <persname>Jamison, John C.</persname>
                        </item>
                        <item>
                           <persname>Johnston, Cora S.</persname>
                        </item>
                        <item>
                           <persname>Jones, Vincent Starbuck, 1906-</persname>
                        </item>
                        <item>
                           <persname>Jorzick, Elizabeth</persname>
                        </item>
                        <item>
                           <persname>Kaiser, C.F.</persname>
                        </item>
                        <item>
                           <persname>Kato, Masuo</persname>
                        </item>
                        <item>
                           <persname>Keary, Hubbard, 1902-</persname>
                        </item>
                        <item>
                           <persname>Keech, Virgina R.</persname>
                        </item>
                        <item>
                           <persname>Kemp, Edward</persname>
                        </item>
                        <item>
                           <persname>King, Frank H.</persname>
                        </item>
                        <item>
                           <persname>King, Olga</persname>
                        </item>
                        <item>
                           <persname>Kirkland, Weymouth, 1877-1965</persname>
                        </item>
                        <item>
                           <persname>Knight, John Shively, 1894-1981</persname>
                        </item>
                        <item>
                           <persname>Kramp, Louis J., 1912?-1965</persname>
                        </item>
                        <item>
                           <persname>La Hue, Evelyn M.</persname>
                        </item>
                        <item>
                           <persname>Lavalle, Paul, 1908-</persname>
                        </item>
                        <item>
                           <persname>Lee, Paul K.</persname>
                        </item>
                        <item>
                           <persname>Leslie, L.U.</persname>
                        </item>
                        <item>
                           <persname>Lindsay, Edward</persname>
                        </item>
                        <item>
                           <persname>Lloyd, John</persname>
                        </item>
                        <item>
                           <persname>Lochner, Louis Paul, 1887-1975</persname>
                        </item>
                        <item>
                           <persname>Long, Laura</persname>
                        </item>
                        <item>
                           <persname>Loomis, Robert D.</persname>
                        </item>
                        <item>
                           <persname>Lowe, H.A.</persname>
                        </item>
                        <item>
                           <persname>Lowensohn, Naoma see Roy Wilson Howard</persname>
                        </item>
                        <item>
                           <persname>Luscombe, George E.</persname>
                        </item>
                        <item>
                           <persname>Lyle, Charles H.</persname>
                        </item>
                        <item>
                           <persname>McCormick, Maryland Mathison Hooper</persname>
                        </item>
                        <item>
                           <persname>McCormick, Robert Rutherford, 1880-1955</persname>
                        </item>
                        <item>
                           <persname>MacDonald, Kenneth, 1905-</persname>
                        </item>
                        <item>
                           <persname>McKelway, Benjamin M. (Benjamin Mosby),
                                        1895-1976</persname>
                        </item>
                        <item>
                           <persname>MacKenzie, Dewitt, 1865-1962</persname>
                        </item>
                        <item>
                           <persname>MacKenzie, Marjorie</persname>
                        </item>
                        <item>
                           <persname>McKnight, Felix R.</persname>
                        </item>
                        <item>
                           <persname>McLean, Robert, 1891-1980</persname>
                        </item>
                        <item>
                           <persname>McMurray, Richard</persname>
                        </item>
                        <item>
                           <persname>Mahoney, John Thomas, 1905-1981</persname>
                        </item>
                        <item>
                           <persname>Maloney, J. Loy (James Loy), 1891-1976</persname>
                        </item>
                        <item>
                           <persname>Marshall, Robert J.</persname>
                        </item>
                        <item>
                           <persname>Martel, Elmer P.</persname>
                        </item>
                        <item>
                           <persname>Mason, H.R.</persname>
                        </item>
                        <item>
                           <persname>Mathews, William Rankin, 1893-</persname>
                        </item>
                        <item>
                           <persname>Maxwell, Don</persname>
                        </item>
                        <item>
                           <persname>Meltzer, Howard</persname>
                        </item>
                        <item>
                           <persname>Meyer, Eugene F., 1875-1959</persname>
                        </item>
                        <item>
                           <persname>Miller, Joseph R.</persname>
                        </item>
                        <item>
                           <persname>Miller, Kenper</persname>
                        </item>
                        <item>
                           <persname>Miller, Louise (Johnson)</persname>
                        </item>
                        <item>
                           <persname>Miller, Paul, 1906-</persname>
                        </item>
                        <item>
                           <persname>Miller, Victor H., 1874-</persname>
                        </item>
                        <item>
                           <persname>Montgomery, Harry Thomas, 1909-</persname>
                        </item>
                        <item>
                           <persname>Moynihan, Arthur</persname>
                        </item>
                        <item>
                           <persname>Nicholas, James E.</persname>
                        </item>
                        <item>
                           <persname>Nixon, Alton Jones</persname>
                        </item>
                        <item>
                           <persname>Nixon, Kent Cooper</persname>
                        </item>
                        <item>
                           <persname>Noyes, Frank Brett, 1863-1948</persname>
                        </item>
                        <item>
                           <persname>Noyes, Beatrice Spencer Baldwin (Mrs. Newbold
                                        Noyes)</persname>
                        </item>
                        <item>
                           <persname>Nussbaum, Max Ehrlich, 1907-</persname>
                        </item>
                        <item>
                           <persname>O'Brien, James Michael, 1934-</persname>
                        </item>
                        <item>
                           <persname>Ochs, Adolph Simon, 1858-1935</persname>
                        </item>
                        <item>
                           <persname>Ogden, Michael Joseph, 1911-</persname>
                        </item>
                        <item>
                           <persname>O'Halloran, C.</persname>
                        </item>
                        <item>
                           <persname>Oishi, Haruko</persname>
                        </item>
                        <item>
                           <persname>Oishi, Masumitsu</persname>
                        </item>
                        <item>
                           <persname>O'Neil, Tom</persname>
                        </item>
                        <item>
                           <persname>Oppengard, M.M.</persname>
                        </item>
                        <item>
                           <persname>O'Regan, Richard Arthur, 1919-</persname>
                        </item>
                        <item>
                           <persname>Paine, Vera</persname>
                        </item>
                        <item>
                           <persname>Parsons, Frank L.</persname>
                        </item>
                        <item>
                           <persname>Perkes, Daniel</persname>
                        </item>
                        <item>
                           <persname>Perry, John H., Jr.</persname>
                        </item>
                        <item>
                           <persname>Pfadt, John M.</persname>
                        </item>
                        <item>
                           <persname>Phillippi, Wendell C.</persname>
                        </item>
                        <item>
                           <persname>Pope, James S.</persname>
                        </item>
                        <item>
                           <persname>Pulliam, Eugene Collins, 1889-1974</persname>
                        </item>
                        <item>
                           <persname>Pulliam, Nina, 1906-</persname>
                        </item>
                        <item>
                           <persname>Purcell, Gillis</persname>
                        </item>
                        <item>
                           <persname>Quarrier, John C.</persname>
                        </item>
                        <item>
                           <persname>Quigley, Fred</persname>
                        </item>
                        <item>
                           <persname>Rand, Rowland</persname>
                        </item>
                        <item>
                           <persname>Randall, David Anton, 1905-1975</persname>
                        </item>
                        <item>
                           <persname>Record, James Robert, 1885-1973</persname>
                        </item>
                        <item>
                           <persname>Reese, Marguerite J.</persname>
                        </item>
                        <item>
                           <persname>Reeves, Charlotte</persname>
                        </item>
                        <item>
                           <persname>Reeves, George C.</persname>
                        </item>
                        <item>
                           <persname>Reeves, Jane</persname>
                        </item>
                        <item>
                           <persname>Richardson, Bill</persname>
                        </item>
                        <item>
                           <persname>Rickel, E.L.</persname>
                        </item>
                        <item>
                           <persname>Ridder, Agnes (Kennedy)</persname>
                        </item>
                        <item>
                           <persname>Ridder, Bernard Herman, 1883-1975</persname>
                        </item>
                        <item>
                           <persname>Ridder, Bernard Herman, 1916-</persname>
                        </item>
                        <item>
                           <persname>Ridder, Joseph Edward, 1886-1966</persname>
                        </item>
                        <item>
                           <persname>Roberts, George McK., 1886?-</persname>
                        </item>
                        <item>
                           <persname>Roberts, Roy A. (Roy Allison), 1887-1967</persname>
                        </item>
                        <item>
                           <persname>Roderick, John</persname>
                        </item>
                        <item>
                           <persname>Rothermere, Vere Harold Edmond Harmsworth, viscount,
                                        1925-</persname>
                        </item>
                        <item>
                           <persname>Rotter, Saul D.</persname>
                        </item>
                        <item>
                           <persname>Runyon, John William, 1887-1967</persname>
                        </item>
                        <item>
                           <persname>Russell, Rosslyn</persname>
                        </item>
                        <item>
                           <persname>Ryan, John William, 1929-</persname>
                        </item>
                        <item>
                           <persname>Sammons, Wheeler, 1899-1956</persname>
                        </item>
                        <item>
                           <persname>Sarnoff, David, 1891-1971</persname>
                        </item>
                        <item>
                           <persname>Sheen, Marjorie</persname>
                        </item>
                        <item>
                           <persname>Simons, Dolph C. (Dolph Collins), 1904-1989</persname>
                        </item>
                        <item>
                           <persname>Simpson, Kirke Larue, 1881-1972</persname>
                        </item>
                        <item>
                           <persname>Sims, Watson</persname>
                        </item>
                        <item>
                           <persname>Smith, Charles Stephenson, 1877-1964</persname>
                        </item>
                        <item>
                           <persname>Smith, E.W.</persname>
                        </item>
                        <item>
                           <persname>Smith, Stanford, 1919-</persname>
                        </item>
                        <item>
                           <persname>Spangler, Raymond L.</persname>
                        </item>
                        <item>
                           <persname>Speidel, Merritt Charles, 1879-1960</persname>
                        </item>
                        <item>
                           <persname>Spencer, Murlin Bertrand, 1908-</persname>
                        </item>
                        <item>
                           <persname>Stahr, Elvis Jacob, 1916- </persname>
                        </item>
                        <item>
                           <persname>Stanley, Edward</persname>
                        </item>
                        <item>
                           <persname>Stanley, Oscar M.</persname>
                        </item>
                        <item>
                           <persname>Starzel, Frank Joseph, 1904?-</persname>
                        </item>
                        <item>
                           <persname>Staton, Y.A.</persname>
                        </item>
                        <item>
                           <persname>Stemple, John Emmert, 1903-1982</persname>
                        </item>
                        <item>
                           <persname>Stratton, Lloyd, 1895-1961</persname>
                        </item>
                        <item>
                           <persname>Straus, Roger W.</persname>
                        </item>
                        <item>
                           <persname>Stuart, Jim</persname>
                        </item>
                        <item>
                           <persname>Sulzburger, Arthur Hays, 1891-1968</persname>
                        </item>
                        <item>
                           <persname>Swinton, Stanley M. (Stanley Mitchell),
                                        1919-1982</persname>
                        </item>
                        <item>
                           <persname>Sykes, Jill</persname>
                        </item>
                        <item>
                           <persname>Sykes, Josephine (Mrs. Hale Pledge Sykes)</persname>
                        </item>
                        <item>
                           <persname>Tarplee, Marge</persname>
                        </item>
                        <item>
                           <persname>Taylor, Mary Elizabeth Plummer, 1906-</persname>
                        </item>
                        <item>
                           <persname>Taylor, Davis</persname>
                        </item>
                        <item>
                           <persname>Thompson, Arthur S.</persname>
                        </item>
                        <item>
                           <persname>Tomlinson, James Francis, 1925-</persname>
                        </item>
                        <item>
                           <persname>Trammel, Niles, 1894-1973</persname>
                        </item>
                        <item>
                           <persname>Tunney, Gene, 1897-1978</persname>
                        </item>
                        <item>
                           <persname>Turnblad, Harold</persname>
                        </item>
                        <item>
                           <persname>Turner, George W.</persname>
                        </item>
                        <item>
                           <persname>Underwood, Sallie H.</persname>
                        </item>
                        <item>
                           <persname>Vail, Richard</persname>
                        </item>
                        <item>
                           <persname>Vinicky, Joseph J.</persname>
                        </item>
                        <item>
                           <persname>Waldrop, Frank C.</persname>
                        </item>
                        <item>
                           <persname>Walpole, Doris G. Hoyt</persname>
                        </item>
                        <item>
                           <persname>Watkins, Charles D., 1886-1962</persname>
                        </item>
                        <item>
                           <persname>Weil, Louis A., 1878-1959</persname>
                        </item>
                        <item>
                           <persname>Wells, Herman B, 1902- </persname>
                        </item>
                        <item>
                           <persname>Welsh, Matthew Empson, 1912-1995</persname>
                        </item>
                        <item>
                           <persname>Wheeler, John Neville, 1886-1973</persname>
                        </item>
                        <item>
                           <persname>White, Marion A.</persname>
                        </item>
                        <item>
                           <persname>Whiteford, R.K.</persname>
                        </item>
                        <item>
                           <persname>Whitehead, Donald Ford, 1908-1981</persname>
                        </item>
                        <item>
                           <persname>Wiley, Louis, 1869-1935</persname>
                        </item>
                        <item>
                           <persname>Williams, Flavia</persname>
                        </item>
                        <item>
                           <persname>Willkie, Edith, 1890-1978</persname>
                        </item>
                        <item>
                           <persname>Willkie, Philip Herman, 1919-1974</persname>
                        </item>
                        <item>
                           <persname>Wilson, Walter A.</persname>
                        </item>
                        <item>
                           <persname>Wolff, Miles H.</persname>
                        </item>
                        <item>
                           <persname>Wood, John Howard, 1901-1988</persname>
                        </item>
                        <item>
                           <persname>Wood, Jennings, 1911-1984</persname>
                        </item>
                        <item>
                           <persname>Wood, Lee B. (Lee Blair), 1893-1982</persname>
                        </item>
                        <item>
                           <persname>Woodruff, Frederick William, 1886-1959</persname>
                        </item>
                        <item>
                           <persname>Woodyard, Mabel see: Eugene Pulliam</persname>
                        </item>
                        <item>
                           <persname>Yale, L. Pat </persname>
                        </item>
                        <item>
                           <persname>Yoakam, Richard D.</persname>
                        </item>
                        <item>
                           <persname>Young, Owen D., 1874-1962</persname>
                        </item>
                        <item>
                           <persname>Zeff, Nathan I.</persname>
                        </item>
                     </list>
                  </note>
               </did>
            </c02>
         </c01>
         <c01 level="series">
            <did>
               <unittitle>Music,</unittitle>
            </did>
            <scopecontent>
               <p>Arranged alphabetically by title of composition and includes correspondence
                        and copyright information related to that title. There is also
                        correspondence with ASCAP (American Society of Composers, Authors and
                        Publishers), 1948-1985, and BMI (Broadc ast Music, Inc.), 1965-1982,
                        concerning Cooper's compositions. One folder of unidentified music and
                        several compositions by other composers completes this section.</p>
            </scopecontent>
            <c02 level="file">
               <did>
                  <container type="box" label="Box">2</container>
                  <unittitle>Compositions:</unittitle>
               </did>
               <c03 level="file">
                  <did>
                     <unittitle>
                        <title render="doublequote">About the Girl</title>
                     </unittitle>
                  </did>
               </c03>
               <c03 level="file">
                  <did>
                     <unittitle>
                        <title render="doublequote">All Hail Smith College</title>
                     </unittitle>
                  </did>
               </c03>
               <c03 level="file">
                  <did>
                     <unittitle>
                        <title render="doublequote">America Needs You </title>
                     </unittitle>
                  </did>
               </c03>
               <c03 level="file">
                  <did>
                     <unittitle>
                        <title render="doublequote">Anna Zenger</title>
                     </unittitle>
                  </did>
               </c03>
               <c03 level="file">
                  <did>
                     <unittitle>
                        <title render="doublequote">Deacon Boody Howdy Do</title>
                     </unittitle>
                  </did>
               </c03>
               <c03 level="file">
                  <did>
                     <unittitle>
                        <title render="doublequote">Dixie Girl</title>
                     </unittitle>
                  </did>
               </c03>
               <c03 level="file">
                  <did>
                     <unittitle>
                        <title render="doublequote">Don't You Want My Heart</title>
                     </unittitle>
                  </did>
               </c03>
               <c03 level="file">
                  <did>
                     <unittitle>
                        <title render="doublequote">Doodlebird </title>
                     </unittitle>
                  </did>
               </c03>
               <c03 level="file">
                  <did>
                     <unittitle>
                        <title render="doublequote">I'll Not Forget</title>
                     </unittitle>
                  </did>
               </c03>
               <c03 level="file">
                  <did>
                     <unittitle>
                        <title render="doublequote">Indiana Forever </title>
                     </unittitle>
                  </did>
               </c03>
               <c03 level="file">
                  <did>
                     <unittitle>
                        <title render="doublequote">June-Time</title>
                     </unittitle>
                  </did>
               </c03>
               <c03 level="file">
                  <did>
                     <unittitle>
                        <title render="doublequote">Love Is</title>
                     </unittitle>
                  </did>
               </c03>
               <c03 level="file">
                  <did>
                     <unittitle>
                        <title render="doublequote">Magic of the Violin</title>
                     </unittitle>
                  </did>
               </c03>
               <c03 level="file">
                  <did>
                     <unittitle>
                        <title render="doublequote">March of the Forty-Eight States</title>
                     </unittitle>
                  </did>
               </c03>
               <c03 level="file">
                  <did>
                     <unittitle>
                        <title render="doublequote">My Village Girl</title>
                     </unittitle>
                  </did>
               </c03>
               <c03 level="file">
                  <did>
                     <unittitle>
                        <title render="doublequote">Overture Lola Montez</title>
                     </unittitle>
                  </did>
               </c03>
               <c03 level="file">
                  <did>
                     <unittitle>
                        <title render="doublequote">Rochester</title>
                     </unittitle>
                  </did>
               </c03>
               <c03 level="file">
                  <did>
                     <unittitle>
                        <title render="doublequote">Song of the Alaska Highway</title>
                     </unittitle>
                  </did>
               </c03>
               <c03 level="file">
                  <did>
                     <unittitle>
                        <title render="doublequote">Sunset</title>
                     </unittitle>
                  </did>
               </c03>
               <c03 level="file">
                  <did>
                     <unittitle>
                        <title render="doublequote">There Came the Day</title>
                     </unittitle>
                  </did>
               </c03>
               <c03 level="file">
                  <did>
                     <unittitle>
                        <title render="doublequote">They'll be Returning</title>
                     </unittitle>
                  </did>
               </c03>
               <c03 level="file">
                  <did>
                     <unittitle>
                        <title render="doublequote">They'll Make Love Our Way</title>
                     </unittitle>
                  </did>
               </c03>
               <c03 level="file">
                  <did>
                     <unittitle>
                        <title render="doublequote">Victory and Mary</title>
                     </unittitle>
                  </did>
               </c03>
               <c03 level="file">
                  <did>
                     <unittitle>
                        <title render="doublequote">Women's Auxiliary Army Corps.</title>
                                (WAC song) </unittitle>
                  </did>
               </c03>
               <c03 level="file">
                  <did>
                     <unittitle>
                        <title render="doublequote">We Want Peace see They'll Make Love Our
                                    Way </title>
                     </unittitle>
                  </did>
               </c03>
               <c03 level="file">
                  <did>
                     <unittitle>
                        <title render="doublequote">What is Time</title>
                     </unittitle>
                  </did>
               </c03>
               <c03 level="file">
                  <did>
                     <unittitle>
                        <title render="doublequote">When Love is the Guide</title>
                     </unittitle>
                  </did>
               </c03>
               <c03 level="file">
                  <did>
                     <unittitle>
                        <title render="doublequote">Yankee Doodle Dixie Dandy</title>
                     </unittitle>
                  </did>
               </c03>
               <c03 level="file">
                  <did>
                     <unittitle>unidentified music</unittitle>
                  </did>
               </c03>
               <c03 level="file">
                  <did>
                     <unittitle>Music by others (printed)</unittitle>
                  </did>
               </c03>
            </c02>
            <c02 level="file">
               <did>
                  <unittitle>ASCAP, <unitdate normal="1948/1985" era="ce" calendar="gregorian">1948-1985</unitdate> (2 folders)</unittitle>
               </did>
            </c02>
            <c02 level="file">
               <did>
                  <unittitle>B.M.I., <unitdate normal="1965/1982" era="ce" calendar="gregorian">1965-1982</unitdate> (1 folder)</unittitle>
               </did>
            </c02>
            <c02 level="file">
               <did>
                  <unittitle>Music by others (printed)</unittitle>
               </did>
               <c03 level="file">
                  <did>
                     <unittitle>
                        <title render="doublequote">'Round My Indiana Home,</title> words by
                                J. Will Callahan, music by Joe Dunn, autographed by
                                Callahan.</unittitle>
                  </did>
               </c03>
               <c03 level="file">
                  <did>
                     <unittitle>
                        <title render="doublequote">Put Me Off at Buffalo,</title> words by
                                Harry Dillon, music by John Dillon</unittitle>
                  </did>
               </c03>
            </c02>
         </c01>
         <c01 level="series">
            <did>
               <unittitle>Writings</unittitle>
            </did>
            <scopecontent>
               <p>Arranged alphabetically by title of work:</p>
            </scopecontent>
            <c02 level="file">
               <did>
                  <container type="box" label="Box">2</container>
                  <unittitle>Addresses before the Associated Press</unittitle>
               </did>
               <c03 level="file">
                  <did>
                     <unittitle>Letter to M. Stone, <title render="doublequote">Have just
                                    re-read this. It was the first gun I fired in written form
                                    against the antiquated agency relationship and is historic
                                    solely for that reason KC; </title>
                        <unitdate normal="1919-09-01" era="ce" calendar="gregorian">Sep 1,
                                    1919.</unitdate>
                     </unittitle>
                  </did>
               </c03>
               <c03 level="file">
                  <did>
                     <unittitle>Memorandum on Agency Contracts, <title render="doublequote">Reread - the second gun in the agency fight, read to Board,
                                    Jan. 1922;</title>
                        <unitdate normal="1920-05-17" era="ce" calendar="gregorian"> May 17,
                                    1920.</unitdate>
                     </unittitle>
                  </did>
               </c03>
               <c03 level="file">
                  <did>
                     <unittitle>
                        <unitdate normal="1922-02-15" era="ce" calendar="gregorian">Feb 15,
                                    1922</unitdate>
                     </unittitle>
                  </did>
               </c03>
               <c03 level="file">
                  <did>
                     <unittitle>
                        <unitdate normal="1925-10" era="ce" calendar="gregorian"> Oct
                                    1925</unitdate>
                     </unittitle>
                  </did>
               </c03>
               <c03 level="file">
                  <did>
                     <unittitle>
                        <unitdate normal="1930-04-21" era="ce" calendar="gregorian"> Apr 21,
                                    1930</unitdate>
                     </unittitle>
                  </did>
               </c03>
               <c03 level="file">
                  <did>
                     <unittitle>
                        <unitdate normal="1935-10" era="ce" calendar="gregorian"> Oct
                                    1935</unitdate>
                     </unittitle>
                  </did>
               </c03>
               <c03 level="file">
                  <did>
                     <unittitle>
                        <unitdate normal="1941-01-08" era="ce" calendar="gregorian"> Jan 8,
                                    1941</unitdate>
                     </unittitle>
                  </did>
               </c03>
               <c03 level="file">
                  <did>
                     <unittitle>
                        <unitdate normal="1941-10-17" era="ce" calendar="gregorian"> Oct 17,
                                    1941</unitdate>
                     </unittitle>
                  </did>
               </c03>
               <c03 level="file">
                  <did>
                     <unittitle>
                        <unitdate normal="1944-10" era="ce" calendar="gregorian"> Oct
                                    1944</unitdate>
                     </unittitle>
                  </did>
               </c03>
               <c03 level="file">
                  <did>
                     <unittitle>
                        <unitdate normal="1962-10-10" era="ce" calendar="gregorian"> Oct 10,
                                    1962</unitdate>
                     </unittitle>
                  </did>
               </c03>
            </c02>
            <c02 level="file">
               <did>
                  <unittitle>
                     <title render="doublequote">Anna Zenger.</title> Contract, list of
                            reviews pasted in [scrapbook]</unittitle>
               </did>
            </c02>
            <c02 level="file">
               <did>
                  <unittitle>
                     <title render="doublequote">Barriers Down.</title> Research
                            materials</unittitle>
               </did>
            </c02>
            <c02 level="file">
               <did>
                  <unittitle>
                     <title render="doublequote">Kent Cooper and the Associated
                                Press.</title> Contract, research materials</unittitle>
               </did>
            </c02>
            <c02 level="file">
               <did>
                  <unittitle>[McCormick, Robert R.]. Articles written by Cooper for Chicago
                            Tribune</unittitle>
               </did>
            </c02>
            <c02 level="file">
               <did>
                  <unittitle>
                     <title render="doublequote">Piracy of News.</title> Article, <unitdate type="inclusive"
                               normal="1961-10-02"
                               era="ce"
                               calendar="gregorian">Oct. 2, 1961</unitdate>
                  </unittitle>
               </did>
            </c02>
            <c02 level="file">
               <did>
                  <unittitle>
                     <title render="doublequote">Port of Destiny.</title> Article condensed
                            from the book Dynamo Jim Stiles: pioneer of progress; the story of a
                            newspaper publisher who built a country and a legend, by Edward Uhlan
                            (New York: Exposition Press, 1959). Foreword only, written by Kent
                            Cooper. </unittitle>
               </did>
            </c02>
            <c02 level="file">
               <did>
                  <unittitle>
                     <title render="doublequote">The Right to Know.</title> Contract
                            only</unittitle>
               </did>
            </c02>
            <c02 level="file">
               <did>
                  <unittitle>Untitled fragments</unittitle>
               </did>
            </c02>
         </c01>
         <c01 level="series">
            <did>
               <container type="box" label="Box">2-3 and Oversize</container>
               <unittitle>Photographs, <unitdate normal="1925/1979" era="ce" calendar="gregorian">1925-1979</unitdate>
               </unittitle>
            </did>
            <scopecontent>
               <p>Arranged by year, the photographs are primarily of board meetings and
                        functions of the Associated Press. There are also some early family
                        photographs, travel pictures, and a group documenting the dedication of the
                        Kent Cooper Room in the Main Library of Indiana University in 1971.</p>
            </scopecontent>
         </c01>
         <c01 level="series">
            <did>
               <container type="box" label="Box">3</container>
               <unittitle>Miscellaneous</unittitle>
            </did>
            <scopecontent>
               <p>Various materials on the following topics: Associated Press; Kent's death,
                        including obituaries and a resolution by the AP upon his death; the sale of
                        the Washington Times-Herald; Kent Cooper Room dedication. Also included are
                        miscellaneous printed pieces and ephemera, including a metal life member
                        card to the Sigma Chi Fraternity and lapel pins for AP, ASCAP, and Sigma
                        Delta Chi</p>
            </scopecontent>
         </c01>
         <c01 level="series">
            <did>
               <container type="box" label="Box">3</container>
               <unittitle>Audio Tapes</unittitle>
            </did>
            <scopecontent>
               <p>Eight reel-to-reel tapes. Includes: four tapes of music mostly composed by
                        Kent, one tape of "Reuter speech" given in London, one tape of Wes
                        Gallagher's speech at Kent Cooper Room dedication (May 16, 1971), two tapes
                        of conversation between Kent, Sally, family and friends</p>
            </scopecontent>
         </c01>
         <c01>
            <did>
               <container type="box" label="Box">3</container>
               <unittitle>Scrapbooks, <unitdate normal="1925/1983" era="ce" calendar="gregorian">1925-1983</unitdate>
               </unittitle>
            </did>
            <scopecontent>
               <p>Fifteen volumes, 1925-1983. Primarily clippings about Cooper and the AP, and
                        some articles written by Cooper</p>
            </scopecontent>
         </c01>
      </dsc>
   </archdesc>
</ead>
