<?xml version="1.0" encoding="utf-8"?>
<!-- Indiana University EAD template draft: 2003-Jan-2, 
    revised 2004-09-15 JLR; 
    revised fall 2006 and spring/summer 2007 JLR w/ EAD Working Group
    added repository code to /ead/archdesc/did/repository/@id, 4/1/09 JLR
-->
<ead xmlns="urn:isbn:1-931666-22-9"
     xmlns:xlink="http://www.w3.org/1999/xlink"
     xmlns:xsi="http://www.w3.org/2001/XMLSchema-instance"
     xsi:schemaLocation="urn:isbn:1-931666-22-9 http://www.loc.gov/ead/ead.xsd">
   <eadheader repositoryencoding="iso15511"
              langencoding="iso639-2b"
              audience="external"
              countryencoding="iso3166-1"
              dateencoding="iso8601"
              scriptencoding="iso15924"
              relatedencoding="dublincore"
              findaidstatus="edited-full-draft">
      <eadid countrycode="US"
             encodinganalog="identifier"
             mainagencycode="InU-Li"
             identifier="InU-Li-VAD1772">InU-Li-VAD1772</eadid>
      <!-- The value of eadid should follow the pattern of archive or library code, and then a 
unique number for the collection, e.g. InU-Li-VAA1234. Put this full identifier both in the identifier attribute and in the value of the eadid element. -->
      <!-- Generate a unique number for the collection at http://www.dlib.indiana.edu/cgi-bin/testtrackedit/filename.pl -->
      <filedesc><!-- This is a description of the electronic finding aid, not the 
original finding aid or the collection --><!-- Make title "The John Doe Papers, 1919-1965" rather than "The 
Papers of John Doe, 1919-1965" to eliminate 
                potential confusion about the meaning of the dates -->
         <titlestmt>
            <titleproper encodinganalog="title">Böll mss. III,<date certainty="circa" normal="1960/1981" type="inclusive">circa 1960-1981</date>
            </titleproper>
         </titlestmt>
         <publicationstmt>
            <publisher encodinganalog="publisher">Indiana University Digital Library
                    Program</publisher>
            <date encodinganalog="date" normal="2014" type="publication">© 2014</date>
         </publicationstmt>
         <notestmt><!-- Change date to date of first publication, change rights statement if other entity claims rights over the finding aid (not the collection)-->
            <note encodinganalog="rights">
               <p>
                  <date normal="2014">© 2014</date> Trustees of Indiana University. All rights
                        reserved.</p>
            </note>
         </notestmt>
      </filedesc>
      <profiledesc>
         <creation>XML finding aid derived from HTML version through cutting and pasting and
                through folder analysis. <date normal="2014" type="source">2014</date>
            <lb/>Finding aid encoded by Tiffany Saulter, Lilly Library, Indiana University,
                    <date normal="2014-02-19">February 19, 2014</date>
         </creation>
         <langusage>Description is in <language encodinganalog="language" langcode="eng">English.</language>
         </langusage>
      </profiledesc>
      <!-- revisiondesc is required -->
      <!-- record when the finding aid is completed in first change element, 
with subsequent changes
listed below the first -->
      <revisiondesc>
         <change audience="internal">
            <date normal="2014-02-19">February 19, 2014</date>
            <item>Encoded finding aid started.</item>
         </change>
         <change audience="internal">
            <date normal="2014-02-19">February 19, 2014</date>
            <item>Encoded finding aid completed.</item>
         </change>
         <change audience="internal">
            <date normal="2017-11-29">November 29, 2017</date>
            <item>Batch update to change subject links.</item>
         </change>
      </revisiondesc>
   </eadheader>
   <archdesc audience="external"
             level="collection"
             type="inventory"
             relatedencoding="marc21"><!-- The TYPE attribute can be used to categorize the finding aid as an inventory, register, or other format. -->
      <did>
         <head>Summary Information</head>
         <repository id="lilly" encodinganalog="852" label="Repository">
            <corpname source="lcnaf" normal="Lilly Library (Indiana University, Bloomington)">Lilly Library (Indiana University, Bloomington)</corpname>
            <address>
               <addressline>Lilly Library</addressline>
               <addressline>Indiana University</addressline>
               <addressline>1200 E. Seventh St.</addressline>
               <addressline>Bloomington, IN 47405-5500</addressline>
               <addressline>Phone: 812-855-2452</addressline>
               <addressline>Fax: 812-855-3143</addressline>
               <addressline>Email: liblilly@indiana.edu</addressline>
            </address>
         </repository>
         <origination label="Creator"><!-- Or <corpname encodinganalog="110">, <meeting encodinganalog="111">, with source="lcnaf" if appropriate -->
            <persname encodinganalog="100" source="lcnaf">Böll, Heinrich</persname>
         </origination>
         <!-- per RLG guidelines recommendation, do not nest unitdate element within
unittitle element -->
         <unittitle encodinganalog="245$a" label="Title">Böll mss. III</unittitle>
         <unitdate encodinganalog="245$f"
                   certainty="circa"
                   normal="1960/1981"
                   type="inclusive">circa 1960-1981</unitdate>
         <!-- do not include separating punctuation between the unit title and the unit
date.  The stylesheets will supply a comma where appropriate. -->
         <!-- unitdate may be repeated if both bulk and inclusive dates are recorded -->
         <!-- record the type of date - bulk or inclusive - in the type attribute. if date is bulk, change encodinganalog to 245$g -->
         <!-- recommended -->
         <unitid encodinganalog="099" label="Collection No.">LMC 2581</unitid>
         <physdesc encodinganalog="300" label="Extent">
            <extent>8 items</extent>
         </physdesc>
         <!-- if both linear feet and number of items included, repeat extent-->
         <!-- if collection includes signinficant non-english material add code to
langmaterial element -->
         <langmaterial encodinganalog="546" label="Language">Materials are in <language langcode="eng">English.</language>
         </langmaterial>
         <abstract encodinganalog="520" label="Abstract">The Böll mss. III, ca. 1960-1981,
                consist of manuscripts and writings of or related to Nobel Prize winning author
                Heinrich Böll.</abstract>
      </did>
      <!-- required even if unrestricted -->
      <accessrestrict encodinganalog="506">
         <head>Access Restrictions</head>
         <p>This collection is open for research.</p>
      </accessrestrict>
      <!-- required; can be short -->
      <bioghist encodinganalog="545">
         <head>Biographical Note</head>
         <p>Böll was a German author and Nobel Prize winner.</p>
      </bioghist>
      <arrangement encodinganalog="351">
         <head>Arrangement</head>
         <p>Arranged alphabetically by title of writings, followed by an alphabetical list of
                translations, adaptations, etc.</p>
      </arrangement>
      <!-- required for collection level; optional for lower levels -->
      <scopecontent encodinganalog="520">
         <head>Scope and Content Note</head>
         <p>All of the items are from the files of Böll's American literary agent Joan
                Daves. The collection includes writings by Böll with corrections and comments by
                him. Also present are translations and adaptations of Böll's works to scripts for
                stage and film.</p>
      </scopecontent>
      <!-- recommended; this information would be included for marc amc record -->
      <!-- should include all personal and corporate names, and subject headings -->
      <controlaccess>
         <head>Indexing Terms</head>
         <controlaccess>
            <head>Names</head>
            <list>
               <item>
                  <extref xlink:href="https://iucat.iu.edu/?q=&#34;böll+heinrich+1917-1985+correspondence&#34;&amp;search_field=subject_link">
                     <persname encodinganalog="600" source="lcnaf">Böll, Heinrich,
                                1917-1985 --Correspondence.</persname>
                  </extref>
               </item>
            </list>
         </controlaccess>
         <controlaccess>
            <head>Topics</head>
            <list>
               <item>
                  <extref xlink:href="https://iucat.iu.edu/?q=&#34;authors+german+correspondence&#34;&amp;search_field=subject_link">
                     <subject encodinganalog="650" source="lcsh">Authors,
                                German--Correspondence.</subject>
                  </extref>
               </item>
            </list>
         </controlaccess>
         <!-- <persname encodinganalog="600" source="lcnaf">[remove source attribute if name does not come from an authority file] </persname> -->
         <!-- <corpname encodinganalog="610" source="lcnaf">[remove source attribute if name does not come from an authority file]</corpname> -->
         <!--  <famname encodinganalog="600" source="lcnaf">[remove source attribute if name does not come from an authority file]</famname> -->
         <!--  <subject encodinganalog="650" source="lcsh"> </subject> -->
         <!--  <occupation encodinganalog="656" source="lcsh"> </occupation> -->
         <!--  <geogname encodinganalog="651" source="aacr2"> </geogname> -->
         <!-- <genreform encodinganalog="655" source="lcsh"> </genreform> -->
         <!-- <function encodinganalog="657" source="lcsh"/> -->
         <!-- <title encodinganalog="630"> </title> -->
      </controlaccess>
      <!-- required, if appropriate -->
      <!-- optional, if applicable -->
      <relatedmaterial encodinganalog="544 1">
         <head>Related Material</head>
         <p>
            <extref xlink:href="http://www.indiana.edu/~liblilly/lilly/mss/index.php?p=boll">Böll
                    mss.</extref> and<extref xlink:href="http://www.indiana.edu/~liblilly/lilly/mss/index.php?p=boll2">Böll
                    mss. II,</extref> also located at the Lilly Library, Indiana University,
                Bloomington, Indiana.</p>
      </relatedmaterial>
      <descgrp>
         <head>Administrative Information</head>
         <!-- include if appropriate -->
         <!-- required -->
         <acqinfo encodinganalog="541">
            <head>Acquisition Information</head>
            <p>Acquired: 2007</p>
         </acqinfo>
         <!-- required even if unrestricted -->
         <userestrict encodinganalog="540">
            <head>Usage Restrictions</head>
            <p>Prior arrangements are not necessary before coming to the Library, however,
                    patrons from out of town are encouraged to communicate with the Library in
                    advance of their visits to ascertain availability of materials.</p>
            <p>Photocopying permitted only with permission of the Curator of Manuscripts, Lilly
                    Library.</p>
         </userestrict>
         <!-- required -->
         <prefercite encodinganalog="524">
            <head>Preferred Citation</head>
            <p>[Item], Böll mss. III, Lilly Library, Indiana University, Bloomington, Indiana.</p>
         </prefercite>
         <!--required by Archives, optional for Lilly -->
         <processinfo encodinganalog="583">
            <head>Processing Information</head>
            <p>Processed by Staff.</p>
            <p>Completed in <date normal="2013">2013</date>
            </p>
         </processinfo>
      </descgrp>
      <dsc type="combined">
         <c01 id="VAD1772-00001" level="otherlevel">
            <did>
               <unittitle>
                  <emph render="bold">Writings:</emph>
               </unittitle>
            </did>
            <c02 id="VAD1772-00002" level="item">
               <did>
                  <unittitle>
                     <title render="doublequote">Die Angst der Deutschen und die Angst
                                vor den Deutschen.</title>
                  </unittitle>
                  <physdesc>9 p.</physdesc>
               </did>
               <scopecontent>
                  <p>Numerous corrections and revisions by the
                        author in ink. First published in German in the <title render="italic">Frankfurter Rundschau,</title>
                     <unitdate normal="1976-08-07">7
                                August 1976,</unitdate> under the title: <title render="doublequote">Die Angst der Deutschen und die Angst vor ihnen</title>
                  </p>
               </scopecontent>
            </c02>
            <c02 id="VAD1772-00003" level="item">
               <did>
                  <unittitle>
                     <title render="doublequote">Einmischung erwünscht.</title>
                            Original sub-title <title render="doublequote">Ein Lamento für
                                Schrifteller in Schwierigkeiten</title> inked out.</unittitle>
                  <physdesc>4 p.</physdesc>
               </did>
               <scopecontent>
                  <p>Numerous
                        corrections and revisions by the author in ink. First published in
                        German in <title render="italic">Dokumente,</title>
                     <unitdate normal="1973-03">March 1973.</unitdate>
                  </p>
               </scopecontent>
            </c02>
            <c02 id="VAD1772-00004" level="item">
               <did>
                  <unittitle>
                     <title render="doublequote">Erinnerung an 1945.</title>
                  </unittitle>
                  <physdesc>9 p.</physdesc>
               </did>
               <scopecontent>
                  <p>Numerous
                        corrections and revisions. Böll's report on and thoughts about the
                        end of WWII and the months immediately following. Apparently
                        unpublished. <unitdate normal="1964-10">Oct.
                            1964.</unitdate>
                  </p>
               </scopecontent>
            </c02>
            <c02 id="VAD1772-00005" level="item">
               <did>
                  <unittitle>
                     <title render="doublequote">Hausfriedensbruch</title> (radio
                                play).</unittitle>
                  <physdesc>75 p.</physdesc>
               </did>
               <scopecontent>
                  <p>8-line note in ink on the title page from Böll to Joan Daves suggesting
                            the play might be something for America, and leaving all foreign rights
                            up to her except for the Italian, where he has a friend who is both his
                            agent there and his translator; also mentions completing a new play.
                            Produced on NDR (North German Radio). <unitdate normal="1969-05-15">May 15,
                                1969.</unitdate>
                  </p>
               </scopecontent>
            </c02>
         </c01>
         <c01 id="VAD1772-00006" level="otherlevel">
            <did>
               <unittitle>
                  <emph render="bold">Translation, adaptations, etc.</emph>
               </unittitle>
            </did>
            <c02 id="VAD1772-00007" level="item">
               <did>
                  <unittitle>
                     <title render="doublequote">After the Deluge.</title> A review of
                                <title render="italic">Absent Without Leave,</title> by Heinrich
                            Böll, published by McGraw-Hill. </unittitle>
                  <physdesc>2 p.</physdesc>
               </did>
            </c02>
            <c02 id="VAD1772-00008" level="item">
               <did>
                  <unittitle>
                     <title render="doublequote">Aus unseren Tagen
                                Introduction.</title>
                  </unittitle>
                  <physdesc>4 p.</physdesc>
               </did>
               <scopecontent>
                  <p>English translation, presumably by Gisela Stein for the English edition
                            Aus unseren Tagen, a German-language reader edited by Gisela Stein. The
                            introduction is about Böll and his writings. The reader was published by
                            Holt, Rinehart and Winston in <unitdate normal="1960">1960.</unitdate>
                  </p>
               </scopecontent>
            </c02>
            <c02 id="VAD1772-00009" level="item">
               <did>
                  <unittitle>
                     <title render="doublequote">The Clown</title> (play
                            script).<unitdate certainty="circa" normal="1965">circa 1965</unitdate>
                  </unittitle>
               </did>
               <scopecontent>
                  <p>Translated by Leila Vennewitz; adapted for the stage by Paul
                        Weisser. In red paper covers. Some typed revisions pasted over script.
                        Apparently unpublished as a play.</p>
               </scopecontent>
            </c02>
            <c02 id="VAD1772-00010" level="item">
               <did>
                  <unittitle>
                     <title render="doublequote">In the Valley of the Thundering Hooves</title> (film script).
                        </unittitle>
                  <physdesc>41 p.</physdesc>
               </did>
               <scopecontent>
                  <p>Translated and adapted from the novella. Final Draft May 1, 1981.</p>
               </scopecontent>
            </c02>
         </c01>
      </dsc>
   </archdesc>
</ead>
