<?xml version="1.0" encoding="UTF-8"?><ead xmlns="urn:isbn:1-931666-22-9" xmlns:xlink="http://www.w3.org/1999/xlink" xmlns:xsi="http://www.w3.org/2001/XMLSchema-instance" xsi:schemaLocation="urn:isbn:1-931666-22-9 http://www.loc.gov/ead/ead.xsd">
   <eadheader countryencoding="iso3166-1" audience="internal" dateencoding="iso8601" scriptencoding="iso15924" findaidstatus="originaldraft" langencoding="iso639-2b" repositoryencoding="iso15511">
      <eadid identifier="InU-Li-VAD6096" encodinganalog="identifier" mainagencycode="InU-Li" countrycode="US">InU-Li-VAD6096</eadid>
      <filedesc>
         <titlestmt>
            <titleproper encodinganalog="title">Blake mss., <date normal="1819/1958">1819-1958</date>
            </titleproper>
            <subtitle>Papers of relating to the Holman family of Aurora, Indiana at the Lilly
               Library, Indiana University, Bloomington, Indiana</subtitle>
            <author encodinganalog="creator">Electronic finding aid encoded by Indiana University
               Libraries.</author>
         </titlestmt>
         <publicationstmt>
            <publisher encodinganalog="publisher">Indiana University Digital Library
               Program</publisher>
            <date normal="2017" encodinganalog="date" type="publication">© 2017</date>
         </publicationstmt>
         <notestmt>
            <note encodinganalog="rights">
               <p>
                  <date normal="2017">© 2017</date> Trustees of Indiana University. All rights
                  reserved.</p>
            </note>
         </notestmt>
      </filedesc>
      <profiledesc>
         <creation>XML finding aid automatically generated from spreadsheet output of database.
            Finding aid encoded by Indiana University Libraries, <date calendar="gregorian" normal="2017-03-10" era="ce">March 10, 2017</date>
            <lb/> Finding aid encoded by Haley Suby, Lilly Library, Indiana University, <date normal="2017-12-06">December 06, 2017</date>
         </creation>
         <langusage>Description is in <language langcode="eng" encodinganalog="language">English.</language>
         </langusage>
      </profiledesc>
      <revisiondesc>
         <change audience="internal">
            <date calendar="gregorian" normal="2017-03-10" era="ce">March 10, 2017</date>
            <item>Encoded finding aid created.</item>
         </change>
         <change audience="internal">
            <date calendar="gregorian" normal="2017-12-06" era="ce">December 06, 2017</date>
            <item>Edits and rearrangement of content into requisite Lilly EAD structure, including
               addition of abstract, bioghist, scopecontent, controlaccess, relatedmaterial, and c01
               levels of container list. Haley Suby.</item>
         </change>
         <change audience="internal">
            <date normal="2018-04-27">April 27, 2018</date>
            <item>Batch update to change subject links.</item>
         </change>
      </revisiondesc>
   </eadheader>
   <archdesc audience="external" level="collection" type="inventory" relatedencoding="marc">
      <did>
         <head>Summary Information</head>
         <repository encodinganalog="852" label="Repository" id="lilly">
            <corpname normal="Lilly Library (Indiana University, Bloomington)" source="lcnaf">Lilly
               Library (Indiana University, Bloomington)</corpname>
            <address>
               <addressline>Indiana University</addressline>
               <addressline>1200 E. Seventh St.</addressline>
               <addressline>Bloomington, IN 47405-5500</addressline>
               <addressline>Phone: 812-855-2452</addressline>
               <addressline>Fax: 812-855-3143</addressline>
               <addressline>Email: liblilly@indiana.edu</addressline>
            </address>
            <lb/>
            <extref xlink:href="http://www.indiana.edu/~liblilly">http://www.indiana.edu/~liblilly</extref>
         </repository>
         <origination label="Creator">
            <famname encodinganalog="600">Holman Family</famname>
         </origination>
         <unittitle encodinganalog="245$a" label="Title">Blake mss.</unittitle>
         <unitdate normal="1819/1958" encodinganalog="245$f" type="inclusive">1819-1958</unitdate>
         <unitid encodinganalog="099" repositorycode="US-InU-Li" countrycode="US" label="Collection No.">LMC 1096</unitid>
         <physdesc encodinganalog="300$a$f" label="Extent">
            <extent>1 ledger, 1 box (49 items)</extent>
         </physdesc>
         <langmaterial encodinganalog="546" label="Language">Materials are in <language langcode="eng">English.</language>
         </langmaterial>
         <abstract encodinganalog="520" label="Abstract">The Blake mss., l8l9-l958, consist of
            letters and documents relating to the Holman family of Aurora, Indiana. The materials
            were collected by Professor Israel George Blake while doing research for <title render="italic">The Holmans of Vereastau</title> (Oxford, Ohio: Mississippi Valley
            Press, 1943). Dr. Blake turned over these items to the Hillforest Historical Foundation
            in Aurora in 1958. The Hillforest Foundation transferred the collection to Lilly
            Library, Indiana University in June 2000.</abstract>
      </did>
      <accessrestrict encodinganalog="506$a">
         <head>Access Restrictions</head>
         <p>This collection is open for research.</p>
      </accessrestrict>
      <bioghist encodinganalog="545">
         <head>Biographical Note</head>
         <p>The Holman Family was homesteaders in Aurora, Indiana. The family lived in the
            historical home Veraestau located in Center Township, Dearborn County, Indiana.</p>
      </bioghist>
      <scopecontent encodinganalog="520">
         <head>Scope and Content Note</head>
         <p>The Blake mss., l8l9-l958, consist of letters and documents relating to the Holman
            family of Aurora, Indiana. The materials were collected by Professor Israel George Blake
            while doing research for <emph render="italic">The Holmans of Vereastau </emph> (Oxford,
            Ohio: Mississippi Valley Press, 1943). Dr. Blake turned over these items to the
            Hillforest Historical Foundation in Aurora in 1958. The Hillforest Foundation
            transferred the collection to Lilly Library, Indiana University in June 2000. </p>
         <p>The earliest Holman item in the collection is a journal of William Steele Holman,
            1822-1897, kept while a student at Franklin College in 1839. Also present is the W.S.
            Holman family Bible purchased in July 1843, in which are recorded family marriages,
            births, and deaths. The last marriage recorded is that of Paul Holman to Estelle Amelia
            Carlton, June 21, 1893; the last birth, Holman Fletcher, March 19, 1885; and the last
            death Alice Maud Holman, June 21, 1874, "aged 10 years, four months and three
            days." Photographs of historic documents relating to Jesse Lynch Holman, 1784-1842,
            of W.S. and Abigail Holman, and of Vereastau, as well as a few news clippings about
            various Holman family members complete the collection. </p>
      </scopecontent>
      <arrangement encodinganalog="351">
         <head>Arrangement</head>
         <p>A copy of the original Hillforest inventory is in the Library and further information on
            the provenance of some items in the collection may be found in the Holman family mss.
            collection in the file of Pauline Holman Parks Wright. </p>
      </arrangement>
      <controlaccess>
         <head>Indexing Terms</head>
         <controlaccess>
            <head>Names</head>
            <list>
               <item>
                  <extref xlink:href="https://iucat.iu.edu/?q=&#34;Holman+Family&#34;&amp;search_field=subject_link">
                     <famname encodinganalog="600" role="subject">Holman Family</famname>
                  </extref>
               </item>
               <item>
                  <extref xlink:href="https://iucat.iu.edu/?q=&#34;Holman+Jesse+Lynch+1784+1842&#34;&amp;search_field=subject_link">
                     <persname encodinganalog="600" role="subject" source="lcnaf">Holman, Jesse
                        Lynch, 1784-1842</persname>
                  </extref>
               </item>
               <item>
                  <extref xlink:href="https://iucat.iu.edu/?q=&#34;Holman+William+Steele+1822+1897&#34;&amp;search_field=subject_link">
                     <persname encodinganalog="600" role="subject" source="lcnaf">Holman, William
                        Steele, 1822-1897</persname>
                  </extref>
               </item>
            </list>
         </controlaccess>
      </controlaccess>
      <relatedmaterial encodinganalog="544 1">
         <head>Related Material</head>
         <p>Some items in the collection may be found in the Holman family mss. collection in the
            file of Pauline Holman Parks Wright, also located at the Lilly Library, Indiana
            University, Bloomington, Indiana. </p>
      </relatedmaterial>
      <descgrp>
         <head>Administrative Information</head>
         <acqinfo encodinganalog="541">
            <head>Acquisition Information</head>
            <p>Acquired: 2000</p>
         </acqinfo>
         <userestrict encodinganalog="540">
            <head>Usage Restrictions</head>
            <p>Prior arrangements are not necessary before coming to the Library, however, patrons
               from out of town are encouraged to communicate with the Library in advance of their
               visits to ascertain availability of materials.</p>
            <p>Photocopying permitted only with permission of the curator.</p>
         </userestrict>
         <prefercite encodinganalog="524$a">
            <head>Preferred Citation</head>
            <p>[Item], Blake mss., Lilly Library, Indiana University, Bloomington, Indiana.</p>
         </prefercite>
      </descgrp>
      <dsc type="combined">
         <c01 level="item" id="VAD6096-00001">
            <did>
               <unittitle>Holman, W.S. Journal, <unitdate type="inclusive" normal="1839/1840">1839-1840</unitdate>
               </unittitle>
            </did>
         </c01>
         <c01 level="item" id="VAD6096-00002">
            <did>
               <container label="Box" type="box">001</container>
               <unittitle>Blake mss.</unittitle>
            </did>
            <c02 level="file" id="VAD6096-00003">
               <did>
                  <unittitle>
                     <unitdate type="inclusive" normal="1819/1958">1819-1958</unitdate>
                  </unittitle>
               </did>
            </c02>
            <c02 level="file" id="VAD6096-00004">
               <did>
                  <unittitle>Clippings</unittitle>
               </did>
            </c02>
            <c02 level="file" id="VAD6096-00005">
               <did>
                  <unittitle>Photographs - Veraestau</unittitle>
               </did>
            </c02>
            <c02 level="file" id="VAD6096-00006">
               <did>
                  <unittitle>Photographs - Holman, W.S. and Abigail</unittitle>
               </did>
            </c02>
            <c02 level="file" id="VAD6096-00007">
               <did>
                  <unittitle>Photogrpahs of documents - Jesse L. Holman</unittitle>
               </did>
            </c02>
            <c02 level="item" id="VAD6096-00008">
               <did>
                  <unittitle>
                     <title render="italic">Memorial Addresses on the Life and Character of
                        William S. Holman, July 8-December 7, 1897</title>
                  </unittitle>
               </did>
            </c02>
            <c02 level="item" id="VAD6096-00009">
               <did>
                  <unittitle>
                     <title render="italic">The Holy Bible Containing Old and New
                        Testament</title>
                  </unittitle>
               </did>
            </c02>
         </c01>
      </dsc>
   </archdesc>
</ead>