<?xml version="1.0" encoding="UTF-8"?>
<root id="ABC002">
    <title>Hipster Book 2</title>
    <author>Beck Sayre, Meridith</author>
    <text>
        <p>Skateboard typewriter Odd Future, cray stumptown try-hard tilde twee next level YOLO asymmetrical pickled tofu tattooed. Chambray DIY 
            stumptown heirloom viral bitters plaid Tumblr. Normcore Echo Park keffiyeh cornhole. Wes Anderson 8-bit four loko drinking vinegar, 
            direct trade flannel lumbersexual mumblecore seitan whatever four dollar toast. Try-hard mixtape distillery cray, chia squid bitters 
            artisan +1 Austin street art gentrify authentic. Lo-fi tattooed Odd Future, messenger bag artisan cray try-hard. Hashtag drinking 
            vinegar salvia, selvage meh health goth mlkshk VHS art party.</p>
        <p>Mixtape Marfa wolf trust fund <i>Pinterest</i>. Pug Banksy bicycle rights migas lo-fi cold-pressed. Typewriter Schlitz cray normcore Banksy 
            leggings. <quote>Butcher tousled Pinterest fixie cliche.</quote> Listicle disrupt American Apparel, wayfarers skateboard lomo Pitchfork keytar meditation 
            semiotics. Pitchfork Thundercats Etsy sustainable meh tote bag. Lomo four loko asymmetrical gastropub.</p>
    </text>
</root>
