<?xml version="1.0" encoding="UTF-8"?>
<root id="ABC005">
    <title>Hipster Book 5</title>
    <author>Cowan, Will</author>
    <text>
        <p>Flexitarian ennui squid, fixie quinoa Kickstarter Pitchfork Helvetica. Disrupt paleo Shoreditch, deep v stumptown jean shorts tofu direct trade raw denim 
            photo booth. IPhone Bushwick raw denim synth McSweeney's, plaid 8-bit ennui flexitarian retro sriracha. Artisan vinyl skateboard selvage, fingerstache 
            fixie stumptown drinking vinegar gastropub. Paleo kitsch Truffaut Banksy, bespoke Portland roof party 8-bit Thundercats PBR&amp;B Carles literally ugh. 
            Chia ethical forage, leggings bespoke narwhal you probably haven't heard of them Vice artisan selvage. Synth retro crucifix aesthetic lomo farm-to-table.</p>
        <ul>
            <li>Bears</li>
            <li>Beets</li>
            <li>Battlestar Galactica</li>
        </ul>
        <p>IPhone bicycle rights plaid next level, craft beer cliche kale chips. Cardigan banjo Neutra salvia sriracha health goth. Slow-carb roof party paleo Bushwick, 
            small batch Tumblr cray pour-over twee. Pop-up cardigan kale chips, meditation hella whatever paleo wayfarers twee bicycle rights yr. Swag cold-pressed 
            hashtag 3 wolf moon put a bird on it asymmetrical, gastropub authentic polaroid master cleanse. Williamsburg tote bag pop-up Odd Future, next level irony 
            tattooed. Polaroid sriracha Portland fingerstache, Intelligentsia XOXO Kickstarter distillery.</p>
    </text>
</root>
