<?xml version="1.0" encoding="UTF-8"?>
<root id="ABC001">
    <title>Hipster Book 1</title>
    <author>Homenda, Nick</author>
    <text>
        <p>Meditation disrupt art party, before they sold out meh Truffaut kitsch biodiesel vinyl flexitarian banh mi Vice stumptown paleo. Fap 
            actually pickled, semiotics XOXO sustainable church-key. Bushwick lumbersexual Portland wolf put a bird on it brunch. 3 wolf moon swag
            polaroid hashtag occupy. Keytar sartorial Kickstarter disrupt bespoke. Selvage pickled Carles Marfa, retro hella trust fund biodiesel you 
            probably haven't heard of them forage street art scenester fap. Distillery occupy selfies banjo.</p>
        <p>Bushwick distillery dreamcatcher post-ironic fanny pack. Fixie Godard Austin Echo Park swag, selvage Truffaut vinyl. Ugh you probably haven't 
            heard of them lomo iPhone. Whatever heirloom distillery, Williamsburg fingerstache tattooed Austin banjo tilde banh mi Etsy pug quinoa. Blue 
            Bottle letterpress banh mi cardigan keffiyeh, dreamcatcher readymade migas mumblecore DIY freegan. Yr Carles church-key, hashtag Godard craft 
            beer pickled Portland brunch actually gluten-free try-hard Helvetica keytar. Dreamcatcher meggings cray cred XOXO.</p>
    </text>
</root>
