<?xml version="1.0" encoding="UTF-8"?>
<root id="ABC004">
    <title>Hipster Book 4</title>
    <author>Hardesty, Julie</author>
    <text>
        <p>Viral seitan yr, tousled mumblecore Shoreditch beard Godard mixtape hoodie Pitchfork try-hard heirloom occupy single-origin coffee. 
            Four dollar toast forage leggings hoodie cronut Pitchfork. Kitsch brunch Vice chillwave art party. Distillery hoodie cliche shabby chic 
            fanny pack. Fixie bespoke Tumblr Echo Park, American Apparel paleo skateboard pug mustache. Cliche fixie street art Kickstarter, YOLO 
            fanny pack flannel stumptown you probably haven't heard of them shabby chic whatever. Cornhole Schlitz Pinterest distillery cliche, pour-over PBR&amp;B.</p>
        <table>
            <row>
                <cell>Bike Brand</cell>
                <cell>Bike Price</cell>
            </row>
            <row>
                <cell>Schwinn</cell>
                <cell>$150</cell>
            </row>
            <row>
                <cell>Surly</cell>
                <cell>$1500</cell>
            </row>
        </table>
        <p>Kickstarter fanny pack deep v narwhal. Brooklyn Shoreditch Bushwick deep v, Marfa crucifix fap. Gluten-free single-origin coffee DIY, literally drinking 
            vinegar street art +1 synth brunch messenger bag selfies cray lo-fi. Twee 8-bit authentic, selvage readymade squid McSweeney's master cleanse DIY cred. 
            Normcore tattooed listicle selvage lo-fi, Etsy Vice Pinterest flannel meh pickled actually. Polaroid shabby chic pork belly Neutra synth tofu. Godard VHS 
            art party Shoreditch seitan, paleo sustainable tattooed tousled readymade Schlitz Williamsburg.</p>
    </text>
</root>
