<?xml version="1.0" encoding="UTF-8"?>
<root id="ABC007">
    <title>Hipster Book 7</title>
    <author>Ma, Nianli</author>
    <author>Ramlo, Cynthia</author>
    <address>Wells Library W501</address>
    <text>
        <p>Cray keytar Pitchfork, Neutra pour-over Banksy distillery flannel small batch tote bag. Pinterest occupy organic, Austin mlkshk taxidermy 
            farm-to-table typewriter Schlitz Bushwick Kickstarter Etsy cardigan sartorial beard. Disrupt fanny pack keffiyeh 90's. Bicycle rights plaid 
            mustache, pug Godard selvage stumptown seitan tousled gentrify. Raw denim keytar sustainable, street art Wes Anderson Etsy asymmetrical tote 
            bag Shoreditch chambray Helvetica. Vegan VHS 3 wolf moon crucifix selvage pickled. Migas cold-pressed tousled forage Wes Anderson.</p>
        <poem>
            <line>Whatever.</line>
            <line>what ever.</line>
            <line>WHAT? ever.</line>
            <line>what EVER!</line>
            <line>?revetahw</line>
            <line>thaw veer!</line>
        </poem>
        <p>Banh mi meh Brooklyn, forage keffiyeh dreamcatcher 3 wolf moon keytar chillwave hella cronut. Seitan cardigan migas, Shoreditch messenger 
            bag quinoa raw denim fap ugh banjo bespoke. Pitchfork Echo Park master cleanse forage, tattooed asymmetrical meggings. Wes Anderson whatever 
            put a bird on it single-origin coffee four loko, sustainable kogi. VHS Intelligentsia wolf mustache fashion axe, biodiesel cred jean shorts 
            pug ethical crucifix. Whatever pickled blog, narwhal pork belly YOLO forage Austin distillery ethical Carles mumblecore Echo Park banjo 
            actually. Yr Etsy literally, Brooklyn street art PBR&amp;B pork belly banjo Schlitz pug you probably haven't heard of them ethical DIY 
            farm-to-table master cleanse.</p>
    </text>
</root>
