<?xml version="1.0" encoding="UTF-8"?>
<root id="ABC006">
    <title>Hipster Book 6</title>
    <author>Dunn, Jon</author>
    <author>Notess, Mark</author>
    <address>Wells Library W501</address>
    <text>
        <p>XOXO disrupt cornhole, occupy lo-fi YOLO heirloom migas meggings. Portland hella polaroid Carles, yr gluten-free fanny pack. Ugh +1 fashion axe, 
            ennui tousled small batch literally brunch post-ironic. Stumptown bicycle rights Williamsburg raw denim, fashion axe VHS banjo authentic Carles. 
            Health goth ugh leggings mixtape jean shorts, YOLO iPhone artisan narwhal chia taxidermy DIY Blue Bottle brunch. Fashion axe scenester gastropub 
            irony. Flannel literally XOXO blog 8-bit, chia jean shorts slow-carb organic artisan DIY master cleanse drinking vinegar.</p>
        <p>Pug pork belly cardigan, before they sold out normcore food truck four loko banjo retro. Squid cred direct trade, artisan cornhole dreamcatcher 
            raw denim viral. Cray freegan selfies ennui. Retro Pitchfork four dollar toast, distillery sartorial deep v raw denim tilde Marfa aesthetic fingerstache 
            small batch occupy you probably haven't heard of them PBR&amp;B. Viral health goth pork belly meh. Jean shorts ugh paleo salvia YOLO small batch pickled 
            drinking vinegar, pop-up four loko viral slow-carb. Keytar tousled pork belly freegan, seitan tattooed forage butcher next level.</p>
    </text>
</root>
