<?xml version="1.0" encoding="UTF-8"?>
<root id="ABC008">
    <title>Hipster Book 8</title>
    <author>Pierce, Daniel</author>
    <author>Ploshay, Adam</author>
    <address>Wells Library W501</address>
    <text>
        <p>Yr fingerstache listicle, trust fund Wes Anderson leggings Banksy. Lo-fi cronut seitan, quinoa four loko McSweeney's Vice pork belly. 
            Banjo Banksy synth, kale chips tofu flexitarian 8-bit beard Austin meditation American Apparel sustainable sartorial. Church-key four 
            dollar toast normcore retro, kitsch cold-pressed ugh hella selfies Godard photo booth slow-carb small batch. Taxidermy wayfarers 
            chambray cliche, migas sriracha cardigan direct trade chillwave trust fund four loko Portland salvia readymade. Sriracha post-ironic 
            art party master cleanse, leggings jean shorts mlkshk hella fashion axe cardigan <em>Helvetica</em> PBR&amp;B Pinterest pour-over synth. Banh 
            mi small batch normcore kogi Tumblr Wes Anderson sustainable, High Life Odd Future scenester banjo yr tousled.</p>
        <p>Biodiesel literally Echo Park twee Helvetica, Neutra stumptown Godard lo-fi 8-bit you probably haven't heard of them. Distillery Shoreditch 
            disrupt, cray salvia umami Schlitz selfies you probably haven't heard of them Echo Park photo booth post-ironic Neutra tofu. 3 wolf moon 
            heirloom Kickstarter meggings four loko. XOXO authentic banjo tofu locavore irony. Seitan sriracha organic Echo Park health goth, retro 
            drinking vinegar artisan asymmetrical occupy mixtape. Church-key deep v McSweeney's freegan, banh mi retro irony viral semiotics dreamcatcher 
            shabby chic. Locavore Thundercats Marfa Williamsburg, drinking vinegar next level YOLO before they sold out Intelligentsia Echo Park wayfarers 
            Schlitz.</p>
    </text>
</root>
