<?xml version="1.0" encoding="UTF-8"?>
<root id="ABC009">
    <title>Hipster Book 9</title>
    <author>Wiggington, Cory</author>
    <author>Welch, Keith</author>
    <address>Wells Library W501</address>
    <text>
        <p>Banjo Shoreditch shabby chic pour-over, raw denim wolf retro butcher small batch bicycle rights. Bespoke cronut mumblecore, flexitarian 
            polaroid lo-fi letterpress Pitchfork iPhone. Flexitarian single-origin coffee before they sold out, cliche try-hard migas chillwave 
            Thundercats Shoreditch High Life 90's. Literally cronut craft beer Kickstarter next level. Tote bag chillwave 3 wolf moon, yr iPhone 
            kitsch hashtag trust fund authentic post-ironic. Biodiesel hella quinoa, wolf pickled chambray fanny pack High Life. Paleo Echo Park 
            cardigan, chambray umami craft beer semiotics pug.</p>
        <p>Ugh cred Shoreditch, keytar pickled scenester next level 90's. Distillery flexitarian church-key artisan, kale chips Intelligentsia put 
            a bird on it vegan single-origin coffee Odd Future blog trust fund <underline>tattooed</underline> Austin hoodie. Salvia literally Bushwick, messenger bag 
            fashion axe 3 wolf moon locavore listicle. Echo Park retro street art aesthetic, freegan asymmetrical yr crucifix viral Schlitz blog 
            drinking vinegar normcore. PBR&amp;B salvia Pitchfork ethical chillwave. 90's Carles Brooklyn, heirloom pork belly normcore Vice Wes 
            Anderson bespoke chambray leggings YOLO 8-bit. Gastropub whatever mustache biodiesel, four dollar toast pickled meditation food truck 
            cliche gentrify keffiyeh fixie tattooed letterpress tousled.</p>
    </text>
</root>
