<?xml version="1.0" encoding="UTF-8"?>
<root id="ABC003">
    <title>Hipster Book 3</title>
    <author>Dalmau, Michelle</author>
    <text>
        <p>Drinking vinegar fixie +1, craft beer Wes Anderson aesthetic taxidermy. Brooklyn ennui Bushwick, swag scenester YOLO XOXO Neutra. Tousled 
            stumptown ethical irony four loko, YOLO blog pour-over 8-bit High Life fap keytar Bushwick salvia. Street art ugh actually plaid fap, tote 
            bag Portland fashion axe. Hella synth Marfa <b>cronut</b> lomo, jean shorts cold-pressed deep v tousled migas normcore. Heirloom fap gentrify, 
            cold-pressed farm-to-table lomo drinking vinegar Etsy Banksy slow-carb retro hella bespoke. Cronut vegan Shoreditch, food truck literally +1 VHS.</p>
        <p>Vice ethical cornhole tousled Bushwick 3 wolf moon, beard salvia raw denim hashtag small batch Godard meditation. Schlitz leggings mixtape 
            wayfarers tattooed, heirloom viral roof party stumptown skateboard Brooklyn lumbersexual quinoa. Squid American Apparel salvia paleo flexitarian 
            art party. Wayfarers shabby chic Echo Park Blue Bottle YOLO. Viral fixie chillwave, hoodie Schlitz typewriter 8-bit fanny pack occupy XOXO trust 
            fund. Normcore before they sold out cliche, drinking vinegar viral sustainable four dollar toast letterpress. Selfies Etsy kale chips chia.</p>
    </text>
</root>
